order_id,order_date,order_time,order_status,sales_channel,customer_id,customer_name,customer_age,gender,customer_segment,customer_type,customer_city,customer_state,customer_country,region,customer_postal_code,payment_method,payment_status,currency,shipping_method,warehouse,delivery_days,estimated_delivery_days,delivery_status,return_status,return_reason,customer_rating,review_sentiment,customer_review,marketing_channel,campaign_name,coupon_code,loyalty_points_earned,loyalty_points_redeemed,quantity,gross_sales,discount_amount,tax_amount,shipping_cost,net_sales,product_cost,profit,profit_margin_percentage,customer_lifetime_value,is_repeat_customer,customer_order_count,gross_sales_normalized,customer_age_scaled,customer_lifetime_value_scaled
ORD-301242,2023-11-06,16:37:47,Completed,Mobile App,CUST-003102,Jasmine Ryan,55,Male,Consumer,Loyal,Lake Williamberg,Texas,USA,South,86040,Digital Wallet,Paid,USD,Standard,WH-003,3.0,3.0,On Time,Not Returned,Not Applicable,3.5,Positive,Satisfied with the purchase.,Direct,Default_Campaign,No Coupon,94,44,5,1350.19,477.89,61.07,12.03,945.4,588.33,345.04,36.5,12459.68,True,11,18.844116232316487,0.6607142857142857,0.41120066230486196
ORD-773460,2025-12-24,01:22:36,Completed,Website,CUST-003124,Scott Chase,26,Male,Premium,Loyal,Kristyport,Baden-Württemberg,Germany,South,62538,Debit Card,Pending,EUR,Economy,WH-005,10.0,10.0,On Time,Not Returned,Not Applicable,3.6,Positive,Good value for money.,Direct,Default_Campaign,No Coupon,201,171,8,3144.64,1456.0600000000002,320.83,9.0,2018.41,2031.88,-22.47000000000001,-1.11,13032.48,True,11,23.90931304919244,0.14285714285714285,0.4301387725737282
ORD-449374,2021-07-05,14:24:21,Completed,Mobile App,CUST-012496,Marc Wheeler,69,Female,Premium,Loyal,Singletonhaven,New York,USA,East,19993,Cash on Delivery,Paid,USD,Express,WH-015,3.0,3.0,On Time,Not Returned,Not Applicable,4.3,Positive,Good product. Works as expected.,YouTube,Unknown Campaign,No Coupon,46,16,5,522.81,97.3,29.79,13.05,468.35,257.73,197.57,42.18,6159.4400000000005,True,6,14.235909647630166,0.9107142857142856,0.20289996425960688
ORD-567636,2023-01-21,07:20:26,Completed,Social Media,CUST-023928,Jennifer Smith,65,Male,Consumer,Loyal,Wigginsstad,North Carolina,USA,South,66329,Debit Card,Paid,USD,Express,WH-010,2.0,2.0,On Time,Not Returned,Not Applicable,3.5,Positive,Satisfied with the purchase.,Email Marketing,Unknown Campaign,No Coupon,54,10,2,544.62,53.34,34.39,20.85,546.52,277.84000000000003,247.83,45.35,5638.3,True,7,14.414010914382283,0.8392857142857142,0.18566985464801997
ORD-820028,2022-05-13,09:46:21,Completed,Social Media,CUST-012730,Jessica Wang,34,Female,Consumer,Loyal,New Michaelton,Gujarat,India,West,77306,Digital Wallet,Paid,INR,Standard,WH-013,6.0,5.0,Delayed,Not Returned,Not Applicable,3.0,Neutral,Mixed feelings about this purchase.,Direct,Unknown Campaign,No Coupon,278,147,6,2474.52,133.63,421.35,23.03,2785.27,1231.88,1530.36,54.94,13240.1,True,8,22.37019977955025,0.2857142857142857,0.43700317629932534
ORD-208728,2021-02-10,10:05:47,Pending,Website,CUST-021468,Dominique Odom,41,Female,Consumer,Returning,Morrisonfort,Alberta,Canada,Central,4206,Credit Card,Paid,CAD,Standard,WH-018,,,Cancelled,Not Returned,Not Applicable,,,,Organic Search,Default_Campaign,No Coupon,0,0,9,3203.94,273.91,380.9,64.31,3375.24,1808.61,1502.32,44.51,5615.09,True,3,24.032964939345103,0.4107142857142857,0.18490247765894804
ORD-686230,2021-05-03,02:55:44,Completed,Mobile App,CUST-023734,Julian Marshall,61,Female,Consumer,Loyal,Brianville,Texas,USA,South,62032,Credit Card,Paid,USD,Economy,WH-006,9.0,5.0,Delayed,Not Returned,Not Applicable,3.3,Neutral,Average product. Could be better.,Direct,Unknown Campaign,No Coupon,169,57,9,1661.14,139.07999999999998,106.54,63.27,1691.87,757.67,870.9300000000001,51.48,4903.53,True,4,19.994566622881482,0.7678571428571428,0.16137663662732357
ORD-480470,2022-10-13,21:19:50,Completed,Mobile App,CUST-020081,Michael Prince,43,Female,VIP,Loyal,Dominguezbury,New York,USA,East,1670,PayPal,Paid,USD,Standard,WH-003,5.0,5.0,On Time,Not Returned,Not Applicable,4.1,Positive,Met my expectations. Would recommend.,Direct,Default_Campaign,No Coupon,239,121,8,2516.69,300.57,155.13000000000002,22.33,2393.58,1413.53,957.72,40.01,13336.37,True,7,22.475913407755943,0.4464285714285714,0.4401860880932914
ORD-417329,2022-12-06,17:22:52,Completed,Mobile App,CUST-011921,Gary Higgins,22,Female,Consumer,Loyal,Lake Mary,Quebec,Canada,East,21471,Credit Card,Paid,CAD,Same Day,WH-018,0.0,0.0,On Time,Not Returned,Not Applicable,3.4,Neutral,Not what I expected but it's okay.,Referral,Friend_Invite,No Coupon,64,6,2,573.3,31.69,70.41,28.32,640.34,333.26,278.76,43.53,17555.66,True,10,14.640083257611934,0.07142857142857145,0.5796857027516796
ORD-961581,2023-09-19,18:38:32,Completed,Mobile App,CUST-016600,Patricia Gay,36,Female,Consumer,Loyal,Lake Cheyenneton,Pennsylvania,USA,East,85250,Credit Card,Paid,USD,Standard,WH-018,7.0,7.0,On Time,Not Returned,Not Applicable,3.5,Positive,Satisfied with the purchase.,Direct,Default_Campaign,No Coupon,309,287,3,3069.11,188.66,201.63,12.55,3094.63,1926.28,1155.8,37.35,16153.6,True,7,23.749206525757607,0.3214285714285714,0.5333303136393076
ORD-560607,2024-03-15,18:20:55,Completed,Mobile App,CUST-021779,Christie Sharp,45,Female,Consumer,Loyal,Markmouth,Hesse,Germany,Central,5130,Cash on Delivery,Paid,EUR,Express,WH-017,1.0,1.0,On Time,Not Returned,Not Applicable,3.8,Positive,Satisfied with the purchase.,Google Ads,Google_Shopping,SAVE31,137,91,4,1280.98,142.26,216.36,24.450000000000003,1379.53,622.1,732.98,53.13,9967.83,True,8,18.560822156787964,0.4821428571428571,0.3288142620369247
ORD-145098,2022-08-25,10:30:17,Completed,Website,CUST-013168,Austin Romero,24,Female,Business,Loyal,Lisaside,Illinois,USA,Central,96897,Buy Now Pay Later,Pending,USD,Express,WH-009,1.0,1.0,On Time,Not Returned,Not Applicable,3.3,Neutral,Quality could be improved.,Referral,Unknown Campaign,No Coupon,61,35,5,585.08,34.0,38.58,27.2,616.86,275.62,314.04,50.91,5224.83,True,5,14.730435339362321,0.10714285714285715,0.17199956754454904
ORD-163733,2024-03-03,04:27:09,Completed,Mobile App,CUST-002075,Donald Leon,45,Female,Consumer,Loyal,Sancheztown,England,UK,North,30263,Cash on Delivery,Paid,GBP,Standard,WH-003,8.0,4.0,Delayed,Not Returned,Not Applicable,3.1,Neutral,Not what I expected but it's okay.,Google Ads,Unknown Campaign,No Coupon,48,39,7,409.2,32.44,75.36,34.36,486.48,141.79,310.33000000000004,63.79,6776.54,True,5,13.203247920986836,0.4821428571428571,0.22330273633872239
ORD-825133,2022-09-04,22:09:12,Completed,Website,CUST-018476,Amy Garcia,51,Male,Premium,Loyal,New Andreaberg,Georgia,USA,South,41621,Debit Card,Paid,USD,Standard,WH-001,1.0,3.0,Early,Not Returned,Not Applicable,3.6,Positive,Met my expectations. Would recommend.,Email Marketing,Unknown Campaign,No Coupon,55,50,3,606.01,87.91,36.27,4.0600000000000005,558.4300000000001,269.97,284.4,50.93,15697.320000000002,True,9,14.887588596537507,0.5892857142857143,0.5182446276171738
ORD-475363,2024-07-05,19:49:42,Cancelled,Mobile App,CUST-012765,Brent Huber,19,Female,VIP,Loyal,Cruzton,Hesse,Germany,Central,4926,Debit Card,Failed,EUR,Express,WH-003,,,Cancelled,Not Returned,Not Applicable,,,,Organic Search,Default_Campaign,No Coupon,0,0,1,163.03,0.0,30.98,9.63,203.64,57.53,136.48,67.02,7177.23,True,7,9.81361865834463,0.01785714285714285,0.23655048669422524
ORD-968844,2022-10-20,21:59:35,Completed,Website,CUST-001436,Gabrielle Valencia,39,Female,VIP,Loyal,Bobbybury,Wales,UK,West,8471,PayPal,Paid,GBP,Express,WH-016,2.0,2.0,On Time,Not Returned,Not Applicable,3.6,Positive,Decent quality for the price.,Referral,Unknown Campaign,No Coupon,382,268,9,3537.1400000000003,373.88,632.64,28.860000000000003,3824.76,2112.48,1683.42,44.01,18864.08,True,8,24.696915440417254,0.375,0.6229451340330868
ORD-810046,2021-01-04,02:13:38,Completed,Mobile App,CUST-000109,Kyle Baker,68,Male,Premium,Loyal,North Ericport,Michigan,USA,Central,92868,Credit Card,Paid,USD,Economy,WH-003,5.0,5.0,On Time,Not Returned,Not Applicable,3.4,Neutral,Product has some issues but it works.,Direct,Default_Campaign,No Coupon,24,18,3,256.04,43.12,14.91,12.88,240.71,97.62,130.20999999999998,54.09,3549.11,True,6,11.385044217936201,0.8928571428571428,0.11659633755197815
ORD-498913,2025-03-24,19:38:47,Completed,Website,CUST-022079,Benjamin Johnson,48,Female,Premium,Loyal,Christopherfurt,Victoria,Australia,South,34444,Cash on Delivery,Paid,AUD,Standard,WH-008,8.0,6.0,Delayed,Not Returned,Not Applicable,3.7,Positive,"Product is okay, nothing special but works.",Facebook Ads,Unknown Campaign,No Coupon,281,189,13,3083.32,581.9499999999999,250.14,64.33,2815.84,1637.9,1113.61,39.55,13698.42,True,11,23.77955712005368,0.5357142857142857,0.45215630950188607
ORD-652783,2024-12-09,04:27:49,Completed,Website,CUST-000860,John Murphy,46,Female,Consumer,Loyal,Port Kimberly,Texas,USA,South,60048,Debit Card,Paid,USD,Economy,WH-017,11.0,7.0,Delayed,Not Returned,Not Applicable,2.7,Neutral,Mixed feelings about this purchase.,YouTube,Default_Campaign,No Coupon,449,347,14,5821.2,1649.6799999999998,292.01,33.9,4497.43,3585.05,878.48,19.53,7602.09,True,4,28.284478414934174,0.5,0.25059735388841264
ORD-537228,2025-04-26,11:19:10,Completed,Social Media,CUST-012835,Timothy Zimmerman,67,Male,VIP,Loyal,Katrinaville,Bavaria,Germany,South,58907,Debit Card,Paid,EUR,Express,WH-004,2.0,2.0,On Time,Not Returned,Not Applicable,3.6,Positive,Satisfied with the purchase.,Facebook Ads,FB_Dynamic,No Coupon,14,9,1,114.1,1.13,21.46,9.7,144.13,46.07,88.36,61.31,2645.53,True,6,8.683786985282785,0.875,0.08672186535096174
ORD-491026,2023-10-20,19:08:40,Completed,Website,CUST-020053,Kimberly Conner,41,Female,Consumer,Loyal,Williamshaven,Illinois,USA,Central,64966,Digital Wallet,Paid,USD,Express,WH-014,1.0,1.0,On Time,Not Returned,Not Applicable,3.8,Positive,Met my expectations. Would recommend.,Organic Search,Default_Campaign,No Coupon,76,75,4,727.02,46.35,47.66,35.92,764.25,361.5,366.83,48.0,4981.77,True,4,15.722652891623516,0.4107142857142857,0.16396343437075256
ORD-114657,2024-02-10,02:37:56,Completed,Website,CUST-016281,Robert Ellis,28,Male,Consumer,Loyal,Willisland,Illinois,USA,Central,79017,Debit Card,Paid,USD,Economy,WH-002,7.0,7.0,On Time,Not Returned,Not Applicable,3.6,Positive,Decent quality for the price.,Organic Search,Unknown Campaign,SAVE15,37,10,2,361.41,32.5,23.03,28.0,379.94,177.6,174.34,45.89,7817.92,True,8,12.70203699325239,0.1785714285714286,0.25773319945288437
ORD-137773,2024-12-07,14:29:34,Completed,Website,CUST-009486,Kelsey Luna,61,Male,Consumer,Loyal,South Vincentborough,England,UK,North,87574,Credit Card,Paid,GBP,Express,WH-018,3.0,3.0,On Time,Not Returned,Not Applicable,4.2,Positive,Decent quality for the price.,Facebook Ads,FB_Retargeting,SAVE31,81,7,11,815.34,154.01,132.26,20.07,813.6600000000001,382.49,411.1,50.52,9164.05,True,6,16.26712089192901,0.7678571428571428,0.3022394117018874
ORD-697815,2024-07-26,16:41:51,Completed,Mobile App,CUST-013085,Joseph Williams,47,Male,Consumer,Loyal,Davidmouth,Michigan,USA,Central,79871,Credit Card,Paid,USD,Express,WH-010,1.0,1.0,On Time,Not Returned,Not Applicable,3.8,Positive,"Product is okay, nothing special but works.",Organic Search,Unknown Campaign,No Coupon,428,288,8,4621.96,662.67,277.15,50.47,4286.91,2621.4,1615.04,37.67,9930.95,True,6,26.57110410421759,0.5178571428571428,0.32759492281430636
ORD-669665,2021-05-08,21:06:08,Completed,Website,CUST-015380,Amanda Dean,63,Male,Business,Loyal,New Connor,Wales,UK,West,45273,Bank Transfer,Paid,GBP,Economy,WH-010,10.0,10.0,On Time,Not Returned,Not Applicable,3.8,Positive,Good value for money.,Email Marketing,Unknown Campaign,No Coupon,49,15,2,491.48,78.76,82.54,3.03,498.29,257.78,237.48,47.66,4026.24,True,4,13.96983518443579,0.8035714285714286,0.13237137343288624
ORD-694188,2025-08-16,13:09:17,Cancelled,Website,CUST-012511,James Pineda,51,Female,Consumer,Loyal,Port Erikborough,Northern Ireland,UK,West,94860,Cash on Delivery,Failed,GBP,Standard,WH-003,,,Cancelled,Not Returned,Not Applicable,,,,Organic Search,Unknown Campaign,No Coupon,0,0,7,1353.95,0.0,270.79,32.32,1657.06,660.08,964.66,58.22,5088.82,True,7,18.859185544335897,0.5892857142857143,0.16750275822599367
ORD-501684,2022-04-08,05:02:45,Returned,Mobile App,CUST-023552,Wayne Wilson,40,Male,Consumer,Loyal,Port Tiffany,Texas,USA,South,631,Debit Card,Refunded,USD,Standard,WH-008,,,Cancelled,Returned,Wrong Product,,,,Organic Search,Unknown Campaign,SAVE30,0,0,9,2313.39,0.0,161.94,37.87,2513.2,1276.96,1198.37,47.68,10220.21,True,6,21.95310543084778,0.3928571428571428,0.3371585362507104
ORD-674275,2023-02-08,18:19:46,Completed,Mobile App,CUST-003566,Robert Kennedy,41,Male,VIP,Loyal,Angelbury,Michigan,USA,Central,55978,Credit Card,Paid,USD,Standard,WH-006,4.0,4.0,On Time,Not Returned,Not Applicable,4.3,Positive,Met my expectations. Would recommend.,YouTube,Unknown Campaign,No Coupon,113,52,11,1321.77,273.07,73.41999999999999,17.39,1139.51,682.6,439.52,38.57,4643.37,True,5,18.729163033730053,0.4107142857142857,0.1527751373823022
ORD-431368,2022-09-25,05:58:39,Completed,Mobile App,CUST-022261,Jacob Bowers,52,Male,VIP,Loyal,Carolynchester,Victoria,Australia,South,47715,Credit Card,Paid,AUD,Standard,WH-010,7.0,7.0,On Time,Not Returned,Not Applicable,3.6,Positive,Good value for money.,Direct,Default_Campaign,No Coupon,314,147,7,4045.04,1200.59,284.44,18.08,3146.97,2164.86,964.03,30.63,12014.74,True,7,25.622283246713394,0.6071428571428571,0.39648990325627714
ORD-324410,2022-02-25,16:56:09,Completed,Mobile App,CUST-010810,Jacob Clay,72,Female,Consumer,Loyal,Sonyaborough,England,UK,North,86053,Credit Card,Paid,GBP,Same Day,WH-001,0.0,0.0,On Time,Not Returned,Not Applicable,4.0,Positive,Decent quality for the price.,Email Marketing,Unknown Campaign,No Coupon,91,36,8,786.12,62.31999999999999,144.76999999999998,44.36,912.93,318.61,549.96,60.24,10908.86,True,8,16.09221585733304,0.9642857142857142,0.35992691899626694
ORD-392190,2025-02-02,23:30:35,Completed,Website,CUST-007860,Rachael Gray,46,Male,Premium,Returning,Stephanieville,Michigan,USA,Central,38989,Debit Card,Paid,USD,Economy,WH-017,5.0,6.0,Early,Not Returned,Not Applicable,3.7,Positive,Good value for money.,Email Marketing,Weekly_Newsletter,No Coupon,89,89,4,868.28,39.74,58.0,6.94,893.48,468.37,418.17,46.8,3912.230000000001,True,3,16.572145785953847,0.5,0.1286019356679536
ORD-316037,2022-11-03,08:15:25,Completed,Mobile App,CUST-001827,Hannah Perry,32,Female,Consumer,Loyal,Bennettborough,Dubai,UAE,South,64492,Debit Card,Paid,AED,Same Day,WH-004,1.0,1.0,On Time,Not Returned,Not Applicable,3.8,Positive,Decent quality for the price.,TikTok,Default_Campaign,No Coupon,343,229,9,5522.4,2303.05,160.97,56.45,3436.7699999999995,3073.7700000000004,306.55,8.92,9237.31,True,6,27.884903876043627,0.25,0.3046615589754509
ORD-952369,2023-08-19,20:40:47,Completed,Website,CUST-017250,Jonathon Castro,37,Male,VIP,Loyal,East Ashleyfurt,Ohio,USA,Central,32998,Credit Card,Pending,USD,Economy,WH-002,5.0,5.0,On Time,Not Returned,Not Applicable,4.9,Positive,Excellent customer service and amazing product.,Google Ads,Google_Shopping,No Coupon,108,7,6,1211.52,208.04,70.24000000000001,16.06,1089.78,494.75,578.97,53.13,14283.19,True,9,18.264466072308675,0.3392857142857143,0.4714901760206098
ORD-826759,2021-06-08,22:34:43,Completed,Website,CUST-020995,Troy Simmons,26,Male,Consumer,Loyal,Lake Micheleborough,North Rhine,Germany,West,95391,PayPal,Paid,EUR,Same Day,WH-008,1.0,1.0,On Time,Not Returned,Not Applicable,3.9,Positive,Met my expectations. Would recommend.,Organic Search,Default_Campaign,SAVE45,142,59,2,1378.14,197.51,224.32,19.92,1424.87,880.64,524.31,36.8,11784.69,True,7,18.955375536373637,0.14285714285714285,0.3888839111694184
ORD-169466,2025-03-30,15:25:30,Completed,Website,CUST-010999,Courtney Ball,18,Male,Consumer,Loyal,Davidchester,Florida,USA,South,54829,PayPal,Paid,USD,Express,WH-006,3.0,3.0,On Time,Not Returned,Not Applicable,3.5,Positive,"Product is okay, nothing special but works.",Facebook Ads,FB_Retargeting,SAVE34,39,31,4,398.18,46.33,24.64,23.39,399.88,200.0,176.49,44.14,11058.03,True,8,13.091816384931926,0.0,0.36485882875326203
ORD-618866,2025-09-11,07:43:28,Completed,Mobile App,CUST-013463,Brandon Bailey,20,Female,VIP,Loyal,Campbellshire,Lower Saxony,Germany,North,86507,Digital Wallet,Paid,EUR,Standard,WH-009,3.0,3.0,On Time,Not Returned,Not Applicable,4.0,Positive,Satisfied with the purchase.,Referral,Unknown Campaign,No Coupon,57,26,6,610.2900000000001,128.41,91.56,3.1000000000000005,576.5400000000001,227.06000000000003,346.38,60.08,4180.87,True,5,14.919211731582088,0.0357142857142857,0.13748380358455314
ORD-571423,2022-01-15,11:28:45,Completed,Website,CUST-024093,Jacqueline Sanders,56,Male,Premium,Loyal,Chloeland,Florida,USA,South,32785,Digital Wallet,Paid,USD,Economy,WH-015,5.0,5.0,On Time,Not Returned,Not Applicable,4.5,Positive,Absolutely love this product! Exceeded all expectations.,Referral,Unknown Campaign,No Coupon,83,68,4,889.3,117.93,53.99,13.27,838.6300000000001,400.29,425.07,50.69,8436.64,True,9,16.689313168634108,0.6785714285714286,0.2781895325282212
ORD-396890,2022-01-21,16:00:12,Completed,Mobile App,CUST-024695,Candice Hodge,53,Female,Premium,Loyal,Derrickville,Maharashtra,India,West,36992,Cash on Delivery,Paid,INR,Standard,WH-007,6.0,7.0,Early,Not Returned,Not Applicable,3.4,Neutral,Product has some issues but it works.,Google Ads,Unknown Campaign,No Coupon,88,74,3,760.29,6.57,135.67,0.5499999999999998,889.94,451.86,437.53,49.16,11112.45,True,8,15.933408065136549,0.625,0.36665808147817774
ORD-617570,2023-10-24,18:18:55,Completed,Social Media,CUST-011892,David Taylor,45,Male,Premium,Loyal,North Rachelville,Ohio,USA,Central,64714,Credit Card,Paid,USD,Economy,WH-003,12.0,9.0,Delayed,Not Returned,Not Applicable,3.0,Neutral,Average product. Could be better.,Instagram,Unknown Campaign,No Coupon,80,35,5,769.11,24.19,52.14,3.71,800.77,393.46,403.6,50.4,8255.86,True,5,15.988093233181933,0.4821428571428571,0.27221252209804375
ORD-674930,2022-07-05,14:44:25,Returned,Marketplace,CUST-000114,Nathan Mccoy,70,Female,Consumer,Loyal,New Brendaland,Texas,USA,South,3358,Debit Card,Refunded,USD,Express,WH-014,,,Cancelled,Returned,Defective Product,,,,Facebook Ads,Unknown Campaign,SAVE27,0,0,6,1343.96,0.0,94.07,49.95,1487.98,783.0,655.03,44.02,6534.35,True,7,18.819076793706,0.9285714285714286,0.21529536740363733
ORD-210462,2023-06-10,04:29:54,Completed,Website,CUST-001303,Cody Lang,43,Male,Consumer,Loyal,Joshuastad,Northern Ireland,UK,West,52974,Debit Card,Paid,GBP,Express,WH-006,4.0,1.0,Delayed,Not Returned,Not Applicable,2.8,Neutral,Average product. Could be better.,Instagram,Unknown Campaign,No Coupon,175,32,10,1695.44,272.7,284.55,52.43,1759.7199999999998,961.15,746.1400000000001,42.4,6063.919999999999,True,5,20.11107159726873,0.4464285714285714,0.19974184922315064
ORD-189761,2025-11-15,02:02:35,Completed,Website,CUST-015898,Tricia Arias,18,Female,Consumer,Loyal,Mcgeeview,Uttar Pradesh,India,North,25181,Credit Card,Paid,INR,Economy,WH-011,8.0,8.0,On Time,Not Returned,Not Applicable,3.5,Positive,Good product. Works as expected.,Organic Search,Unknown Campaign,No Coupon,32,21,1,356.3,79.73,49.78,2.32,328.67,197.41,128.94,39.23,13401.92,True,11,12.64549403390483,0.0,0.44235332469965344
ORD-326146,2025-11-30,20:09:56,Returned,Website,CUST-013864,April Bowers,35,Non-Binary,VIP,Loyal,South Kim,Manitoba,Canada,Central,5004,PayPal,Refunded,CAD,Standard,WH-013,,,Cancelled,Returned,Size Issue,,,,Facebook Ads,Unknown Campaign,No Coupon,0,0,3,981.55,0.0,127.6,12.22,1121.37,510.13,599.02,53.42,9416.02,True,10,17.17976739340227,0.3035714285714286,0.31057013035490116
ORD-375003,2021-12-27,10:53:14,Pending,Mobile App,CUST-002257,William Choi,26,Male,Consumer,Loyal,Port Jeremiahville,Texas,USA,South,48784,Credit Card,Failed,USD,Standard,WH-016,,,Cancelled,Not Returned,Not Applicable,,,,Email Marketing,Abandoned_Cart,SAVE41,0,0,8,916.44,359.07,39.02,12.5,608.8900000000001,418.8,177.59,29.17,11585.91,True,7,16.837497993003552,0.14285714285714285,0.3823117785590042
ORD-969431,2021-04-11,07:05:41,Completed,Mobile App,CUST-006129,Nicole Vasquez,42,Female,Consumer,Loyal,Carrillomouth,Scotland,UK,North,60294,PayPal,Paid,GBP,Standard,WH-009,3.0,3.0,On Time,Not Returned,Not Applicable,4.0,Positive,Satisfied with the purchase.,Instagram,Insta_Stories,No Coupon,20,19,2,207.06,36.1,34.19,4.82,209.97,72.72,132.43,63.07,17539.55,True,12,10.625164199873973,0.4285714285714286,0.5791530684003677
ORD-509719,2023-04-23,21:47:13,Completed,Website,CUST-021906,Alexis West,60,Male,Consumer,Loyal,West Alyssatown,Manitoba,Canada,Central,5103,Credit Card,Paid,CAD,Standard,WH-009,7.0,3.0,Delayed,Not Returned,Not Applicable,4.2,Positive,"Product is okay, nothing special but works.",Direct,Unknown Campaign,No Coupon,147,50,4,1384.4,104.68,166.36,32.78,1478.86,656.5300000000001,789.5500000000001,53.39,7068.91,True,10,18.980057284225076,0.75,0.23296917366293404
ORD-295130,2024-12-14,04:56:32,Completed,Social Media,CUST-017823,Christina Johnson,57,Male,Consumer,Loyal,West Kaylaview,Georgia,USA,South,73727,Debit Card,Paid,USD,Economy,WH-004,6.0,6.0,On Time,Not Returned,Not Applicable,3.6,Positive,Decent quality for the price.,Organic Search,Unknown Campaign,SAVE10,31,9,7,432.7000000000001,159.23,19.14,27.29,319.9,190.01,102.6,32.07,8131.35,True,8,13.433408989030056,0.6964285714285714,0.26809592972797297
ORD-226486,2021-04-04,15:11:31,Completed,Website,CUST-002099,Michael Newton,32,Male,Consumer,Loyal,Knightport,Bavaria,Germany,South,11134,Credit Card,Paid,EUR,Economy,WH-002,9.0,7.0,Delayed,Not Returned,Not Applicable,3.6,Positive,Met my expectations. Would recommend.,Organic Search,Unknown Campaign,No Coupon,109,20,5,1030.75,130.49,171.05,26.11,1097.42,457.54,613.77,55.93,14252.52,True,7,17.427044235943008,0.25,0.4704761539501731
ORD-716048,2022-06-01,15:12:52,Completed,Marketplace,CUST-005432,Norman Edwards,72,Male,Premium,Loyal,East David,Pennsylvania,USA,East,44614,Debit Card,Paid,USD,Standard,WH-011,2.0,4.0,Early,Not Returned,Not Applicable,3.9,Positive,Decent quality for the price.,Referral,Unknown Campaign,SAVE44,24,16,1,293.72,71.46,15.56,2.91,240.73,126.33,111.49,46.31,5301.91,True,7,11.8969171158968,0.9642857142857142,0.17454801296969605
ORD-507418,2021-03-19,05:40:57,Completed,Social Media,CUST-007311,Derek Cox,39,Male,Business,Loyal,East Joseph,New York,USA,East,66899,Debit Card,Paid,USD,Economy,WH-006,10.0,10.0,On Time,Not Returned,Not Applicable,3.5,Positive,Decent quality for the price.,Google Ads,Google_Display,No Coupon,82,41,3,825.03,72.28,52.69,23.64,829.0799999999999,412.0700000000001,393.37,47.45,7789.98,True,11,16.324063161711376,0.375,0.2568094375797836
ORD-205298,2021-04-06,06:22:40,Completed,Mobile App,CUST-005787,Larry Bailey,58,Male,Premium,Loyal,Christinaton,Texas,USA,South,27767,Debit Card,Paid,USD,Express,WH-004,1.0,1.0,On Time,Not Returned,Not Applicable,3.6,Positive,Met my expectations. Would recommend.,Instagram,Insta_Influencer,No Coupon,332,197,8,3469.34,396.01,215.13,33.56,3322.02,2002.82,1285.64,38.7,8520.31,True,7,24.565819014390488,0.7142857142857142,0.28095585879602153
ORD-739435,2023-04-11,16:27:05,Cancelled,Mobile App,CUST-004737,John Macdonald,36,Male,Consumer,Loyal,East Stephanie,Scotland,UK,North,17417,Cash on Delivery,Failed,GBP,Standard,WH-008,,,Cancelled,Not Returned,Not Applicable,,,,Facebook Ads,Unknown Campaign,SAVE16,0,0,5,1778.45,0.0,355.69,39.66,2173.8,907.91,1226.23,56.41,12115.9,True,10,20.385737269873708,0.3214285714285714,0.3998344899092075
ORD-360952,2021-04-26,20:10:31,Completed,Website,CUST-023564,Deborah Ross,35,Female,Consumer,Loyal,South Christybury,Victoria,Australia,South,11451,Digital Wallet,Paid,AUD,Standard,WH-011,7.0,7.0,On Time,Not Returned,Not Applicable,4.1,Positive,Satisfied with the purchase.,Google Ads,Unknown Campaign,No Coupon,38,4,7,389.19,69.01,32.02,31.08,383.28,146.52,205.68,53.66,18957.38,True,11,12.999149382271039,0.3035714285714286,0.6260298506673138
ORD-726019,2021-07-02,05:56:12,Completed,Marketplace,CUST-005629,Taylor Peck,40,Female,VIP,Loyal,Karenfurt,Queensland,Australia,North,60519,PayPal,Paid,AUD,Same Day,WH-004,0.0,0.0,On Time,Not Returned,Not Applicable,4.1,Positive,Satisfied with the purchase.,Direct,Default_Campaign,No Coupon,549,397,20,7362.78,2424.26,493.87,66.11,5498.500000000001,3898.79,1533.6,27.89,14542.750000000002,True,6,30.127244682992664,0.3928571428571428,0.4800718378596233
ORD-737759,2023-11-12,18:05:13,Completed,Website,CUST-014509,John Hernandez,32,Female,Business,Loyal,North Nathanmouth,Illinois,USA,Central,40199,Debit Card,Paid,USD,Express,WH-019,2.0,2.0,On Time,Not Returned,Not Applicable,4.3,Positive,Good value for money.,Facebook Ads,Unknown Campaign,No Coupon,450,421,9,6037.759999999999,1844.88,293.5,20.75,4507.13,3397.97,1088.41,24.15,10185.75,True,7,28.56436841647987,0.25,0.3360192078989906
ORD-821059,2021-10-05,07:19:50,Completed,Mobile App,CUST-021137,Wesley Porter,64,Female,Consumer,Loyal,Mckenzieland,Michigan,USA,Central,10117,Debit Card,Paid,USD,Standard,WH-017,6.0,6.0,On Time,Not Returned,Not Applicable,3.9,Positive,Good value for money.,Google Ads,Unknown Campaign,SAVE38,80,44,4,857.96,118.76,51.74,18.43,809.3700000000001,413.74,377.2,46.6,9088.87,True,7,16.51382470541902,0.8214285714285714,0.29975378472909875
ORD-428680,2024-06-01,02:49:48,Completed,Website,CUST-001134,Kevin Patterson,50,Male,Consumer,Loyal,New Lisa,Scotland,UK,North,14747,Buy Now Pay Later,Paid,GBP,Standard,WH-008,3.0,3.0,On Time,Not Returned,Not Applicable,4.0,Positive,Good value for money.,Direct,Unknown Campaign,SAVE18,112,58,9,982.6,90.29,178.47,53.86,1124.64,446.7600000000001,624.02,55.49,6899.76,True,6,17.18514268232029,0.5714285714285714,0.2273766782858762
ORD-386272,2024-03-22,04:03:31,Returned,Social Media,CUST-009121,Gary Adams,46,Male,VIP,Loyal,Ericashire,Ohio,USA,Central,48437,Credit Card,Refunded,USD,Express,WH-009,,,Cancelled,Returned,Damaged Product,,,,Direct,Unknown Campaign,SAVE42,0,0,4,597.5,0.0,41.82,12.9,652.2199999999999,267.3,372.02,57.04,7100.68,True,12,14.824200272543205,0.5,0.23401956431105186
ORD-652936,2025-05-03,19:41:34,Completed,Mobile App,CUST-006448,Dana Rollins,70,Female,Consumer,Returning,Barronbury,Michigan,USA,Central,71768,Credit Card,Paid,USD,Same Day,WH-007,1.0,1.0,On Time,Not Returned,Not Applicable,3.7,Positive,Good value for money.,Facebook Ads,FB_Retargeting,No Coupon,137,53,3,1350.87,97.41,87.74000000000001,29.97,1371.17,744.22,596.98,43.54,2562.31,True,3,18.846843911171728,0.9285714285714286,0.0839704171376673
ORD-553232,2023-09-12,12:36:28,Completed,Mobile App,CUST-023452,Nicole Ruiz,40,Female,Consumer,Loyal,East Elizabeth,Illinois,USA,Central,14209,Credit Card,Paid,USD,Express,WH-015,1.0,1.0,On Time,Not Returned,Not Applicable,4.0,Positive,Met my expectations. Would recommend.,Email Marketing,Weekly_Newsletter,SAVE22,49,46,5,502.4,89.01,28.94,51.21,493.54,219.17,223.16000000000005,45.22,8661.46,True,8,14.06401172439759,0.3928571428571428,0.2856226085593778
ORD-580885,2021-05-02,08:42:43,Completed,Mobile App,CUST-019970,Alisha Christian,34,Female,Consumer,Loyal,North Shane,Ohio,USA,Central,16772,PayPal,Paid,USD,Standard,WH-013,7.0,7.0,On Time,Not Returned,Not Applicable,4.2,Positive,Met my expectations. Would recommend.,Referral,Unknown Campaign,No Coupon,382,327,8,3972.49,425.37,248.3,32.83,3828.25,2244.29,1551.13,40.52,14333.56,True,8,25.49575758169298,0.2857142857142857,0.47315552625497215
ORD-586331,2025-11-09,12:18:21,Completed,Mobile App,CUST-024399,Tina Gregory,23,Male,Business,Loyal,Lake Amberview,California,USA,West,87701,Bank Transfer,Paid,USD,Standard,WH-008,5.0,5.0,On Time,Not Returned,Not Applicable,3.7,Positive,Met my expectations. Would recommend.,Direct,Unknown Campaign,No Coupon,315,176,15,4090.93,1201.16,202.28,65.25,3157.3,2028.38,1063.67,33.69,12100.76,True,6,25.70142004143231,0.0892857142857143,0.39933392603094175
ORD-812145,2024-09-29,11:22:31,Completed,Mobile App,CUST-001940,Jeremy Brown,43,Female,Premium,Loyal,North Dawnbury,Michigan,USA,Central,63244,Digital Wallet,Paid,USD,Standard,WH-015,4.0,4.0,On Time,Not Returned,Not Applicable,3.5,Positive,Decent quality for the price.,Facebook Ads,Unknown Campaign,No Coupon,446,93,15,5272.599999999999,1114.74,291.05,12.42,4461.33,2850.32,1598.59,35.83,9256.26,True,6,27.537946447573038,0.4464285714285714,0.3052880903818668
ORD-255711,2023-11-20,09:48:29,Completed,Mobile App,CUST-024283,Christina Smith,51,Male,Business,Loyal,North Richardton,New York,USA,East,24692,Debit Card,Paid,USD,Economy,WH-007,10.0,10.0,On Time,Not Returned,Not Applicable,2.9,Neutral,Average product. Could be better.,YouTube,Unknown Campaign,SAVE23,14,0,1,148.41,17.0,9.2,3.27,143.88,80.17,60.44,42.01,11641.33,True,9,9.506926153472724,0.5892857142857143,0.38414409362726637
ORD-135391,2022-01-13,21:35:29,Completed,Mobile App,CUST-015796,Kimberly Olson,36,Female,VIP,Loyal,West Derek,Texas,USA,South,57976,Buy Now Pay Later,Pending,USD,Economy,WH-009,8.0,8.0,On Time,Not Returned,Not Applicable,3.5,Positive,Good product. Works as expected.,Organic Search,Unknown Campaign,No Coupon,90,71,5,1073.07,239.28,58.36,15.71,907.86,619.51,272.64,30.03,9330.9,True,8,17.632612880015426,0.3214285714285714,0.30775586368924834
ORD-151500,2023-08-02,05:03:43,Completed,Website,CUST-014279,Rebecca Roberts,21,Female,Premium,Loyal,Port Brandon,Pennsylvania,USA,East,96636,PayPal,Paid,USD,Same Day,WH-016,0.0,0.0,On Time,Not Returned,Not Applicable,3.9,Positive,Satisfied with the purchase.,Direct,Unknown Campaign,No Coupon,18,12,2,163.6,21.33,9.96,33.46,185.69,86.64,65.59,35.32,6977.820000000001,True,8,9.825142074119563,0.0535714285714286,0.2299575248075028
ORD-242275,2023-11-23,03:31:19,Completed,Mobile App,CUST-022324,Kayla Stewart,21,Male,Business,Loyal,East Joseph,Ohio,USA,Central,90157,Credit Card,Paid,USD,Same Day,WH-003,1.0,1.0,On Time,Not Returned,Not Applicable,3.2,Neutral,Product has some issues but it works.,Google Ads,Unknown Campaign,No Coupon,40,40,4,452.25,101.07,24.58,26.91,402.67,247.25,128.51,31.91,6765.1900000000005,True,7,13.617698543230448,0.0535714285714286,0.22292747874173982
ORD-230881,2021-11-12,06:01:03,Completed,Marketplace,CUST-024682,Charles Bullock,34,Male,Consumer,Loyal,West Tonyastad,England,UK,North,78697,Digital Wallet,Paid,GBP,Economy,WH-008,6.0,6.0,On Time,Not Returned,Not Applicable,3.7,Positive,Satisfied with the purchase.,Google Ads,Unknown Campaign,SAVE33,76,70,8,840.3,223.07,123.45,28.31,768.99,403.06,337.62,43.9,7998.610000000001,True,7,16.412765213432245,0.2857142857142857,0.26370723427216064
ORD-179983,2021-04-20,11:48:05,Completed,Marketplace,CUST-008180,Madeline Davidson,45,Male,Consumer,Loyal,Johnland,Baden-Württemberg,Germany,South,23864,Debit Card,Paid,EUR,Same Day,WH-012,0.0,0.0,Early,Not Returned,Not Applicable,3.8,Positive,Good value for money.,Organic Search,Unknown Campaign,No Coupon,280,195,8,2589.52,274.61,439.84,45.36,2800.11,1262.4,1492.35,53.3,20881.120000000003,True,9,22.65533580461128,0.4821428571428571,0.6896332030566799
ORD-150153,2022-04-29,01:39:52,Completed,Mobile App,CUST-018723,Tammy Frank,49,Male,Business,Loyal,Bradleytown,Illinois,USA,Central,25435,Debit Card,Paid,USD,Economy,WH-009,7.0,7.0,On Time,Not Returned,Not Applicable,3.2,Neutral,Product has some issues but it works.,Referral,Unknown Campaign,No Coupon,10,10,2,97.44,6.2,6.380000000000001,9.6,107.22,38.39,59.23,55.24,7759.17,True,6,8.213426953053734,0.5535714285714286,0.2557907867812784
ORD-987137,2023-09-01,00:45:27,Pending,Website,CUST-000023,Daniel Garcia,30,Female,Consumer,Loyal,New Julie,Wales,UK,West,73638,Cash on Delivery,Failed,GBP,Standard,WH-019,,,Cancelled,Not Returned,Not Applicable,,,,Organic Search,Default_Campaign,No Coupon,0,0,5,665.75,72.39,118.68,16.27,728.31,374.0,338.04,46.41,4611.77,True,6,15.314380150361874,0.2142857142857143,0.1517303673325533
ORD-305392,2024-12-27,21:24:44,Completed,Website,CUST-020813,James Gonzalez,73,Non-Binary,Consumer,Returning,South Sara,North Carolina,USA,South,61584,Debit Card,Paid,USD,Standard,WH-008,1.0,3.0,Early,Not Returned,Not Applicable,4.1,Positive,Good value for money.,Referral,Unknown Campaign,No Coupon,24,3,5,385.15,160.67,15.71,6.46,246.65,129.05,111.14,45.06,1015.12,True,2,12.956971464739436,0.9821428571428572,0.03281669013542005
ORD-894321,2023-02-14,04:23:30,Returned,Website,CUST-003624,Roger Wright,58,Female,Consumer,Loyal,East Derek,Georgia,USA,South,18409,Digital Wallet,Refunded,USD,Standard,WH-002,,,Cancelled,Returned,Product Not as Expected,,,,Direct,Default_Campaign,No Coupon,0,0,13,2396.55,0.0,167.76,36.04,2600.35,1125.14,1439.1699999999998,55.35,5068.47,True,4,22.171052591191593,0.7142857142857142,0.16682993953889275
ORD-140636,2024-08-15,07:18:33,Completed,Mobile App,CUST-002350,Krista Parrish,55,Male,Premium,Loyal,East Patricia,Georgia,USA,South,5453,Digital Wallet,Paid,USD,Standard,WH-005,4.0,4.0,On Time,Not Returned,Not Applicable,3.5,Positive,Good value for money.,Direct,Default_Campaign,No Coupon,94,57,5,894.5600000000001,25.37,60.85,14.9,944.94,339.75,590.29,62.47,5062.85,True,7,16.71830073871207,0.6607142857142857,0.1666441291692855
ORD-729296,2022-07-06,08:13:31,Pending,Mobile App,CUST-013792,Matthew Crawford,42,Female,Consumer,Loyal,New Sarahberg,Baden-Württemberg,Germany,South,26865,Credit Card,Failed,EUR,Express,WH-016,,,Cancelled,Not Returned,Not Applicable,,,,Organic Search,Default_Campaign,No Coupon,0,0,8,2967.18,826.9,406.65,28.32,2575.25,1696.23,850.6999999999999,33.03,13010.34,True,6,23.52828446589273,0.4285714285714286,0.42940677229203705
ORD-888144,2024-09-12,11:13:47,Completed,Mobile App,CUST-018627,Elizabeth Riggs,38,Female,Consumer,Loyal,Christinaview,Uttar Pradesh,India,North,5704,Buy Now Pay Later,Pending,INR,Standard,WH-010,5.0,5.0,On Time,Not Returned,Not Applicable,3.6,Positive,Decent quality for the price.,Email Marketing,Unknown Campaign,SAVE19,337,102,9,3342.7,500.57,511.59,22.05,3375.77,1817.55,1536.17,45.51,6116.7,True,5,24.315603392206665,0.3571428571428571,0.2014868797049781
ORD-968572,2025-04-13,01:14:21,Completed,Marketplace,CUST-013904,Steven Brown,70,Female,Premium,Loyal,Perezborough,Ontario,Canada,East,83346,Credit Card,Paid,CAD,Express,WH-013,2.0,2.0,On Time,Not Returned,Not Applicable,3.8,Positive,Decent quality for the price.,Referral,Friend_Invite,No Coupon,17,10,2,158.94,19.32,18.15,14.27,172.04,77.14,80.63,46.87,5053.24,True,6,9.730015433288582,0.9285714285714286,0.16632640004972576
ORD-422529,2021-10-09,00:32:03,Completed,Marketplace,CUST-024895,Ariel King,63,Male,VIP,Loyal,Lake Angelahaven,California,USA,West,40271,Debit Card,Paid,USD,Standard,WH-003,4.0,4.0,On Time,Not Returned,Not Applicable,4.4,Positive,"Product is okay, nothing special but works.",Google Ads,Google_Shopping,SAVE48,114,34,5,1308.23,260.07,73.37,26.29,1147.82,605.45,516.0799999999999,44.96,7146.41,True,9,18.673729818588374,0.8035714285714286,0.23553150527228658
ORD-620779,2021-09-25,01:18:51,Completed,Mobile App,CUST-023805,Richard Glenn,68,Female,Premium,Loyal,Johnsontown,Baden-Württemberg,Germany,South,40789,Credit Card,Paid,EUR,Economy,WH-014,9.0,9.0,On Time,Not Returned,Not Applicable,3.6,Positive,Good value for money.,Google Ads,Unknown Campaign,No Coupon,51,4,7,564.61,150.69,78.65,19.1,511.67,257.55,235.02,45.93,14562.26,True,9,14.572515985394748,0.8928571428571428,0.48071688417831315
ORD-635752,2021-05-28,16:25:17,Completed,Social Media,CUST-009665,Brandi Schwartz,70,Female,VIP,Loyal,Jamesside,Hesse,Germany,Central,56038,Credit Card,Paid,EUR,Economy,WH-006,10.0,7.0,Delayed,Not Returned,Not Applicable,3.9,Positive,Good product. Works as expected.,Organic Search,Unknown Campaign,No Coupon,68,26,3,676.28,101.46,109.21,1.82,685.85,337.57000000000005,346.46000000000004,50.52,13749.32,True,11,15.386538521471909,0.9285714285714286,0.4538391827782221
ORD-669234,2021-05-01,15:33:03,Completed,Mobile App,CUST-015679,Adam Cook,29,Female,Consumer,Loyal,East Jillview,South Australia,Australia,South,69791,Credit Card,Paid,AUD,Standard,WH-007,11.0,7.0,Delayed,Not Returned,Not Applicable,3.3,Neutral,Mixed feelings about this purchase.,Referral,Unknown Campaign,No Coupon,95,24,3,974.76,143.85,83.09,40.73,954.73,489.6,424.4,44.45,10863.52,True,6,17.144900498857886,0.1964285714285714,0.35842787234893736
ORD-825679,2022-12-08,23:27:46,Completed,Mobile App,CUST-003925,Lisa Hernandez,68,Non-Binary,Consumer,Loyal,Pittmanfurt,Victoria,Australia,South,24510,Bank Transfer,Paid,AUD,Standard,WH-017,5.0,5.0,On Time,Not Returned,Not Applicable,3.6,Positive,Good value for money.,Organic Search,Unknown Campaign,No Coupon,241,215,5,3168.22,1012.56,215.56,40.95,2412.17,1745.31,625.91,25.95,11269.54,True,10,23.95869392088567,0.8928571428571428,0.371851844994477
ORD-376647,2024-02-12,20:15:09,Completed,Mobile App,CUST-013477,Travis Williams,33,Male,Consumer,Loyal,Albertfurt,Illinois,USA,Central,31460,PayPal,Pending,USD,Standard,WH-014,4.0,4.0,On Time,Not Returned,Not Applicable,3.1,Neutral,Average product. Could be better.,Referral,Unknown Campaign,No Coupon,18,11,4,166.24,12.54,10.76,20.33,184.79,70.99000000000001,93.47,50.58,6930.2,True,8,9.878116294724864,0.2678571428571429,0.2283830960173432
ORD-772475,2025-07-19,06:35:51,Completed,Social Media,CUST-007890,Sara Guerrero,61,Male,Premium,Returning,East Thomas,Ohio,USA,Central,74830,Bank Transfer,Paid,USD,Standard,WH-018,6.0,6.0,On Time,Not Returned,Not Applicable,3.9,Positive,Decent quality for the price.,Organic Search,Unknown Campaign,No Coupon,74,46,4,1056.24,369.68,48.06,14.29,748.9100000000001,482.43,252.19,33.67,8682.21,True,3,17.551618010236954,0.7678571428571428,0.28630865218381735
ORD-668917,2025-03-28,01:44:34,Completed,Mobile App,CUST-005356,Jessica Maldonado,35,Male,Consumer,Loyal,Lake Christopher,Ajman,UAE,North,25557,PayPal,Paid,AED,Standard,WH-015,6.0,3.0,Delayed,Not Returned,Not Applicable,3.9,Positive,Met my expectations. Would recommend.,Email Marketing,Unknown Campaign,No Coupon,28,14,3,282.33,26.15,12.81,16.36,285.35,92.22,176.76999999999998,61.95,6608.089999999999,True,6,11.747767910202072,0.3035714285714286,0.21773338460200706
ORD-718709,2022-03-30,15:44:23,Completed,Mobile App,CUST-009232,Danny Smith,57,Female,Premium,Loyal,Andrewfurt,Florida,USA,South,10799,Credit Card,Paid,USD,Economy,WH-017,9.0,9.0,On Time,Not Returned,Not Applicable,3.7,Positive,Met my expectations. Would recommend.,TikTok,Unknown Campaign,No Coupon,35,29,2,428.74,98.64,23.11,0.1,353.31,129.9,223.31,63.21,15550.82,True,11,13.395306253769007,0.6964285714285714,0.5134009943169138
ORD-869225,2021-07-28,10:52:48,Completed,Mobile App,CUST-002024,Brooke Perez,41,Male,Premium,Loyal,Rebeccashire,Pennsylvania,USA,East,25570,Debit Card,Paid,USD,Standard,WH-012,3.0,3.0,On Time,Not Returned,Not Applicable,4.0,Positive,"Product is okay, nothing special but works.",Instagram,Unknown Campaign,No Coupon,22,20,1,231.02,20.55,14.73,3.45,228.65,96.69,128.51,56.2,9261.97,True,11,11.012309408461215,0.4107142857142857,0.3054768763623752
ORD-176265,2024-12-11,05:58:03,Completed,Website,CUST-020516,Dana Allison,33,Male,Consumer,Loyal,Port Toddborough,Illinois,USA,Central,1329,Bank Transfer,Paid,USD,Standard,WH-010,3.0,4.0,Early,Not Returned,Not Applicable,3.8,Positive,Decent quality for the price.,Google Ads,Unknown Campaign,No Coupon,97,64,9,1349.59,457.36,62.45,16.689999999999998,971.37,549.77,404.91,41.68,5831.910000000001,True,6,18.841708583298484,0.2678571428571429,0.19207105494333282
ORD-762057,2021-12-27,07:50:42,Returned,Mobile App,CUST-013553,Brandon Morales,39,Male,VIP,Loyal,Howardberg,Michigan,USA,Central,35306,Buy Now Pay Later,Refunded,USD,Standard,WH-006,,,Cancelled,Returned,Wrong Product,,,,Organic Search,Default_Campaign,SAVE44,0,0,9,6174.52,0.0,432.22,11.93,6618.67,3557.7,3049.04,46.07,24186.57,True,14,28.73718537262393,0.375,0.7989191258713166
ORD-957009,2025-07-29,07:55:26,Pending,Mobile App,CUST-017178,Seth Small,74,Female,Premium,Loyal,Zimmermanton,Scotland,UK,North,37051,Cash on Delivery,Failed,GBP,Economy,WH-001,,,Cancelled,Not Returned,Not Applicable,,,,Organic Search,Unknown Campaign,No Coupon,0,0,6,1349.4499999999998,340.2,201.86,11.170000000000002,1222.28,552.46,658.65,53.89,10454.74,True,7,18.84114668061539,1.0,0.3449126476357614
ORD-280735,2021-06-24,12:47:21,Returned,Mobile App,CUST-024025,Julie Erickson,66,Non-Binary,Consumer,Loyal,New Christinafurt,Lower Saxony,Germany,North,37514,Cash on Delivery,Refunded,EUR,Standard,WH-007,,,Cancelled,Returned,Other,,,,Referral,Referral_Program,No Coupon,0,0,2,617.0200000000001,0.0,117.24,10.09,744.3499999999999,394.38,339.88,45.66,18426.79,True,9,14.968595214910117,0.8571428571428572,0.6084873019111027
ORD-843638,2023-03-18,13:13:55,Completed,Mobile App,CUST-009645,Beth Benjamin,34,Male,Premium,Loyal,West Virginiahaven,Alberta,Canada,Central,32766,Credit Card,Paid,CAD,Standard,WH-015,6.0,6.0,On Time,Not Returned,Not Applicable,3.7,Positive,Satisfied with the purchase.,Referral,Unknown Campaign,SAVE39,297,200,8,3185.17,572.54,339.65,21.880000000000003,2974.1600000000003,2080.03,872.25,29.33,13222.419999999998,True,8,23.994016801047252,0.2857142857142857,0.4364186340689594
ORD-105290,2025-06-26,08:11:55,Completed,Marketplace,CUST-019858,Derrick Perkins,74,Female,Business,Loyal,Kimmouth,Scotland,UK,North,31475,Credit Card,Pending,GBP,Economy,WH-017,5.0,7.0,Early,Not Returned,Not Applicable,3.8,Positive,Good product. Works as expected.,Instagram,Insta_Reels,No Coupon,67,65,5,624.19,77.70000000000002,109.3,20.070000000000004,675.86,253.86,401.93,59.47,6950.98,True,7,15.020755695921135,1.0,0.22907013151208314
ORD-936652,2022-02-09,00:09:34,Pending,Website,CUST-015807,Thomas Davis,31,Male,Premium,Loyal,Port Robert,Texas,USA,South,46039,Credit Card,Failed,USD,Standard,WH-009,,,Cancelled,Not Returned,Not Applicable,,,,Google Ads,Google_Display,No Coupon,0,0,1,60.64,6.77,3.77,3.3200000000000003,60.96,29.21,28.43,46.64,13908.44,True,10,6.900384641629251,0.2321428571428571,0.4591000628515147
ORD-749446,2021-05-24,03:42:29,Completed,Website,CUST-019216,Lori Sanchez,39,Male,Consumer,Loyal,Kimberlyberg,Wales,UK,West,90280,Cash on Delivery,Paid,GBP,Same Day,WH-010,0.0,0.0,On Time,Not Returned,Not Applicable,3.3,Neutral,Average product. Could be better.,Facebook Ads,FB_Prospecting,No Coupon,141,65,1,1249.67,86.6,232.61,20.32,1416.0,848.8,546.88,38.62,8396.57,True,7,18.428798881568078,0.375,0.27686472443032756
ORD-397948,2025-12-07,23:49:05,Completed,Mobile App,CUST-019143,Richard Hunter,27,Non-Binary,Consumer,Loyal,Matthewhaven,Michigan,USA,Central,29417,PayPal,Paid,USD,Same Day,WH-017,1.0,1.0,On Time,Not Returned,Not Applicable,4.1,Positive,Good value for money.,Direct,Default_Campaign,No Coupon,130,112,4,1408.46,213.0,83.68,29.95,1309.09,837.8100000000001,441.33,33.71,11040.259999999998,True,9,19.074132356653614,0.1607142857142857,0.36427131091199494
ORD-757720,2022-05-16,18:12:16,Pending,Website,CUST-005556,Amy Lee,69,Female,Consumer,Loyal,East Lori,Georgia,USA,South,10853,PayPal,Paid,USD,Standard,WH-003,,,Cancelled,Not Returned,Not Applicable,,,,Direct,Default_Campaign,SAVE21,0,0,3,846.3,86.99,53.15,5.97,818.43,540.69,271.77,33.21,9698.02,True,8,16.447281102207135,0.9107142857142856,0.31989371117860976
ORD-318847,2024-04-11,17:26:38,Pending,Mobile App,CUST-023986,Sarah Melendez,59,Female,Premium,Loyal,West David,Georgia,USA,South,16966,Debit Card,Paid,USD,Express,WH-003,,,Cancelled,Not Returned,Not Applicable,,,,Direct,Unknown Campaign,No Coupon,0,0,4,818.62,63.26,52.88,32.739999999999995,840.98,412.3,395.94,47.08,5675.57,True,6,16.28645319729398,0.7321428571428572,0.18690208818454343
ORD-985780,2024-10-20,19:57:08,Completed,Mobile App,CUST-005669,Michael Dawson,53,Female,Premium,Loyal,Martinberg,Ohio,USA,Central,86424,Credit Card,Paid,USD,Standard,WH-001,5.0,5.0,On Time,Not Returned,Not Applicable,3.8,Positive,Satisfied with the purchase.,Google Ads,Unknown Campaign,No Coupon,49,36,1,514.41,57.07,32.01,3.46,492.81,266.78,222.57,45.16,2689.06,True,5,14.16579607464686,0.625,0.08816106915683421
ORD-740125,2025-05-09,08:22:09,Cancelled,Mobile App,CUST-019692,Karen Wilson,62,Female,Consumer,Loyal,Port Erin,Ohio,USA,Central,25099,Buy Now Pay Later,Failed,USD,Same Day,WH-019,,,Cancelled,Not Returned,Not Applicable,,,,Google Ads,Unknown Campaign,No Coupon,0,0,5,619.94,0.0,43.400000000000006,39.06,702.4,288.54,374.8,53.36,13457.249999999998,True,9,14.989893420252933,0.7857142857142856,0.44418266415701435
ORD-974388,2024-09-20,00:40:58,Completed,Mobile App,CUST-001855,Nicholas Parker,19,Female,VIP,Loyal,Thomasville,Pennsylvania,USA,East,71650,Credit Card,Paid,USD,Same Day,WH-007,1.0,1.0,On Time,Not Returned,Not Applicable,4.3,Positive,Decent quality for the price.,Google Ads,Google_Search_Q1,No Coupon,36,3,3,326.53,19.92,21.46,33.59,361.66,138.18,189.89,52.51,13683.19,True,10,12.303134463013517,0.01785714285714285,0.45165277001271914
ORD-573825,2024-03-15,03:41:59,Completed,Website,CUST-015022,William Scott,21,Male,Consumer,Loyal,Julieshire,Western Australia,Australia,West,48340,PayPal,Paid,AUD,Standard,WH-006,5.0,5.0,On Time,Not Returned,Not Applicable,3.4,Neutral,Average product. Could be better.,Instagram,Insta_Stories,SAVE43,291,189,11,3021.69,421.8,259.99,58.83,2918.71,1804.79,1055.09,36.15,13519.34,True,9,23.647139009322657,0.0535714285714286,0.4462355050553976
ORD-578064,2022-05-06,21:21:19,Completed,Mobile App,CUST-000306,Jose Stephens,34,Male,Business,Loyal,South Desiree,Florida,USA,South,48381,Credit Card,Paid,USD,Standard,WH-017,7.0,7.0,On Time,Not Returned,Not Applicable,4.2,Positive,Good value for money.,Facebook Ads,FB_Dynamic,SAVE16,49,32,4,495.67,79.37,29.14,45.24000000000001,490.68,255.73,189.71,38.66,5323.99,True,5,14.006158309068374,0.2857142857142857,0.17527802951078642
ORD-970864,2021-08-12,12:36:52,Completed,Website,CUST-014933,Curtis Flynn,42,Male,Consumer,Loyal,Stephanieville,Wales,UK,West,88019,Cash on Delivery,Pending,GBP,Same Day,WH-008,1.0,1.0,On Time,Not Returned,Not Applicable,3.8,Positive,"Product is okay, nothing special but works.",Direct,Default_Campaign,SAVE17,108,98,4,932.35,66.34,173.20000000000002,49.56,1088.77,502.22,536.99,49.32,3986.95,True,5,16.922811010665455,0.4285714285714286,0.1310723539628029
ORD-233292,2022-06-20,00:38:17,Completed,Website,CUST-014112,Tamara Nelson,42,Female,Consumer,Loyal,North Jameschester,Illinois,USA,Central,77193,PayPal,Paid,USD,Economy,WH-001,7.0,7.0,On Time,Not Returned,Not Applicable,3.9,Positive,Good value for money.,Referral,Referral_Program,No Coupon,120,34,4,1153.78,37.11,78.16,8.87,1203.7,670.02,524.81,43.6,10483.63,True,8,18.008044383542003,0.4285714285714286,0.34586781873504135
ORD-959298,2024-06-26,03:47:56,Completed,Mobile App,CUST-003802,Samantha Ramirez,48,Male,Business,Returning,North Michelleberg,Lower Saxony,Germany,North,34783,Cash on Delivery,Paid,EUR,Standard,WH-017,5.0,5.0,On Time,Not Returned,Not Applicable,4.1,Positive,Good product. Works as expected.,Google Ads,Google_Shopping,SAVE30,169,103,8,1457.52,50.83,267.27,18.62,1692.58,901.26,772.7,45.65,3879.18,True,3,19.26220897282489,0.5357142857142857,0.12750922522035227
ORD-330870,2024-11-28,04:33:17,Completed,Social Media,CUST-000689,Lisa Preston,59,Female,Consumer,Loyal,Geraldport,North Carolina,USA,South,4270,PayPal,Paid,USD,Economy,WH-006,6.0,8.0,Early,Not Returned,Not Applicable,3.9,Positive,Good product. Works as expected.,Organic Search,Default_Campaign,No Coupon,56,46,6,565.78,50.84,36.04,18.46,569.4399999999999,259.6,291.38,51.17,17284.54,True,13,14.581659254427558,0.7321428571428572,0.5707218402235807
ORD-971857,2021-11-12,10:54:12,Completed,Social Media,CUST-004312,Carla Weeks,22,Non-Binary,Business,Loyal,Joneshaven,Scotland,UK,North,17830,Cash on Delivery,Paid,GBP,Standard,WH-004,6.0,6.0,On Time,Not Returned,Not Applicable,4.0,Positive,Good product. Works as expected.,TikTok,Unknown Campaign,No Coupon,145,39,4,1657.33,458.53,239.76,17.66,1456.22,796.97,641.59,44.06,8968.83,True,9,19.981512072140553,0.07142857142857145,0.29578498103378675
ORD-471869,2023-10-01,12:00:57,Completed,Website,CUST-002132,Tamara Garza,51,Female,Premium,Loyal,Ambermouth,Florida,USA,South,6335,Credit Card,Paid,USD,Economy,WH-005,6.0,6.0,On Time,Not Returned,Not Applicable,4.2,Positive,"Product is okay, nothing special but works.",Organic Search,Unknown Campaign,No Coupon,85,14,5,855.4,84.45,53.97,33.27,858.19,451.64,373.28,43.5,13229.07,True,10,16.49927437998941,0.5892857142857143,0.4366384986522136
ORD-883623,2023-11-25,12:27:39,Completed,Marketplace,CUST-003432,Bradley Mitchell,34,Male,Consumer,Loyal,Heathermouth,Pennsylvania,USA,East,30009,Debit Card,Paid,USD,Express,WH-014,7.0,3.0,Delayed,Not Returned,Not Applicable,3.0,Neutral,Average product. Could be better.,Organic Search,Unknown Campaign,No Coupon,95,10,5,1658.4899999999998,780.59,61.45,19.29,958.64,893.3100000000001,46.04,4.8,6400.289999999999,True,5,19.985489116651024,0.2857142857142857,0.2108630296546076
ORD-608717,2021-08-12,03:11:25,Completed,Mobile App,CUST-023245,Chelsea Carey,23,Female,Premium,Loyal,South Scott,Pennsylvania,USA,East,16613,Debit Card,Paid,USD,Express,WH-006,1.0,1.0,On Time,Not Returned,Not Applicable,2.9,Neutral,Average product. Could be better.,Direct,Unknown Campaign,No Coupon,180,65,6,1867.3,201.42,116.61,26.72,1809.21,1017.36,765.13,42.29,11441.98,True,10,20.669058016440086,0.0892857142857143,0.37755311548114473
ORD-168041,2021-06-18,13:25:08,Completed,Website,CUST-006810,Danielle Beck,52,Female,Consumer,Loyal,Lake Daniel,Pennsylvania,USA,East,75219,Credit Card,Paid,USD,Standard,WH-013,3.0,3.0,On Time,Not Returned,Not Applicable,3.6,Positive,"Product is okay, nothing special but works.",Facebook Ads,FB_Retargeting,No Coupon,281,215,6,3163.6,567.6700000000001,181.7,36.98,2814.61,1958.14,819.49,29.12,15159.27,True,9,23.949041005618312,0.6071428571428571,0.5004554337795978
ORD-787727,2025-03-23,11:00:07,Completed,Social Media,CUST-010670,Barbara Hamilton,26,Female,Consumer,Loyal,East Kim,Georgia,USA,South,65425,PayPal,Paid,USD,Economy,WH-003,6.0,8.0,Early,Not Returned,Not Applicable,3.7,Positive,Satisfied with the purchase.,Referral,Friend_Invite,No Coupon,241,55,8,2357.11,118.17,156.72,21.66,2417.32,1273.5600000000002,1122.1,46.42,11430.94,True,8,22.068421791431437,0.14285714285714285,0.37718810721059953
ORD-243311,2025-03-07,21:27:10,Completed,Marketplace,CUST-003981,Jessica Cochran,70,Female,Business,Loyal,Bradychester,Florida,USA,South,32026,Digital Wallet,Pending,USD,Standard,WH-006,4.0,4.0,On Time,Not Returned,Not Applicable,3.0,Neutral,Not what I expected but it's okay.,Referral,Unknown Campaign,No Coupon,285,74,6,2928.51,300.22,183.99,45.55,2857.83,1822.3,989.98,34.64,12039.92,True,10,23.442950130691816,0.9285714285714286,0.39732241306174165
ORD-761408,2023-11-02,01:36:58,Completed,Social Media,CUST-000226,Paige Alexander,26,Male,Consumer,Loyal,West Dianatown,Ohio,USA,Central,92850,Buy Now Pay Later,Paid,USD,Standard,WH-014,6.0,6.0,On Time,Not Returned,Not Applicable,4.1,Positive,Decent quality for the price.,Instagram,Insta_Stories,No Coupon,59,46,3,1013.31,462.61,38.55,5.56,594.81,461.79,127.46,21.43,3181.79,True,4,17.340446475223064,0.14285714285714285,0.10445187759394749
ORD-699823,2021-11-12,14:11:10,Returned,Marketplace,CUST-001044,Christopher Martinez,34,Male,Consumer,Loyal,West Anthonybury,Ohio,USA,Central,63139,Credit Card,Refunded,USD,Standard,WH-003,,,Cancelled,Returned,Changed Mind,,,,Organic Search,Unknown Campaign,No Coupon,0,0,3,486.33,0.0,34.04,21.17,541.54,232.3,288.07,53.19,11326.98,True,5,13.924863591141818,0.2857142857142857,0.373750945996299
ORD-123398,2021-11-06,10:39:57,Completed,Marketplace,CUST-010515,Christopher Thomas,27,Male,Consumer,Loyal,Schultzburgh,Northern Ireland,UK,West,28974,Bank Transfer,Paid,GBP,Standard,WH-002,4.0,4.0,On Time,Not Returned,Not Applicable,4.1,Positive,Satisfied with the purchase.,Organic Search,Unknown Campaign,No Coupon,69,2,4,1004.64,431.94,114.54,5.11,692.35,393.56,293.68,42.42,15986.08,True,9,17.29697058409592,0.1607142857142857,0.5277917098819046
ORD-585220,2021-05-28,07:37:27,Pending,Mobile App,CUST-017983,Aaron Hernandez,57,Male,Consumer,Loyal,Colinbury,Georgia,USA,South,30607,PayPal,Pending,USD,Economy,WH-010,,,Cancelled,Not Returned,Not Applicable,,,,Email Marketing,Promo_Email,No Coupon,0,0,7,3350.31,240.06,217.71,17.06,3345.0200000000004,1948.82,1379.14,41.23,10959.3,True,7,24.330842365304346,0.6964285714285714,0.3615945835946636
ORD-930174,2022-02-04,22:39:32,Completed,Marketplace,CUST-019431,Johnny Hoover,50,Male,Consumer,Loyal,Davidhaven,Bavaria,Germany,South,23168,Credit Card,Paid,EUR,Standard,WH-007,4.0,4.0,On Time,Not Returned,Not Applicable,3.5,Positive,Decent quality for the price.,Instagram,Unknown Campaign,SAVE45,49,15,6,489.18,85.69,76.66999999999999,10.59,490.75,209.91,270.25,55.07,15234.81,True,9,13.949795586840688,0.5714285714285714,0.5029529631959913
ORD-265045,2022-12-27,12:30:32,Completed,Mobile App,CUST-013354,Isabella Pena,33,Male,VIP,Loyal,Thomasport,Michigan,USA,Central,30657,Debit Card,Paid,USD,Economy,WH-008,6.0,6.0,On Time,Not Returned,Not Applicable,3.8,Positive,Met my expectations. Would recommend.,Email Marketing,Weekly_Newsletter,No Coupon,145,68,13,1942.89,624.22,92.31,39.85,1450.8300000000002,890.5799999999999,520.3999999999999,35.87,9183.84,True,6,20.902080038253008,0.2678571428571429,0.3028937154767144
ORD-831046,2023-12-11,08:37:11,Returned,Website,CUST-001931,Daniel Hill,32,Female,VIP,Loyal,Jamesmouth,Maharashtra,India,West,37825,PayPal,Refunded,INR,Express,WH-009,,,Cancelled,Returned,Other,,,,Organic Search,Unknown Campaign,SAVE29,0,0,7,2875.57,0.0,517.6,20.98,3414.15,1750.4,1642.77,48.12,7034.860000000001,True,7,23.324715541714827,0.25,0.23184340087198627
ORD-977080,2025-03-10,09:14:18,Completed,Mobile App,CUST-023556,Lisa Bradford,22,Male,Consumer,Loyal,Bentleytown,Northern Ireland,UK,West,67531,Debit Card,Paid,GBP,Express,WH-009,3.0,3.0,On Time,Not Returned,Not Applicable,3.8,Positive,Good value for money.,Organic Search,Default_Campaign,No Coupon,80,66,6,743.8600000000001,101.03,128.57,29.83,801.23,325.01,446.39,55.71,4853.6,True,8,15.830231231926968,0.07142857142857145,0.15972583382403363
ORD-843778,2022-05-24,11:23:58,Completed,Mobile App,CUST-017066,Paul Stone,20,Female,Consumer,Loyal,Lake Pamela,New York,USA,East,67021,Credit Card,Paid,USD,Same Day,WH-012,1.0,1.0,On Time,Not Returned,Not Applicable,3.7,Positive,Good value for money.,Instagram,Insta_Reels,SAVE33,311,131,11,3058.0,181.57,201.36,38.7,3116.49,1528.91,1548.88,49.7,11526.61,True,7,23.72540207454544,0.0357142857142857,0.38035118159855774
ORD-367554,2022-07-29,07:13:29,Completed,Marketplace,CUST-020403,Alexis Delgado,23,Female,Premium,Loyal,North Patrick,California,USA,West,58730,Credit Card,Paid,USD,Standard,WH-007,3.0,3.0,On Time,Not Returned,Not Applicable,3.3,Neutral,Not what I expected but it's okay.,Referral,Unknown Campaign,SAVE27,107,38,8,1438.16,441.36,69.77,6.05,1072.62,827.5699999999999,239.00000000000003,22.28,12069.55,True,8,19.188578022987546,0.0892857142857143,0.3983020502950979
ORD-331647,2025-03-07,08:24:19,Completed,Website,CUST-023190,Brent Ballard,49,Male,Consumer,Loyal,South Andres,Michigan,USA,Central,61330,Credit Card,Paid,USD,Standard,WH-006,10.0,7.0,Delayed,Not Returned,Not Applicable,3.6,Positive,"Product is okay, nothing special but works.",Facebook Ads,Unknown Campaign,No Coupon,276,133,7,2759.55,194.29,179.57,22.020000000000003,2766.85,1567.9499999999998,1176.88,42.54,7513.17,True,8,23.05965222010388,0.5535714285714286,0.24765745031804323
ORD-494806,2025-10-08,02:37:45,Completed,Website,CUST-021128,Sarah Yoder,27,Male,Consumer,Loyal,South Matthew,Scotland,UK,North,55938,Debit Card,Paid,GBP,Standard,WH-007,5.0,5.0,On Time,Not Returned,Not Applicable,3.7,Positive,Decent quality for the price.,Organic Search,Unknown Campaign,No Coupon,207,136,5,1924.58,201.22,344.67,9.68,2077.71,947.37,1120.66,53.94,6840.83,True,5,20.846281437813015,0.1607142857142857,0.22542831439246788
ORD-275888,2025-07-30,11:02:01,Completed,Mobile App,CUST-023260,Christopher Stevens,34,Female,Premium,Loyal,West Andrea,Lower Saxony,Germany,North,36153,Digital Wallet,Paid,EUR,Economy,WH-004,8.0,9.0,Early,Not Returned,Not Applicable,3.4,Neutral,Product has some issues but it works.,Affiliate,Unknown Campaign,No Coupon,68,35,4,946.98,368.88,109.84,0.7000000000000002,688.64,345.95,341.99,49.66,11907.72,True,6,17.00028225498787,0.2857142857142857,0.39295157127133634
ORD-111770,2023-06-15,11:19:25,Completed,Mobile App,CUST-017980,Kevin Walker,45,Female,Consumer,Loyal,East Dwayneview,Ohio,USA,Central,19645,Credit Card,Paid,USD,Economy,WH-007,8.0,8.0,On Time,Not Returned,Not Applicable,3.8,Positive,Satisfied with the purchase.,Affiliate,Affiliate_Partner,No Coupon,471,392,5,4885.29,496.01,307.24,15.53,4712.05,3005.23,1691.29,35.89,15863.92,True,11,26.974232343603536,0.4821428571428571,0.523752814018698
ORD-773021,2025-03-06,22:31:00,Completed,Website,CUST-005606,Timothy Brown,29,Male,Premium,Loyal,East Amber,Northern Ireland,UK,West,49277,PayPal,Pending,GBP,Standard,WH-006,3.0,3.0,On Time,Not Returned,Not Applicable,4.2,Positive,Satisfied with the purchase.,TikTok,Unknown Campaign,No Coupon,243,48,12,2281.83,268.38,402.69000000000005,13.98,2430.12,1158.9499999999998,1257.1899999999998,51.73,9650.97,True,6,21.868821126804534,0.1964285714285714,0.3183381279241576
ORD-940830,2021-02-19,18:00:55,Completed,Marketplace,CUST-000631,Tina Williams,69,Female,Business,Loyal,Quinnhaven,Northern Ireland,UK,West,4907,Digital Wallet,Paid,GBP,Economy,WH-016,10.0,6.0,Delayed,Not Returned,Not Applicable,4.1,Positive,"Product is okay, nothing special but works.",Referral,Unknown Campaign,No Coupon,319,254,6,2831.52,176.06,531.09,8.41,3194.96,1657.88,1528.67,47.85,12611.82,True,4,23.225058638654243,0.9107142857142856,0.4162307672215961
ORD-608855,2022-06-03,06:01:34,Completed,Website,CUST-020236,Kristin Gonzales,65,Male,Consumer,Loyal,East Justinshire,Maharashtra,India,West,57162,Credit Card,Paid,INR,Same Day,WH-006,1.0,1.0,On Time,Not Returned,Not Applicable,3.5,Positive,Decent quality for the price.,Direct,Default_Campaign,No Coupon,2,1,1,11.7,0.57,2.0,15.72,28.85,3.47,9.66,33.48,3602.8,True,4,3.3269916368222434,0.8392857142857142,0.1183714547662509
ORD-147754,2025-10-19,15:02:19,Returned,Website,CUST-015034,Matthew Young,50,Male,Consumer,Loyal,New Jesse,Scotland,UK,North,24980,Credit Card,Refunded,GBP,Standard,WH-011,,,Cancelled,Returned,Size Issue,,,,Referral,Unknown Campaign,No Coupon,0,0,1,6.31,0.0,1.26,5.23,12.8,1.97,5.6,43.75,4235.030000000001,True,6,2.3038462788576584,0.5714285714285714,0.13927446010019875
ORD-741921,2021-12-08,04:42:54,Completed,Website,CUST-002184,Paul Lopez,48,Male,Consumer,Loyal,South Tracy,Georgia,USA,South,36401,Digital Wallet,Paid,USD,Same Day,WH-009,0.0,0.0,On Time,Not Returned,Not Applicable,3.5,Positive,Met my expectations. Would recommend.,Google Ads,Unknown Campaign,No Coupon,362,353,9,4962.74,1604.12,235.11,35.08,3628.81,2873.98,719.75,19.83,13799.72,True,5,27.089627035871697,0.5357142857142857,0.4555055248828849
ORD-787076,2025-05-23,05:01:34,Completed,Website,CUST-004416,Julie Watkins,68,Male,VIP,Loyal,North Christianport,Florida,USA,South,99369,Bank Transfer,Paid,USD,Economy,WH-004,5.0,5.0,On Time,Not Returned,Not Applicable,3.9,Positive,Good product. Works as expected.,Instagram,Unknown Campaign,No Coupon,4,4,1,49.71,10.85,2.72,0.2599999999999998,41.84,17.46,24.12,57.65,8952.2,True,7,6.39210224084436,0.8928571428571428,0.29523515426393476
ORD-812845,2024-07-26,12:40:26,Cancelled,Mobile App,CUST-019978,Luis Ortega,68,Male,Premium,Loyal,Lake Keithview,Scotland,UK,North,11882,Digital Wallet,Failed,GBP,Express,WH-017,,,Cancelled,Not Returned,Not Applicable,,,,Facebook Ads,FB_Dynamic,No Coupon,0,0,1,110.35,0.0,22.07,9.9,142.32,46.49,85.93,60.38,8558.05,True,7,8.582743364353554,0.8928571428571428,0.2822036316339179
ORD-877773,2025-10-15,20:19:19,Pending,Mobile App,CUST-011748,Frances Clark,34,Male,Consumer,Loyal,East John,Bavaria,Germany,South,28274,Bank Transfer,Paid,EUR,Express,WH-008,,,Cancelled,Not Returned,Not Applicable,,,,Google Ads,Google_Search_Q1,No Coupon,0,0,6,1708.65,126.81,300.55,17.47,1899.86,786.12,1096.27,57.7,11928.34,True,8,20.15546016916838,0.2857142857142857,0.3936333167911409
ORD-878217,2024-12-12,06:41:29,Completed,Website,CUST-024327,John Knight,61,Non-Binary,Consumer,Loyal,Emilyview,Dubai,UAE,South,54556,Credit Card,Paid,AED,Express,WH-011,3.0,1.0,Delayed,Not Returned,Not Applicable,2.8,Neutral,Product has some issues but it works.,Instagram,Insta_Reels,No Coupon,53,11,6,649.1,162.5,24.33,25.03,535.96,255.33,255.6,47.69,4638.13,True,7,15.198479628684028,0.7678571428571428,0.15260189070316663
ORD-500817,2024-02-01,14:38:41,Pending,Website,CUST-001795,Evan Lee,37,Male,Premium,Loyal,Port Howard,Ajman,UAE,North,85620,Buy Now Pay Later,Paid,AED,Standard,WH-018,,,Cancelled,Not Returned,Not Applicable,,,,Referral,Unknown Campaign,No Coupon,0,0,4,634.84,49.94,29.25,16.48,630.63,326.31,287.84000000000003,45.64,7289.85,True,10,15.097392270793273,0.3392857142857143,0.24027396780190632
ORD-527048,2023-05-19,03:59:49,Completed,Social Media,CUST-012627,Ashley Livingston,28,Female,Premium,Returning,Tashaville,Wales,UK,West,16331,PayPal,Paid,GBP,Standard,WH-010,7.0,7.0,On Time,Not Returned,Not Applicable,3.6,Positive,Good value for money.,YouTube,Unknown Campaign,SAVE43,112,20,4,1030.04,97.3,186.55,1.9200000000000004,1121.21,381.69,737.6,65.79,6842.62,True,3,17.423540744043823,0.1785714285714286,0.22548749598705808
ORD-684744,2023-10-19,17:13:35,Completed,Mobile App,CUST-000530,Deanna Miranda,65,Male,Business,Returning,Hallbury,California,USA,West,19338,Debit Card,Pending,USD,Standard,WH-014,5.0,5.0,On Time,Not Returned,Not Applicable,4.0,Positive,"Product is okay, nothing special but works.",Direct,Unknown Campaign,No Coupon,19,4,1,211.72,38.72,12.11,5.92,191.03,73.84,111.27,58.25,815.14,True,3,10.70305263027629,0.8392857142857142,0.026204882712990096
ORD-333566,2024-06-02,06:15:57,Completed,Mobile App,CUST-019322,Molly Clark,49,Female,Premium,Loyal,Lake Shellyshire,California,USA,West,73422,Digital Wallet,Paid,USD,Economy,WH-007,9.0,9.0,On Time,Not Returned,Not Applicable,3.4,Neutral,Not what I expected but it's okay.,Organic Search,Default_Campaign,No Coupon,22,20,2,198.19,4.79,13.54,13.19,220.13,73.77,133.17,60.5,8189.51,True,9,10.473121661027893,0.5535714285714286,0.2700188356170045
ORD-754005,2022-03-08,14:59:27,Completed,Mobile App,CUST-013146,James Martinez,64,Female,Consumer,Loyal,Bryanfurt,Texas,USA,South,56290,Bank Transfer,Paid,USD,Standard,WH-017,7.0,7.0,On Time,Not Returned,Not Applicable,3.9,Positive,"Product is okay, nothing special but works.",Google Ads,Unknown Campaign,No Coupon,82,75,7,889.8499999999999,138.93,52.57,21.44,824.9300000000001,483.95,319.54,38.74,10606.19,True,7,16.692350323797232,0.8214285714285714,0.34991993953558653
ORD-898207,2024-08-04,10:46:58,Completed,Website,CUST-013870,Laurie Graham,68,Male,Premium,Loyal,Franklinmouth,Texas,USA,South,72749,Credit Card,Paid,USD,Standard,WH-007,10.0,7.0,Delayed,Not Returned,Not Applicable,3.7,Positive,Good product. Works as expected.,Organic Search,Default_Campaign,No Coupon,44,35,3,437.19,26.64,28.74,2.83,442.12,225.75,213.54,48.3,1823.81,True,5,13.476289725305806,0.8928571428571428,0.05955387657628854
ORD-217578,2023-06-09,11:31:46,Completed,Mobile App,CUST-008876,Heather Matthews,57,Male,Consumer,Loyal,West Kevinport,Pennsylvania,USA,East,41298,Debit Card,Paid,USD,Economy,WH-013,4.0,6.0,Early,Not Returned,Not Applicable,4.6,Positive,Perfect product for my needs. Will buy again.,Direct,Unknown Campaign,No Coupon,475,337,6,4829.820000000001,407.88,309.53,19.71,4751.179999999999,2484.91,2246.5600000000004,47.28,10987.84,True,9,26.89072243387637,0.6964285714285714,0.36253818287377226
ORD-610748,2025-11-04,15:54:35,Completed,Website,CUST-021470,Megan Baldwin,42,Male,Consumer,Loyal,East Tracyview,Texas,USA,South,49729,Buy Now Pay Later,Paid,USD,Standard,WH-008,7.0,7.0,On Time,Not Returned,Not Applicable,3.3,Neutral,Product has some issues but it works.,Google Ads,Unknown Campaign,No Coupon,149,55,4,1539.4,157.28,96.75,20.87,1499.74,632.62,846.25,56.43,7558.149999999999,True,5,19.565580836083743,0.4285714285714286,0.24914459452176804
ORD-447207,2025-04-24,04:27:31,Completed,Social Media,CUST-024819,James Richardson,32,Male,Business,Loyal,South Alexander,North Carolina,USA,South,51058,Buy Now Pay Later,Paid,USD,Economy,WH-017,10.0,10.0,On Time,Not Returned,Not Applicable,3.7,Positive,Good product. Works as expected.,Facebook Ads,Unknown Campaign,SAVE32,48,33,2,498.96,49.76,31.44,3.24,483.88,234.12,246.52,50.95,9024.95,True,11,14.034514927248276,0.25,0.29764043974239146
ORD-402691,2024-10-06,07:42:45,Returned,Website,CUST-013679,Jonathon Marquez,40,Female,Business,Returning,East Maria,Northern Ireland,UK,West,98330,Buy Now Pay Later,Refunded,GBP,Standard,WH-015,,,Cancelled,Returned,Product Not as Expected,,,,Facebook Ads,Unknown Campaign,SAVE15,0,0,3,464.76,0.0,92.95,14.919999999999998,572.63,263.06,294.65,51.46,3228.5,True,3,13.732447594246047,0.3928571428571428,0.10599621965166177
ORD-217438,2023-07-07,11:19:45,Completed,Website,CUST-019111,Lindsay Wagner,37,Male,VIP,Loyal,Parkerburgh,England,UK,North,32274,Cash on Delivery,Paid,GBP,Standard,WH-004,4.0,4.0,On Time,Not Returned,Not Applicable,4.7,Positive,Product arrived quickly and works perfectly.,Affiliate,Unknown Campaign,No Coupon,409,329,14,4235.3,843.96,678.2699999999999,22.72,4092.33,2494.7,1574.91,38.48,19670.96,True,8,25.946032035692497,0.3392857142857143,0.6496224776324981
ORD-930129,2025-05-10,02:03:17,Completed,Mobile App,CUST-016163,Tiffany Vaughn,22,Female,VIP,Loyal,Porterburgh,Illinois,USA,Central,3031,Credit Card,Paid,USD,Standard,WH-014,3.0,4.0,Early,Not Returned,Not Applicable,3.7,Positive,Met my expectations. Would recommend.,Facebook Ads,FB_Dynamic,No Coupon,841,27,11,8777.4,935.08,548.97,28.430000000000003,8419.72,5650.94,2740.35,32.55,14821.1,True,8,31.573635432550084,0.07142857142857145,0.4892747411301172
ORD-567393,2021-12-14,15:38:47,Completed,Mobile App,CUST-021254,George Howard,41,Female,Premium,Loyal,Ryanfurt,Georgia,USA,South,51052,Digital Wallet,Paid,USD,Standard,WH-007,6.0,6.0,On Time,Not Returned,Not Applicable,3.6,Positive,Decent quality for the price.,Google Ads,Google_Search_Q1,No Coupon,282,213,15,5558.21,2943.84,183.0,29.48,2826.8500000000004,2886.87,-89.49999999999999,-3.17,9530.46,True,8,27.933651561757156,0.4107142857142857,0.3143537849274728
ORD-538790,2025-06-07,00:48:45,Completed,Mobile App,CUST-020505,Christopher Williams,30,Female,Consumer,Loyal,Richardsfort,California,USA,West,25216,Digital Wallet,Paid,USD,Economy,WH-015,5.0,5.0,On Time,Not Returned,Not Applicable,4.0,Positive,Good product. Works as expected.,Referral,Unknown Campaign,SAVE35,284,179,11,2991.58,344.99,185.26,14.72,2846.57,1566.6600000000003,1265.1900000000005,44.45,7117.75,True,5,23.581691549183144,0.2142857142857143,0.23458393851197634
ORD-503242,2024-01-07,11:34:31,Completed,Marketplace,CUST-012150,Bridget Anderson,51,Male,Business,Loyal,West Bradleyland,Michigan,USA,Central,50762,Credit Card,Paid,USD,Standard,WH-006,7.0,7.0,On Time,Not Returned,Not Applicable,4.5,Positive,Great quality and fast shipping. Highly recommend!,Organic Search,Unknown Campaign,SAVE37,141,73,7,1423.53,117.28,91.44,15.35,1413.04,706.22,691.47,48.93,3642.29,True,6,19.132431412391956,0.5892857142857143,0.11967708670500356
ORD-826045,2025-12-12,23:36:45,Completed,Website,CUST-002213,David Murray,50,Male,Premium,Loyal,Perezberg,California,USA,West,4628,Buy Now Pay Later,Paid,USD,Standard,WH-001,5.0,5.0,On Time,Not Returned,Not Applicable,3.7,Positive,Good product. Works as expected.,Organic Search,Unknown Campaign,No Coupon,66,50,9,766.61,174.48000000000002,41.45,29.89,663.47,302.36,331.22,49.92,8984.310000000001,True,5,15.972641869163887,0.5714285714285714,0.2962967861087904
ORD-759596,2022-08-01,00:30:47,Completed,Marketplace,CUST-001579,Lori Cross,31,Male,Premium,Loyal,Carlsonside,Tamil Nadu,India,South,9893,Debit Card,Paid,INR,Same Day,WH-013,0.0,1.0,Early,Not Returned,Not Applicable,4.7,Positive,Perfect product for my needs. Will buy again.,Organic Search,Unknown Campaign,No Coupon,83,76,5,778.05,84.71,124.8,20.27,838.41,391.56,426.58,50.88,3200.95,True,6,16.04303462626692,0.2321428571428571,0.10508535209246612
ORD-641712,2021-10-20,03:37:09,Completed,Mobile App,CUST-020831,Sean Ellis,44,Non-Binary,Premium,Loyal,New Veronicabury,Illinois,USA,Central,14578,Cash on Delivery,Paid,USD,Standard,WH-018,5.0,5.0,On Time,Not Returned,Not Applicable,4.4,Positive,"Product is okay, nothing special but works.",TikTok,Default_Campaign,SAVE39,54,37,2,519.72,26.73,34.51,15.14,542.64,222.72,304.78000000000003,56.17,5223.23,True,7,14.210218832805321,0.4642857142857143,0.17194666779519466
ORD-805834,2024-10-12,18:00:07,Completed,Social Media,CUST-003856,Kelly Williams,31,Male,Consumer,Loyal,Lake Nicoleberg,Victoria,Australia,South,3226,PayPal,Paid,AUD,Standard,WH-008,6.0,6.0,On Time,Not Returned,Not Applicable,3.8,Positive,"Product is okay, nothing special but works.",Direct,Default_Campaign,SAVE14,253,133,14,2473.15,252.79,222.04,94.31,2536.71,1232.96,1209.44,47.68,15183.56,True,8,22.366742343408113,0.2321428571428571,0.5012585180994839
ORD-613985,2022-11-09,13:51:16,Completed,Website,CUST-008636,Jennifer Benjamin,27,Female,Premium,Loyal,Youngstad,Northern Ireland,UK,West,72326,Credit Card,Paid,GBP,Express,WH-008,2.0,2.0,On Time,Not Returned,Not Applicable,4.0,Positive,Good product. Works as expected.,Organic Search,Unknown Campaign,No Coupon,201,115,7,3350.1800000000003,1683.01,333.43999999999994,11.09,2011.7,2202.05,-201.44,-10.01,13481.89,True,8,24.33058226378644,0.1607142857142857,0.4449973202970718
ORD-938856,2023-08-25,05:51:07,Completed,Mobile App,CUST-014499,Jason Hernandez,23,Female,Premium,Loyal,New Kristin,Scotland,UK,North,33040,Credit Card,Paid,GBP,Express,WH-017,1.0,1.0,On Time,Not Returned,Not Applicable,3.9,Positive,Good product. Works as expected.,Google Ads,Google_Shopping,No Coupon,51,27,3,488.66,73.65,83.00999999999999,13.49,511.51,227.42,270.6,52.9,11527.24,True,8,13.945254900516158,0.0892857142857143,0.380372010874866
ORD-324161,2021-11-30,13:51:59,Completed,Social Media,CUST-014382,Ann Sanford,46,Female,Consumer,Loyal,Jefferyburgh,North Carolina,USA,South,42284,Cash on Delivery,Paid,USD,Economy,WH-002,5.0,5.0,On Time,Not Returned,Not Applicable,3.9,Positive,Satisfied with the purchase.,Instagram,Unknown Campaign,No Coupon,16,0,3,259.71,111.35,10.39,3.22,161.97,170.91,-12.16,-7.51,4853.73,True,5,11.437343393328579,0.5,0.15973013192866864
ORD-717471,2022-05-21,22:37:49,Pending,Website,CUST-022712,Amanda Brown,56,Male,Premium,Loyal,North Teresaburgh,New York,USA,East,43666,Digital Wallet,Failed,USD,Economy,WH-004,,,Cancelled,Not Returned,Not Applicable,,,,Email Marketing,Promo_Email,No Coupon,0,0,14,3440.42,566.62,201.16000000000005,19.36,3094.32,1641.5600000000002,1433.4,46.32,6773.639999999999,True,5,24.5093026950613,0.6785714285714286,0.22320685554301758
ORD-242088,2021-12-14,00:35:23,Completed,Mobile App,CUST-006524,Emily Gilmore,62,Female,Consumer,Loyal,Brownside,Sharjah,UAE,North,76662,Credit Card,Paid,AED,Standard,WH-016,5.0,5.0,On Time,Not Returned,Not Applicable,4.3,Positive,Satisfied with the purchase.,Organic Search,Default_Campaign,No Coupon,61,22,3,808.05,226.34,29.09,8.02,618.82,386.31,224.49,36.28,4691.62,True,5,16.22393948419466,0.7857142857142856,0.15437039544877007
ORD-444701,2023-05-22,01:45:42,Completed,Website,CUST-021124,Stacey Marshall,21,Female,Premium,Loyal,South Billy,California,USA,West,24995,Digital Wallet,Paid,USD,Same Day,WH-016,0.0,0.0,On Time,Not Returned,Not Applicable,3.6,Positive,Met my expectations. Would recommend.,TikTok,Unknown Campaign,No Coupon,44,20,3,399.95,16.490000000000002,26.840000000000003,32.4,442.7,211.78,198.52,44.84,12469.97,True,10,13.109872045234297,0.0535714285714286,0.4115408738178972
ORD-399214,2023-12-08,07:41:16,Pending,Social Media,CUST-001719,Amber Farmer,21,Male,Premium,Loyal,East Craig,New York,USA,East,46201,Digital Wallet,Paid,USD,Express,WH-018,,,Cancelled,Not Returned,Not Applicable,,,,TikTok,Unknown Campaign,No Coupon,0,0,9,891.79,289.79,42.14,12.1,656.24,298.92,345.22,52.61,4230.26,True,5,16.703051736403452,0.0535714285714286,0.139116752722436
ORD-828591,2021-11-30,23:24:06,Completed,Mobile App,CUST-018316,Laura Perez,56,Male,VIP,Loyal,Stephanieview,Hesse,Germany,Central,46480,Credit Card,Paid,EUR,Standard,WH-017,3.0,3.0,On Time,Not Returned,Not Applicable,3.2,Neutral,Quality could be improved.,YouTube,Unknown Campaign,No Coupon,229,15,6,4076.7,2150.22,366.03,5.77,2298.28,2533.0,-240.49,-10.46,7673.059999999999,True,6,25.676953581749874,0.6785714285714286,0.2529437883957126
ORD-366843,2024-03-07,21:57:20,Completed,Mobile App,CUST-006977,Lindsay Lopez,57,Female,Consumer,Loyal,South Cameron,Abu Dhabi,UAE,South,27400,PayPal,Paid,AED,Standard,WH-019,6.0,6.0,On Time,Not Returned,Not Applicable,3.2,Neutral,Mixed feelings about this purchase.,Direct,Unknown Campaign,SAVE39,192,142,7,1820.06,10.2,90.49,28.01,1928.36,939.77,960.58,49.81,3779.67,True,4,20.519738908600925,0.6964285714285714,0.1242191914339436
ORD-676952,2023-06-17,07:59:25,Completed,Mobile App,CUST-014069,Cory Brewer,22,Female,Consumer,Returning,Rebeccaton,Hesse,Germany,Central,51688,Cash on Delivery,Paid,EUR,Standard,WH-009,5.0,5.0,On Time,Not Returned,Not Applicable,3.8,Positive,Satisfied with the purchase.,Email Marketing,Unknown Campaign,No Coupon,129,52,6,1238.65,165.92000000000002,203.81,14.7,1291.2399999999998,544.1600000000001,732.38,56.72,4923.5,True,3,18.381728832812794,0.07142857142857145,0.16203689162395288
ORD-939335,2021-07-04,12:25:34,Completed,Marketplace,CUST-010650,Tiffany Edwards,55,Female,Premium,Loyal,North Williammouth,Florida,USA,South,14690,PayPal,Paid,USD,Standard,WH-005,7.0,7.0,On Time,Not Returned,Not Applicable,3.7,Positive,Decent quality for the price.,Email Marketing,Unknown Campaign,No Coupon,90,33,5,1293.31,447.05,59.24,4.0200000000000005,909.52,549.52,355.98,39.14,4052.86,True,4,18.612135805792626,0.6607142857142857,0.13325149301276967
ORD-761041,2021-07-01,21:57:49,Completed,Website,CUST-021673,Brandon White,40,Female,Premium,Loyal,North Raymond,South Australia,Australia,South,71047,Debit Card,Pending,AUD,Standard,WH-014,7.0,7.0,On Time,Not Returned,Not Applicable,3.6,Positive,Good product. Works as expected.,Facebook Ads,FB_Dynamic,No Coupon,142,26,10,1975.24,703.73,127.15,23.89,1422.5500000000002,957.05,441.61,31.04,8379.0,True,5,20.99968831272867,0.3928571428571428,0.27628381905772986
ORD-462216,2024-06-10,04:43:32,Cancelled,Website,CUST-005597,John Terry,61,Female,Consumer,Loyal,Leslieland,Illinois,USA,Central,38226,PayPal,Failed,USD,Economy,WH-003,,,Cancelled,Not Returned,Not Applicable,,,,Instagram,Unknown Campaign,No Coupon,0,0,6,1847.61,0.0,129.32999999999998,30.29,2007.23,987.72,989.22,49.28,6500.74,True,6,20.607176221512614,0.7678571428571428,0.214184142043762
ORD-850708,2024-01-20,06:03:31,Completed,Social Media,CUST-024988,Carlos Garcia,39,Male,Premium,Loyal,Robertland,Pennsylvania,USA,East,92810,Credit Card,Paid,USD,Express,WH-018,1.0,1.0,On Time,Not Returned,Not Applicable,3.6,Positive,Met my expectations. Would recommend.,Organic Search,Default_Campaign,No Coupon,388,1,6,4794.31,1176.87,253.21,15.09,3885.74,2998.04,872.61,22.46,9804.57,True,9,26.836875981978594,0.375,0.32341650386217763
ORD-455516,2023-07-08,15:51:05,Completed,Social Media,CUST-003791,James Brewer,42,Female,Consumer,Returning,Lake Brian,Scotland,UK,North,74869,Credit Card,Paid,GBP,Standard,WH-012,2.0,4.0,Early,Not Returned,Not Applicable,4.0,Positive,Decent quality for the price.,Organic Search,Default_Campaign,No Coupon,488,131,18,5500.8,1462.79,807.6,39.83,4885.4400000000005,3398.7599999999998,1446.85,29.62,5143.35,True,2,27.855382950620722,0.4285714285714286,0.1693056478086775
ORD-890067,2025-03-30,08:48:18,Completed,Mobile App,CUST-003174,Melissa Martinez,55,Male,Consumer,Loyal,Wrightmouth,California,USA,West,42568,Debit Card,Paid,USD,Economy,WH-005,10.0,7.0,Delayed,Not Returned,Not Applicable,3.2,Neutral,Product has some issues but it works.,Organic Search,Default_Campaign,SAVE13,615,116,11,6213.55,495.26,400.28,40.95,6159.52,3201.57,2917.0,47.36,12466.02,True,6,28.785967698949374,0.6607142857142857,0.41141027756167864
ORD-501919,2025-02-14,03:39:18,Completed,Mobile App,CUST-013126,James Ibarra,42,Female,Premium,Loyal,Eugenefurt,Texas,USA,South,35601,Credit Card,Paid,USD,Standard,WH-008,7.0,7.0,On Time,Not Returned,Not Applicable,3.5,Positive,Good product. Works as expected.,Google Ads,Google_Display,No Coupon,4,0,2,47.68,8.7,2.73,2.6900000000000004,44.4,18.38,23.33,52.55,13194.55,True,9,6.2884450015153135,0.4285714285714286,0.43549718655989295
ORD-491103,2024-11-06,17:00:07,Completed,Website,CUST-016341,Sharon Freeman,71,Male,Premium,Loyal,Matthewport,California,USA,West,43566,Buy Now Pay Later,Paid,USD,Standard,WH-016,7.0,7.0,On Time,Not Returned,Not Applicable,3.5,Positive,Satisfied with the purchase.,Instagram,Insta_Stories,No Coupon,7,4,1,79.22,10.06,4.84,3.45,77.45,42.8,31.2,40.28,2200.4300000000003,True,4,7.622338885245696,0.9464285714285714,0.07200581632744153
ORD-125426,2024-01-15,06:52:05,Completed,Website,CUST-019636,Benjamin Rasmussen,71,Male,Consumer,Loyal,South Sharon,Michigan,USA,Central,67990,Debit Card,Paid,USD,Standard,WH-017,4.0,6.0,Early,Not Returned,Not Applicable,4.6,Positive,Best purchase I've made this year!,TikTok,Unknown Campaign,SAVE48,58,14,3,566.82,24.71,37.95,6.47,586.53,300.72,279.34,47.63,4428.31,True,5,14.58977446013483,0.9464285714285714,0.14566474982220726
ORD-178215,2022-03-26,08:25:39,Completed,Website,CUST-019333,Alexandra Kim,56,Female,Consumer,Loyal,New Angelica,Illinois,USA,Central,60970,Debit Card,Paid,USD,Standard,WH-011,3.0,3.0,On Time,Not Returned,Not Applicable,2.7,Neutral,Average product. Could be better.,Organic Search,Unknown Campaign,No Coupon,23,13,2,215.58,9.27,14.45,11.65,232.41,104.43,116.33,50.05,6457.09,True,8,10.766581851499563,0.6785714285714286,0.21274097075668794
ORD-857440,2025-04-06,13:47:32,Completed,Mobile App,CUST-021197,Timothy Nguyen,26,Male,Premium,Loyal,Thomasborough,Northern Ireland,UK,West,93726,PayPal,Paid,GBP,Standard,WH-012,6.0,6.0,On Time,Not Returned,Not Applicable,4.4,Positive,"Product is okay, nothing special but works.",Instagram,Unknown Campaign,No Coupon,88,88,9,926.53,190.82,147.14,5.789999999999999,888.64,429.07,453.78,51.06,10166.38,True,11,16.891733078291832,0.14285714285714285,0.33537879030836915
ORD-105483,2024-09-14,07:22:49,Completed,Website,CUST-014547,Seth Perez,68,Male,Consumer,Loyal,Bondstad,New York,USA,East,46096,Cash on Delivery,Paid,USD,Standard,WH-004,2.0,3.0,Early,Not Returned,Not Applicable,3.5,Positive,Good product. Works as expected.,Google Ads,Unknown Campaign,No Coupon,80,43,7,801.38,65.00999999999999,51.55,17.77,805.69,323.68,464.24,57.62,5368.06,True,7,16.184168493990445,0.8928571428571428,0.17673508698206603
ORD-368263,2022-02-13,23:15:00,Returned,Mobile App,CUST-008801,Crystal Adams,48,Male,Consumer,Loyal,Elizabethbury,Illinois,USA,Central,36907,Bank Transfer,Refunded,USD,Express,WH-004,,,Cancelled,Returned,Wrong Product,,,,Facebook Ads,Unknown Campaign,No Coupon,0,0,5,2640.61,0.0,184.84,21.43,2846.88,1609.98,1215.47,42.69,16884.3,True,7,22.778907457926593,0.5357142857142857,0.5574889679225838
ORD-729670,2021-06-18,03:16:37,Completed,Mobile App,CUST-023730,Courtney Harris,33,Male,Business,Loyal,Hortonburgh,Lower Saxony,Germany,North,34336,Credit Card,Paid,EUR,Express,WH-009,1.0,1.0,On Time,Not Returned,Not Applicable,3.7,Positive,Good value for money.,Google Ads,Google_Shopping,SAVE37,209,203,9,2081.67,338.36,331.22,24.55,2099.08,971.47,1103.06,52.55,7980.9,True,6,21.312414230255783,0.2678571428571429,0.2631217001714944
ORD-668060,2022-02-04,11:43:46,Completed,Website,CUST-013510,Leslie May,61,Male,Consumer,Loyal,South Jimmy,Quebec,Canada,East,34701,Debit Card,Paid,CAD,Express,WH-002,3.0,3.0,On Time,Not Returned,Not Applicable,4.0,Positive,Met my expectations. Would recommend.,Organic Search,Default_Campaign,No Coupon,181,98,8,1728.11,171.55,202.36,55.98,1814.9,856.12,902.8,49.74,13091.18,True,9,20.220373966112845,0.7678571428571428,0.43207953212816685
ORD-317263,2025-03-17,05:37:02,Completed,Mobile App,CUST-017726,Brian Morris,41,Female,Consumer,Loyal,East Anthony,Georgia,USA,South,28911,PayPal,Paid,USD,Express,WH-010,1.0,1.0,On Time,Not Returned,Not Applicable,3.7,Positive,Met my expectations. Would recommend.,Direct,Unknown Campaign,No Coupon,34,13,5,342.99,51.68000000000001,20.4,33.01,344.72,172.82999999999998,138.88,40.29,10291.97,True,9,12.495245204373838,0.4107142857142857,0.33953109000925413
ORD-791388,2022-10-30,06:54:08,Cancelled,Mobile App,CUST-006291,Tracy Cox,57,Female,Premium,Loyal,Lake Annehaven,Texas,USA,South,81358,Digital Wallet,Failed,USD,Economy,WH-008,,,Cancelled,Not Returned,Not Applicable,,,,Referral,Referral_Program,No Coupon,0,0,5,1126.35,0.0,78.84,27.880000000000003,1233.0700000000002,466.52,738.67,59.9,11678.64,True,8,17.88277265896604,0.6964285714285714,0.3853776496575237
ORD-655952,2023-07-26,16:07:27,Completed,Website,CUST-017441,Rodney Casey,35,Male,Premium,Loyal,Lake Christopher,Texas,USA,South,93269,Digital Wallet,Paid,USD,Standard,WH-005,2.0,3.0,Early,Not Returned,Not Applicable,4.1,Positive,Decent quality for the price.,Instagram,Unknown Campaign,No Coupon,215,59,3,2379.12,367.7,140.8,2.6500000000000004,2154.87,1034.97,1117.25,51.85,7940.1,True,6,22.12585692217461,0.3035714285714286,0.26177275656295784
ORD-244866,2021-10-20,09:37:49,Completed,Mobile App,CUST-017731,Scott Torres,66,Male,Business,Loyal,East John,Abu Dhabi,UAE,South,87100,Credit Card,Paid,AED,Standard,WH-017,5.0,5.0,On Time,Not Returned,Not Applicable,3.7,Positive,"Product is okay, nothing special but works.",Direct,Default_Campaign,No Coupon,34,5,2,337.11,21.79,15.77,15.43,346.52,119.07,212.02,61.19,4851.929999999999,True,5,12.427444506676927,0.8571428571428572,0.15967061971064497
ORD-992729,2021-07-16,18:50:14,Completed,Mobile App,CUST-020939,Cory Walker,24,Male,Consumer,Loyal,East Carrietown,Texas,USA,South,23040,Bank Transfer,Paid,USD,Standard,WH-001,4.0,4.0,On Time,Not Returned,Not Applicable,2.9,Neutral,Mixed feelings about this purchase.,Direct,Unknown Campaign,No Coupon,2,1,1,22.99,3.56,1.36,5.62,26.41,7.84,12.95,49.03,6958.53,True,8,4.6296275031073675,0.10714285714285715,0.22931975220434908
ORD-946764,2022-12-12,15:48:27,Completed,Mobile App,CUST-007336,Heather Hill,44,Male,Premium,Returning,Marshport,Northern Ireland,UK,West,7841,Digital Wallet,Paid,GBP,Express,WH-005,3.0,3.0,On Time,Not Returned,Not Applicable,3.5,Positive,Decent quality for the price.,Direct,Unknown Campaign,No Coupon,53,24,4,609.3199999999999,172.54000000000002,87.36000000000001,11.29,535.4300000000001,304.14,220.0,41.09,1019.16,True,2,14.91205972141708,0.4642857142857143,0.032950262002539844
ORD-529833,2023-11-26,19:38:09,Cancelled,Mobile App,CUST-021107,Trevor Hall,66,Male,Consumer,Loyal,South Shelley,Pennsylvania,USA,East,56972,Debit Card,Failed,USD,Standard,WH-009,,,Cancelled,Not Returned,Not Applicable,,,,Facebook Ads,Unknown Campaign,No Coupon,0,0,3,1857.45,0.0,130.01999999999998,11.85,1999.32,989.78,997.69,49.9,11166.46,True,8,20.63816418265223,0.8571428571428572,0.3684437786423213
ORD-141306,2024-10-17,13:45:07,Completed,Marketplace,CUST-016781,Tammy Williams,52,Male,Premium,Loyal,North Bradleymouth,California,USA,West,16142,PayPal,Paid,USD,Standard,WH-008,4.0,4.0,On Time,Not Returned,Not Applicable,4.7,Positive,Very happy with the quality and price.,Email Marketing,Unknown Campaign,No Coupon,199,154,7,2123.0,262.35,130.25,7.52,1998.42,878.66,1112.24,55.66,14005.75,True,11,21.430558463843607,0.6071428571428571,0.46231735948256114
ORD-586726,2021-12-18,21:06:26,Completed,Website,CUST-010026,James Rodriguez,26,Male,Premium,Loyal,East Lindaland,Pennsylvania,USA,East,95190,Digital Wallet,Paid,USD,Standard,WH-011,4.0,4.0,On Time,Not Returned,Not Applicable,4.2,Positive,"Product is okay, nothing special but works.",YouTube,Unknown Campaign,No Coupon,58,48,3,896.31,354.47,37.93,2.54,582.31,275.25,304.52,52.3,14330.24,True,11,16.727915960714896,0.14285714285714285,0.4730457592750618
ORD-928449,2024-06-23,11:24:08,Completed,Mobile App,CUST-007081,Denise Abbott,74,Male,Premium,Loyal,Port Amanda,Pennsylvania,USA,East,33207,Debit Card,Paid,USD,Standard,WH-001,7.0,6.0,Delayed,Not Returned,Not Applicable,2.7,Neutral,Not what I expected but it's okay.,Affiliate,Unknown Campaign,No Coupon,19,8,3,184.23,2.25,12.74,3.58,198.3,68.63,126.09,63.59,7208.36,True,7,10.222920016294212,1.0,0.23757971744260128
ORD-523684,2023-08-10,08:27:10,Completed,Social Media,CUST-005890,Justin Richard,27,Male,Consumer,Loyal,Port Audrey,Texas,USA,South,4752,PayPal,Paid,USD,Economy,WH-010,7.0,5.0,Delayed,Not Returned,Not Applicable,2.4,Negative,Very disappointed with this product.,Referral,Referral_Program,SAVE42,18,5,5,173.4,3.27,11.91,3.44,185.48,68.75,113.29,61.08,14471.8,True,11,10.018616154944413,0.1607142857142857,0.47772606459919015
ORD-283070,2023-01-12,03:38:06,Completed,Website,CUST-009356,Tina Munoz,73,Male,Consumer,Loyal,East Morgan,Texas,USA,South,54435,Credit Card,Paid,USD,Standard,WH-001,7.0,7.0,On Time,Not Returned,Not Applicable,2.9,Neutral,Product has some issues but it works.,Facebook Ads,FB_Dynamic,No Coupon,21,10,1,233.66,34.21,13.96,5.77,219.18,135.26,78.15,35.66,13842.51,True,11,11.053056941766247,0.9821428571428572,0.456920262554681
ORD-650125,2023-07-25,21:30:48,Completed,Mobile App,CUST-005147,Jose Shaw,21,Male,Premium,Loyal,Garciamouth,Texas,USA,South,2453,Bank Transfer,Paid,USD,Economy,WH-004,10.0,10.0,On Time,Not Returned,Not Applicable,3.7,Positive,Good product. Works as expected.,Instagram,Unknown Campaign,No Coupon,196,40,16,2835.07,1018.13,127.19,21.590000000000003,1965.72,1168.08,776.05,39.48,13441.85,True,7,23.2331338144514,0.0535714285714286,0.4436735040694786
ORD-354666,2025-02-04,21:53:40,Returned,Marketplace,CUST-003650,Stacey Miller,28,Male,Consumer,Loyal,Princehaven,Georgia,USA,South,86455,Bank Transfer,Refunded,USD,Express,WH-010,,,Cancelled,Returned,Size Issue,,,,Direct,Unknown Campaign,No Coupon,0,0,1,119.97,0.0,8.4,14.78,143.15,64.39,63.98,44.69,9656.05,True,8,8.836964853952768,0.1785714285714286,0.3185060846283578
ORD-593011,2022-09-04,19:12:56,Completed,Website,CUST-016120,Melissa Rich,21,Female,Consumer,Loyal,Morrowton,California,USA,West,60972,Debit Card,Paid,USD,Economy,WH-005,8.0,8.0,On Time,Not Returned,Not Applicable,3.6,Positive,Met my expectations. Would recommend.,Direct,Unknown Campaign,No Coupon,243,238,4,2824.29,557.01,158.70999999999998,9.48,2435.47,1684.23,741.76,30.46,5627.81,True,5,23.208588578425168,0.0535714285714286,0.18532303066631534
ORD-903290,2023-06-03,04:10:05,Cancelled,Marketplace,CUST-019941,Kenneth Ortega,47,Male,Business,Loyal,Watsonside,Wales,UK,West,28748,Credit Card,Failed,GBP,Standard,WH-017,,,Cancelled,Not Returned,Not Applicable,,,,Direct,Default_Campaign,No Coupon,0,0,1,222.03,0.0,44.41,5.34,271.78,91.49,174.95,64.37,3711.87,True,4,10.870821256211862,0.5178571428571428,0.12197756455505195
ORD-564258,2021-11-05,12:10:27,Completed,Website,CUST-002905,Brian Golden,68,Female,Business,Loyal,Ortizburgh,Pennsylvania,USA,East,93068,Credit Card,Paid,USD,Standard,WH-013,10.0,6.0,Delayed,Not Returned,Not Applicable,2.5,Neutral,Quality could be improved.,Email Marketing,Unknown Campaign,SAVE39,430,228,11,5870.420000000001,1888.5900000000004,278.73,47.64,4308.200000000001,3837.13,423.43,9.83,8315.37,True,6,28.348783463756558,0.8928571428571428,0.27418006215059304
ORD-910343,2025-07-29,07:30:57,Completed,Website,CUST-016451,Julie Castillo,73,Female,Consumer,Loyal,South Miguelport,Tamil Nadu,India,South,49638,Bank Transfer,Paid,INR,Standard,WH-019,7.0,7.0,On Time,Not Returned,Not Applicable,3.4,Neutral,Mixed feelings about this purchase.,Direct,Default_Campaign,SAVE25,138,94,4,1247.2,79.93,210.11,3.72,1381.1,469.76,907.62,65.72,18621.14,True,10,18.41827641225969,0.9821428571428572,0.6149129683404918
ORD-457906,2023-06-19,22:16:52,Completed,Website,CUST-013814,Daniel Castillo,27,Female,Consumer,Loyal,Crawfordville,Pennsylvania,USA,East,82029,Digital Wallet,Paid,USD,Standard,WH-007,7.0,7.0,On Time,Not Returned,Not Applicable,3.9,Positive,Decent quality for the price.,Organic Search,Unknown Campaign,No Coupon,64,27,4,652.86,70.18,40.79,21.75,645.22,298.92,324.55,50.3,13046.49,True,12,15.224850215751937,0.1607142857142857,0.43060197600401245
ORD-200890,2025-11-15,16:03:53,Completed,Website,CUST-018245,Nathan Baker,40,Male,Premium,Loyal,Edwardchester,Hesse,Germany,Central,96166,Debit Card,Paid,EUR,Same Day,WH-003,4.0,1.0,Delayed,Not Returned,Not Applicable,2.6,Neutral,Mixed feelings about this purchase.,Facebook Ads,FB_Dynamic,No Coupon,193,75,10,2611.99,1018.36,302.79,43.08,1939.5,1621.56,274.86,14.17,22457.51,True,11,22.709911964903686,0.3928571428571428,0.7417523504846443
ORD-593204,2022-09-04,23:41:26,Completed,Mobile App,CUST-020513,Andrew Randall,38,Male,VIP,Loyal,Marybury,North Rhine,Germany,West,29038,Credit Card,Paid,EUR,Standard,WH-014,5.0,5.0,On Time,Not Returned,Not Applicable,3.8,Positive,Good value for money.,Google Ads,Google_Search_Q1,SAVE32,134,102,4,1334.88,209.65,213.79,1.9800000000000004,1341.0,665.56,673.46,50.22,3014.21,True,4,18.782423091314364,0.3571428571428571,0.09891129009594363
ORD-812271,2025-04-04,17:05:45,Completed,Mobile App,CUST-006346,Jeremy Wilson,56,Female,Consumer,Loyal,Sheilaberg,New York,USA,East,78627,Bank Transfer,Paid,USD,Standard,WH-007,6.0,6.0,On Time,Not Returned,Not Applicable,3.3,Neutral,Quality could be improved.,Direct,Default_Campaign,SAVE47,164,133,9,1735.06,248.68,104.05,54.59,1645.02,751.92,838.51,50.97,5280.889999999999,True,6,20.243421842630084,0.6785714285714286,0.17385304251255293
ORD-181676,2022-10-11,16:40:27,Completed,Mobile App,CUST-003926,Linda Cooper,41,Female,Premium,Loyal,New Michaelbury,Bavaria,Germany,South,69776,PayPal,Paid,EUR,Express,WH-004,1.0,1.0,On Time,Not Returned,Not Applicable,3.7,Positive,Satisfied with the purchase.,Facebook Ads,Unknown Campaign,No Coupon,5,4,1,37.36,1.68,6.78,9.11,51.57,15.65,26.81,51.99,9403.88,True,7,5.701932186587638,0.4107142857142857,0.3101687535066748
ORD-407390,2024-06-10,11:05:24,Completed,Social Media,CUST-017402,Arthur Lee,63,Male,Premium,Loyal,South Tammy,Hesse,Germany,Central,27842,Buy Now Pay Later,Paid,EUR,Economy,WH-008,9.0,9.0,On Time,Not Returned,Not Applicable,2.9,Neutral,Quality could be improved.,Organic Search,Unknown Campaign,No Coupon,104,91,4,965.53,102.73,163.93,19.47,1046.1999999999998,427.1,599.63,57.32,12567.32,True,7,17.097204690633845,0.8035714285714286,0.4147594929426775
ORD-934114,2022-03-04,08:46:34,Completed,Social Media,CUST-013253,Ricardo Johnson,72,Male,Consumer,Loyal,New Danielberg,Western Australia,Australia,West,89961,Credit Card,Paid,AUD,Express,WH-003,0.0,1.0,Early,Not Returned,Not Applicable,4.2,Positive,Good product. Works as expected.,Email Marketing,Abandoned_Cart,No Coupon,211,169,10,2077.27,252.65,182.46,111.57,2118.65,979.82,1027.26,48.49,5972.5,True,7,21.29973109882078,0.9642857142857142,0.19671928979441505
ORD-344799,2021-10-01,10:08:04,Completed,Website,CUST-006600,John Hunter,27,Male,Consumer,Loyal,Michaelchester,Michigan,USA,Central,13955,Credit Card,Pending,USD,Economy,WH-013,7.0,7.0,On Time,Not Returned,Not Applicable,3.7,Positive,Met my expectations. Would recommend.,Organic Search,Unknown Campaign,No Coupon,461,408,7,4867.98,573.09,300.64,19.77,4615.3,2943.61,1651.92,35.79,8649.07,True,7,26.94825046310774,0.1607142857142857,0.2852129661253149
ORD-766345,2024-11-15,15:14:02,Completed,Website,CUST-003422,Brandon Reilly,48,Female,Consumer,Loyal,South Joelfurt,Ohio,USA,Central,52380,Debit Card,Paid,USD,Express,WH-018,1.0,3.0,Early,Not Returned,Not Applicable,3.9,Positive,Good value for money.,Facebook Ads,FB_Dynamic,No Coupon,132,127,6,1579.11,356.45,85.58,20.69,1328.93,670.44,637.8000000000001,47.99,7432.179999999999,True,5,19.70827845118907,0.5357142857142857,0.24497973113041144
ORD-298594,2022-04-20,22:45:13,Completed,Website,CUST-016921,Sharon Mitchell,72,Female,Consumer,Loyal,Lake Caleb,Wales,UK,West,31864,Digital Wallet,Paid,GBP,Express,WH-011,3.0,3.0,On Time,Not Returned,Not Applicable,3.6,Positive,Good product. Works as expected.,Facebook Ads,Unknown Campaign,No Coupon,46,4,2,422.88,42.22,76.13,12.59,469.38,127.26,329.53,70.21,5450.95,True,4,13.338424469272574,0.9642857142857142,0.1794756246220561
ORD-285751,2023-11-03,22:16:41,Completed,Mobile App,CUST-011761,Tamara Smith,71,Male,Business,Loyal,Heatherborough,California,USA,West,49110,Cash on Delivery,Paid,USD,Standard,WH-009,6.0,6.0,On Time,Not Returned,Not Applicable,3.4,Neutral,Not what I expected but it's okay.,Instagram,Insta_Influencer,No Coupon,145,70,6,2454.1800000000003,1104.14,94.5,12.23,1456.77,1359.76,84.78,5.82,7705.61,True,7,22.31871682168684,0.9464285714285714,0.2540199676716407
ORD-226032,2021-03-12,07:28:38,Completed,Website,CUST-010445,Brandon Adams,25,Male,Consumer,Loyal,West Kimberlymouth,Pennsylvania,USA,East,77893,Cash on Delivery,Paid,USD,Express,WH-001,1.0,1.0,On Time,Not Returned,Not Applicable,4.2,Positive,Met my expectations. Would recommend.,Organic Search,Unknown Campaign,No Coupon,172,165,9,1800.28,223.53,110.37,42.03,1729.15,802.07,885.0500000000001,51.18,5925.25,True,6,20.456334777081743,0.125,0.19515709407129367
ORD-739522,2021-09-15,03:22:33,Completed,Marketplace,CUST-024376,Paul Leonard,49,Female,VIP,Loyal,North Karenland,North Carolina,USA,South,35313,Credit Card,Paid,USD,Standard,WH-016,3.0,3.0,On Time,Not Returned,Not Applicable,3.4,Neutral,Not what I expected but it's okay.,Organic Search,Unknown Campaign,No Coupon,147,51,13,1840.98,474.01,95.7,15.35,1478.02,951.5,511.17,34.58,5533.72,True,5,20.58622581814265,0.5535714285714286,0.18221219478084463
ORD-915863,2022-02-24,03:04:57,Completed,Mobile App,CUST-016259,Matthew Spencer,61,Female,Consumer,Loyal,Lake Thomas,California,USA,West,83677,Debit Card,Paid,USD,Economy,WH-016,7.0,6.0,Delayed,Not Returned,Not Applicable,2.9,Neutral,Average product. Could be better.,Email Marketing,Abandoned_Cart,SAVE30,20,20,3,192.51,10.94,12.71,9.42,203.7,67.79,126.49,62.1,2914.71,True,4,10.373001608991794,0.7678571428571428,0.09562158693296842
ORD-594526,2024-01-26,05:58:24,Completed,Website,CUST-016104,James Wilson,29,Female,Premium,Loyal,Kellystad,North Carolina,USA,South,9634,Credit Card,Paid,USD,Express,WH-006,1.0,2.0,Early,Not Returned,Not Applicable,4.2,Positive,Satisfied with the purchase.,Google Ads,Unknown Campaign,No Coupon,24,0,7,240.88,37.62,14.23,23.55,241.04,101.57,115.92,48.09,12599.38,True,10,11.162723116417691,0.1964285714285714,0.41581947167036576
ORD-573571,2023-03-15,19:42:28,Completed,Mobile App,CUST-015004,Ronald Washington,55,Female,Business,Loyal,Shanemouth,Baden-Württemberg,Germany,South,27830,Digital Wallet,Pending,EUR,Same Day,WH-012,1.0,1.0,On Time,Not Returned,Not Applicable,4.1,Positive,Met my expectations. Would recommend.,Facebook Ads,FB_Retargeting,No Coupon,44,2,6,385.98,36.65,66.37,25.25,440.95,191.42,224.28,50.86,11578.74,True,9,12.965664281530788,0.6607142857142857,0.38207472155720995
ORD-890291,2024-03-08,10:19:29,Completed,Website,CUST-006554,Nicole Gross,73,Female,Consumer,Loyal,Michelleland,England,UK,North,22975,Cash on Delivery,Paid,GBP,Same Day,WH-018,4.0,1.0,Delayed,Not Returned,Not Applicable,3.2,Neutral,Average product. Could be better.,Referral,Unknown Campaign,No Coupon,215,113,5,2128.87,354.81,354.81,24.75,2153.62,1342.39,786.48,36.52,9120.08,True,8,21.44719505253226,0.9821428571428572,0.30078566046494254
ORD-219468,2023-10-11,08:52:01,Completed,Mobile App,CUST-016659,Sarah Craig,37,Female,Consumer,Loyal,Davisbury,Georgia,USA,South,49295,Bank Transfer,Paid,USD,Same Day,WH-009,0.0,0.0,On Time,Not Returned,Not Applicable,3.4,Neutral,Product has some issues but it works.,Google Ads,Unknown Campaign,No Coupon,139,85,6,1371.51,97.5,89.18,29.66,1392.85,618.42,744.77,53.47,10648.93,True,6,18.929141191164813,0.3392857142857143,0.3513330240902153
ORD-240382,2024-05-12,01:19:15,Completed,Mobile App,CUST-010947,Ryan Stone,45,Female,Business,Loyal,Port Sethview,Georgia,USA,South,1725,PayPal,Paid,USD,Economy,WH-017,10.0,10.0,On Time,Not Returned,Not Applicable,3.6,Positive,Decent quality for the price.,Email Marketing,Unknown Campaign,No Coupon,308,163,5,3398.75,526.8,201.04,15.03,3088.02,1829.05,1243.94,40.28,9303.61,True,8,24.427226872295904,0.4821428571428571,0.30685359233932286
ORD-217398,2025-10-11,09:09:52,Completed,Website,CUST-015866,David Patel,63,Male,Consumer,Loyal,New Emily,Quebec,Canada,East,24583,Debit Card,Paid,CAD,Standard,WH-010,4.0,3.0,Delayed,Not Returned,Not Applicable,2.5,Neutral,Product has some issues but it works.,Affiliate,Unknown Campaign,No Coupon,199,115,8,1893.31,140.61,227.84,15.14,1995.68,1083.56,896.98,44.95,6576.83,True,8,20.750041066866846,0.8035714285714286,0.21669985574899597
ORD-573045,2025-06-07,00:07:38,Completed,Social Media,CUST-006848,Alexandra Richardson,72,Female,Consumer,Loyal,Port Erica,Pennsylvania,USA,East,55297,PayPal,Paid,USD,Standard,WH-009,5.0,6.0,Early,Not Returned,Not Applicable,4.4,Positive,Decent quality for the price.,Google Ads,Google_Shopping,No Coupon,175,120,9,1775.59,185.23,111.32,51.17,1752.85,1033.12,668.5600000000001,38.14,8132.84,True,6,20.376439046860394,0.9642857142857142,0.2681451926195592
ORD-752604,2022-07-31,07:05:43,Cancelled,Website,CUST-009203,Kurt Hansen,67,Female,Premium,Loyal,Lake Lori,Michigan,USA,Central,21641,Debit Card,Failed,USD,Same Day,WH-014,,,Cancelled,Not Returned,Not Applicable,,,,Direct,Unknown Campaign,No Coupon,0,0,1,62.12,0.0,4.35,21.43,87.9,29.71,36.76,41.82,9896.06,True,9,6.963678507001619,0.875,0.3264413776549475
ORD-720192,2023-04-01,08:00:30,Completed,Mobile App,CUST-011675,Vernon Becker,55,Male,Premium,Loyal,Cummingsfort,New York,USA,East,40782,Digital Wallet,Pending,USD,Standard,WH-009,4.0,4.0,On Time,Not Returned,Not Applicable,4.0,Positive,Decent quality for the price.,Email Marketing,Unknown Campaign,No Coupon,93,78,5,1006.25,140.82999999999998,60.58,8.309999999999999,934.31,539.81,386.19,41.33,16128.32,True,9,17.305065621096407,0.6607142857142857,0.5324944975995085
ORD-939796,2021-06-03,20:00:26,Completed,Mobile App,CUST-010355,Amy Decker,32,Male,VIP,Loyal,North Whitneymouth,Illinois,USA,Central,94850,Buy Now Pay Later,Paid,USD,Express,WH-002,1.0,1.0,On Time,Not Returned,Not Applicable,3.1,Neutral,Product has some issues but it works.,Referral,Unknown Campaign,No Coupon,7,1,4,79.68,16.28,4.44,11.63,79.47,32.96,34.88,43.89,8656.289999999999,True,7,7.638484172112897,0.25,0.2854516762442765
ORD-273270,2022-11-28,18:00:27,Completed,Website,CUST-021013,Alexander Dunn,52,Female,Consumer,Loyal,North Nathan,Illinois,USA,Central,29219,Credit Card,Paid,USD,Express,WH-014,3.0,3.0,On Time,Not Returned,Not Applicable,3.6,Positive,Good value for money.,Organic Search,Unknown Campaign,No Coupon,57,16,10,693.1800000000001,204.82,34.19,54.21,576.76,288.13,234.42,40.64,9797.34,True,5,15.500570458789822,0.6071428571428571,0.32317746311978257
ORD-668811,2022-12-29,22:54:00,Completed,Mobile App,CUST-021384,Ryan Garcia,32,Male,Consumer,Returning,Andrewfurt,Texas,USA,South,98254,Credit Card,Paid,USD,Express,WH-014,1.0,1.0,On Time,Not Returned,Not Applicable,4.4,Positive,Satisfied with the purchase.,Direct,Default_Campaign,SAVE13,102,56,11,1522.27,622.74,62.96,59.51,1022.0,776.22,186.27,18.23,3634.25,True,3,19.503153099610888,0.25,0.11941126546449783
ORD-173717,2024-12-22,04:11:03,Completed,Website,CUST-017285,Christopher Gould,71,Female,Premium,Loyal,South Pamela,Georgia,USA,South,21655,Cash on Delivery,Paid,USD,Standard,WH-006,5.0,5.0,On Time,Not Returned,Not Applicable,3.6,Positive,Good value for money.,Organic Search,Unknown Campaign,No Coupon,64,57,4,968.96,371.21,41.84,3.03,642.62,426.56,213.03,33.15,2725.46,True,4,17.114969728001373,0.9464285714285714,0.08936453845464624
ORD-847978,2021-10-19,23:19:31,Completed,Mobile App,CUST-022322,Anthony Brown,54,Female,VIP,Loyal,Davidshire,Pennsylvania,USA,East,58162,Bank Transfer,Paid,USD,Standard,WH-003,3.0,5.0,Early,Not Returned,Not Applicable,3.8,Positive,Good value for money.,Referral,Friend_Invite,No Coupon,20,15,1,215.55,23.4,13.45,3.3200000000000003,208.92,104.58,101.02,48.35,4504.34,True,8,10.766091471751103,0.6428571428571428,0.14817847978684048
ORD-379400,2021-03-29,19:21:08,Completed,Mobile App,CUST-006651,Kathleen Richardson,24,Male,Premium,Loyal,Victoriaport,Northern Ireland,UK,West,50501,Credit Card,Paid,GBP,Standard,WH-005,5.0,5.0,On Time,Not Returned,Not Applicable,4.1,Positive,Good product. Works as expected.,Organic Search,Unknown Campaign,SAVE46,50,16,4,501.7000000000001,94.92,81.36,19.07,507.21,238.28,249.86,49.26,15648.78,True,10,14.058022028238483,0.10714285714285715,0.5166397814711354
ORD-366278,2021-12-18,01:34:26,Returned,Mobile App,CUST-012813,Ashley Taylor,53,Female,Consumer,Loyal,Claireview,Gujarat,India,West,5929,Digital Wallet,Refunded,INR,Standard,WH-015,,,Cancelled,Returned,Defective Product,,,,Organic Search,Unknown Campaign,No Coupon,0,0,6,3112.1,0.0,560.1800000000001,6.869999999999999,3679.15,1580.38,2091.9,56.86,26662.28,True,18,23.840700616409908,0.625,0.8807718999176416
ORD-735039,2024-06-29,13:21:47,Completed,Mobile App,CUST-016142,Cindy Banks,21,Male,Consumer,Returning,Tonishire,Ontario,Canada,East,98807,Cash on Delivery,Paid,CAD,Economy,WH-019,8.0,6.0,Delayed,Not Returned,Not Applicable,3.4,Neutral,Average product. Could be better.,Facebook Ads,FB_Dynamic,No Coupon,66,7,7,625.8799999999999,76.18,71.46,46.99,668.1500000000001,309.75,311.41,46.61,4085.59,True,3,15.032983291302603,0.0535714285714286,0.13433362351050013
ORD-179423,2022-10-09,05:06:17,Completed,Social Media,CUST-002013,William Archer,39,Female,VIP,Loyal,East Courtney,Florida,USA,South,54700,Credit Card,Paid,USD,Express,WH-001,4.0,2.0,Delayed,Not Returned,Not Applicable,4.3,Positive,Satisfied with the purchase.,Direct,Default_Campaign,SAVE17,109,86,5,1355.2,340.72,71.01,12.14,1097.63,533.75,551.74,50.27,10860.8,True,8,18.864188192667672,0.375,0.3583379427750349
ORD-293554,2022-09-12,04:15:11,Completed,Website,CUST-016737,Lisa Jensen,68,Male,Premium,Loyal,Gonzalezberg,Scotland,UK,North,16206,PayPal,Paid,GBP,Express,WH-008,0.0,2.0,Early,Not Returned,Not Applicable,3.9,Positive,Met my expectations. Would recommend.,Organic Search,Default_Campaign,SAVE10,118,80,6,1235.19,301.5,186.73,62.32,1182.74,699.89,420.53,35.56,8586.02,True,6,18.36688391035731,0.8928571428571428,0.28312838537731905
ORD-947100,2025-09-25,22:20:30,Completed,Social Media,CUST-018248,James Rivera,59,Male,Consumer,Loyal,Lake Robert,Florida,USA,South,2348,Credit Card,Paid,USD,Economy,WH-018,7.0,7.0,On Time,Not Returned,Not Applicable,3.7,Positive,"Product is okay, nothing special but works.",Facebook Ads,Unknown Campaign,No Coupon,131,97,3,1261.65,42.02,85.38,9.08,1314.09,541.23,763.78,58.12,12354.51,True,6,18.47961025960927,0.7321428571428572,0.4077234956551122
ORD-621199,2022-11-30,08:50:55,Completed,Mobile App,CUST-010764,Kimberly White,30,Female,Consumer,Returning,Alexanderfurt,Ohio,USA,Central,20484,Buy Now Pay Later,Paid,USD,Express,WH-004,4.0,1.0,Delayed,Not Returned,Not Applicable,3.2,Neutral,Average product. Could be better.,Facebook Ads,FB_Retargeting,SAVE26,24,7,5,362.95,144.29,15.31,15.31,249.28,122.8,111.17,44.6,1031.35,True,3,12.718957261874412,0.2142857142857143,0.03335329196793349
ORD-733181,2023-12-20,16:12:45,Completed,Mobile App,CUST-009754,David Aguilar,32,Male,Consumer,Loyal,Juanburgh,Scotland,UK,North,88463,Credit Card,Paid,GBP,Standard,WH-013,8.0,6.0,Delayed,Not Returned,Not Applicable,4.0,Positive,Good product. Works as expected.,Referral,Unknown Campaign,SAVE33,117,113,9,1222.36,267.12,191.05,33.33,1179.62,671.1900000000002,475.1,40.28,7790.59,True,8,18.31155811555221,0.25,0.25682960560922496
ORD-758391,2023-02-18,01:09:37,Returned,Website,CUST-006333,Victoria Thomas,40,Female,Premium,Loyal,Nixonville,California,USA,West,32576,Credit Card,Refunded,USD,Express,WH-010,,,Cancelled,Returned,Late Delivery,,,,Direct,Default_Campaign,No Coupon,0,0,3,482.31,0.0,33.76,15.38,531.45,171.34,344.73,64.87,11326.47,True,11,13.88950548750669,0.3928571428571428,0.3737340842011923
ORD-506181,2023-07-24,08:21:04,Completed,Mobile App,CUST-004185,Caleb Fields,18,Female,Premium,Loyal,Suttonburgh,Hesse,Germany,Central,56670,Debit Card,Paid,EUR,Standard,WH-006,6.0,7.0,Early,Not Returned,Not Applicable,3.6,Positive,Good value for money.,Referral,Unknown Campaign,No Coupon,221,197,10,2585.52,738.84,350.87,14.93,2212.48,1341.9599999999998,855.59,38.67,13491.45,True,11,22.64558243930733,0.0,0.4453133962994642
ORD-896110,2024-11-21,15:12:16,Pending,Social Media,CUST-014141,Melissa Simpson,24,Female,Premium,Loyal,Anthonyville,Northern Ireland,UK,West,90567,Credit Card,Paid,GBP,Express,WH-016,,,Cancelled,Not Returned,Not Applicable,,,,Organic Search,Unknown Campaign,SAVE27,0,0,18,5823.92,2941.93,576.39,12.97,3471.3500000000004,3017.73,440.65,12.69,8736.44,True,5,28.28804289081941,0.10714285714285715,0.28810162306349724
ORD-333280,2022-02-05,06:50:19,Completed,Website,CUST-015686,Jeffrey Salas,22,Female,Business,Loyal,Martinezburgh,North Carolina,USA,South,67213,PayPal,Paid,USD,Express,WH-013,2.0,2.0,On Time,Not Returned,Not Applicable,4.2,Positive,"Product is okay, nothing special but works.",Google Ads,Google_Search_Q1,SAVE25,18,14,2,167.88,10.16,11.04,14.49,183.25,59.28,109.48,59.74,7204.25,True,9,9.910701005701803,0.07142857142857145,0.23744383121144724
ORD-259414,2021-03-22,21:56:04,Completed,Mobile App,CUST-012119,Derek Mendoza,34,Non-Binary,Premium,Loyal,Port Jamieburgh,Tamil Nadu,India,South,16642,Bank Transfer,Paid,INR,Economy,WH-018,10.0,10.0,On Time,Not Returned,Not Applicable,4.0,Positive,Good product. Works as expected.,Google Ads,Google_Search_Q1,No Coupon,48,19,5,493.53,97.5,71.28,14.58,481.89,287.74,179.57,37.26,4533.05,True,4,13.987636138782465,0.2857142857142857,0.14912769966431805
ORD-986677,2024-08-10,04:29:57,Completed,Website,CUST-019142,Danielle Dillon,34,Female,Consumer,Loyal,Jocelynmouth,Queensland,Australia,North,21200,Credit Card,Pending,AUD,Same Day,WH-013,1.0,1.0,On Time,Not Returned,Not Applicable,3.7,Positive,Met my expectations. Would recommend.,Organic Search,Default_Campaign,No Coupon,29,11,5,242.96,20.77,22.21,46.77,291.17,95.07,149.32999999999998,51.29,3844.23,True,6,11.193849221927918,0.2857142857142857,0.12635369632039262
ORD-323108,2021-01-02,16:33:10,Completed,Mobile App,CUST-020322,Richard Lozano,24,Female,Consumer,Loyal,Websterfort,Ohio,USA,Central,67579,Bank Transfer,Paid,USD,Economy,WH-016,7.0,7.0,On Time,Not Returned,Not Applicable,3.1,Neutral,Product has some issues but it works.,Organic Search,Unknown Campaign,No Coupon,160,76,6,1572.12,89.52,103.78,14.69,1601.07,721.27,865.11,54.03,16832.53,True,12,19.683360738061268,0.10714285714285715,0.5557773304075363
ORD-806349,2021-06-21,06:37:57,Completed,Website,CUST-020591,Dennis Hanson,74,Female,VIP,Loyal,Smithtown,Hesse,Germany,Central,68404,PayPal,Paid,EUR,Standard,WH-007,6.0,6.0,On Time,Not Returned,Not Applicable,3.9,Positive,"Product is okay, nothing special but works.",Instagram,Unknown Campaign,No Coupon,98,4,5,925.4500000000002,109.98,154.95,14.39,984.81,441.53,528.89,53.7,7938.11,True,9,16.88594960872015,1.0,0.2617069624996983
ORD-235480,2022-02-11,20:08:44,Completed,Website,CUST-010869,Theresa Pennington,53,Female,VIP,Loyal,Port Edwardfort,Ohio,USA,Central,11328,Digital Wallet,Pending,USD,Standard,WH-014,6.0,3.0,Delayed,Not Returned,Not Applicable,2.7,Neutral,Product has some issues but it works.,Direct,Unknown Campaign,No Coupon,152,91,5,1710.0,310.71,97.95,24.86,1522.1,769.64,727.5999999999999,47.8,6145.87,True,6,20.15998165884377,0.625,0.20245130826039506
ORD-616225,2023-12-20,16:15:31,Completed,Social Media,CUST-016526,Anthony Cuevas,40,Female,Consumer,Loyal,Anashire,Florida,USA,South,80124,Debit Card,Paid,USD,Express,WH-009,2.0,2.0,On Time,Not Returned,Not Applicable,3.5,Positive,Met my expectations. Would recommend.,Direct,Default_Campaign,No Coupon,12,1,3,119.37,16.5,7.2,14.71,124.78,65.13,44.94,36.02,15240.24,True,9,8.821574619402575,0.3928571428571428,0.5031324917203627
ORD-296568,2021-01-08,06:42:36,Completed,Marketplace,CUST-018423,Michael Andrews,53,Female,Premium,Loyal,North Latoya,Ontario,Canada,East,44159,Credit Card,Paid,CAD,Economy,WH-011,8.0,8.0,On Time,Not Returned,Not Applicable,3.3,Neutral,Quality could be improved.,Direct,Unknown Campaign,No Coupon,125,21,6,1271.85,172.19,142.95,15.330000000000002,1257.94,617.76,624.8499999999999,49.67,7481.65,True,6,18.52258170584676,0.625,0.24661532525576202
ORD-970593,2025-08-30,11:35:51,Completed,Website,CUST-014624,Katherine Miller,52,Female,Premium,Loyal,Jillchester,Dubai,UAE,South,99745,Credit Card,Paid,AED,Standard,WH-013,6.0,6.0,On Time,Not Returned,Not Applicable,3.6,Positive,Decent quality for the price.,Organic Search,Unknown Campaign,No Coupon,117,65,5,1232.36,126.1,55.31,9.54,1171.11,569.98,591.59,50.52,8482.38,True,9,18.354718277932815,0.6071428571428571,0.27970180411288936
ORD-124558,2022-03-29,19:26:38,Completed,Mobile App,CUST-017701,Eric Smith,41,Female,Consumer,Loyal,Mcbrideport,Ohio,USA,Central,67870,PayPal,Pending,USD,Standard,WH-011,7.0,7.0,On Time,Not Returned,Not Applicable,3.4,Neutral,Quality could be improved.,Email Marketing,Unknown Campaign,No Coupon,44,28,3,451.15,43.02,28.57,11.49,448.19,212.26,224.44,50.08,5087.57,True,6,13.607492951019976,0.4107142857142857,0.16746143029681057
ORD-324548,2024-12-23,14:38:06,Completed,Website,CUST-002058,Kelly Garrison,67,Male,Consumer,Loyal,Monicaburgh,Ontario,Canada,East,30528,Credit Card,Paid,CAD,Standard,WH-011,5.0,5.0,On Time,Not Returned,Not Applicable,3.3,Neutral,Mixed feelings about this purchase.,YouTube,Unknown Campaign,No Coupon,38,17,10,461.62,151.97,40.26,38.63,388.54,205.58,144.32999999999998,37.15,4560.969999999999,True,7,13.703870099570162,0.875,0.15005080029055187
ORD-726328,2022-07-06,06:48:02,Cancelled,Mobile App,CUST-007364,Megan Lin,38,Female,Consumer,Loyal,Lake Geraldberg,Georgia,USA,South,89300,Debit Card,Failed,USD,Standard,WH-017,,,Cancelled,Not Returned,Not Applicable,,,,TikTok,Unknown Campaign,SAVE46,0,0,9,5793.09,0.0,405.52,34.7,6233.31,3105.09,3093.5199999999995,49.63,10432.44,True,6,28.24756624062914,0.3571428571428571,0.34417535737913485
ORD-199067,2021-07-22,06:24:45,Completed,Mobile App,CUST-023489,Alicia Johnson,33,Male,Consumer,Loyal,West Brandon,Texas,USA,South,32059,Digital Wallet,Paid,USD,Same Day,WH-017,1.0,1.0,On Time,Not Returned,Not Applicable,4.5,Positive,Super satisfied with everything. Great value.,Google Ads,Google_Shopping,No Coupon,18,8,5,191.45,40.91,10.54,24.04,185.12,69.95,91.13,49.23,7461.84,True,7,10.354067510506805,0.2678571428571429,0.24596036023406817
ORD-881742,2022-12-07,04:19:03,Completed,Social Media,CUST-005792,Sophia Miller,52,Male,Consumer,Loyal,Erikaland,Hesse,Germany,Central,41307,Buy Now Pay Later,Paid,EUR,Standard,WH-003,5.0,3.0,Delayed,Not Returned,Not Applicable,2.7,Neutral,Not what I expected but it's okay.,Organic Search,Unknown Campaign,No Coupon,57,39,5,545.5500000000001,74.44,89.51,9.73,570.3499999999999,259.01,301.61,52.88,19216.94,True,11,14.42148304701119,0.6071428571428571,0.6346115125063272
ORD-558609,2022-04-11,22:13:46,Completed,Mobile App,CUST-008505,Alexander Meyers,39,Male,Consumer,Returning,Thomastown,Pennsylvania,USA,East,82694,Credit Card,Paid,USD,Standard,WH-010,5.0,5.0,On Time,Not Returned,Not Applicable,3.2,Neutral,Average product. Could be better.,Google Ads,Unknown Campaign,No Coupon,48,19,2,543.02,95.49,31.33,5.59,484.45,190.52,288.34,59.52,1967.82,True,3,14.40113274064007,0.375,0.06431518464161577
ORD-388297,2025-04-05,15:11:36,Returned,Mobile App,CUST-022901,David Peterson,55,Female,Consumer,Loyal,West Joel,Michigan,USA,Central,79264,Cash on Delivery,Refunded,USD,Standard,WH-014,,,Cancelled,Returned,Changed Mind,,,,Direct,Default_Campaign,No Coupon,0,0,5,254.61,0.0,17.82,35.35,307.78,106.75,165.68,53.83,11066.83,True,10,11.364510628079783,0.6607142857142857,0.3651497773747111
ORD-199037,2025-11-17,16:59:03,Completed,Mobile App,CUST-023024,Ashley Rojas,28,Female,Premium,Loyal,Elizabethtown,Northern Ireland,UK,West,21246,Credit Card,Paid,GBP,Standard,WH-003,4.0,3.0,Delayed,Not Returned,Not Applicable,3.4,Neutral,Quality could be improved.,Instagram,Unknown Campaign,No Coupon,61,45,5,722.24,219.34,100.58,10.579999999999998,614.06,352.07,251.41,40.94,4245.7,True,6,15.691769682894043,0.1785714285714286,0.13962723530370572
ORD-607628,2025-05-24,20:40:22,Completed,Mobile App,CUST-014791,Matthew Horton,60,Male,Consumer,Loyal,Angelatown,Illinois,USA,Central,69367,Cash on Delivery,Paid,USD,Express,WH-010,4.0,2.0,Delayed,Not Returned,Not Applicable,2.6,Neutral,Not what I expected but it's okay.,Facebook Ads,Unknown Campaign,No Coupon,101,32,4,994.08,61.62,65.27,14.84,1012.57,517.0,480.73,47.48,6338.81,True,6,17.243627521722143,0.75,0.20883035678566578
ORD-633054,2024-09-26,14:27:23,Completed,Website,CUST-021535,Robert Smith,34,Female,Premium,Loyal,New Alexandra,Pennsylvania,USA,East,18775,PayPal,Paid,USD,Standard,WH-011,5.0,5.0,On Time,Not Returned,Not Applicable,3.6,Positive,Decent quality for the price.,Direct,Unknown Campaign,No Coupon,59,19,4,653.3199999999999,106.37,38.29,5.99,591.23,358.86,226.38,38.29,9117.1,True,6,15.228068415639552,0.2857142857142857,0.30068713468177
ORD-658792,2023-01-16,02:51:50,Completed,Social Media,CUST-014392,Melissa Davis,18,Female,Consumer,Loyal,Craigland,Georgia,USA,South,83758,Buy Now Pay Later,Paid,USD,Standard,WH-002,4.0,5.0,Early,Not Returned,Not Applicable,3.5,Positive,"Product is okay, nothing special but works.",Organic Search,Unknown Campaign,No Coupon,161,140,13,1684.4100000000003,222.48,102.34,49.89999999999999,1614.17,831.8599999999999,732.41,45.37,10373.53,True,7,20.07380501548211,0.0,0.3422276547325935
ORD-937269,2023-01-23,20:16:41,Completed,Marketplace,CUST-014946,Sharon Davidson,44,Female,Consumer,Loyal,Daniellehaven,New York,USA,East,5677,Credit Card,Paid,USD,Standard,WH-006,3.0,3.0,On Time,Not Returned,Not Applicable,4.0,Positive,"Product is okay, nothing special but works.",Organic Search,Default_Campaign,No Coupon,249,214,8,2526.5,272.67,157.77999999999997,83.96,2495.57,1544.74,866.8699999999999,34.74,13133.47,True,7,22.50031088718875,0.4642857142857143,0.43347773862828964
ORD-775991,2023-05-05,21:14:44,Returned,Website,CUST-013228,Alyssa Petersen,39,Male,Consumer,Loyal,Rachelstad,New York,USA,East,89124,Buy Now Pay Later,Refunded,USD,Express,WH-011,,,Cancelled,Returned,Size Issue,,,,TikTok,Default_Campaign,No Coupon,0,0,2,793.06,0.0,55.51,19.37,867.94,337.08000000000004,511.49,58.93,3724.63,True,5,16.134202306562063,0.375,0.1223994400561531
ORD-331418,2022-08-26,08:48:57,Completed,Social Media,CUST-006935,Laurie Henderson,47,Female,Consumer,Loyal,Ryanville,New South Wales,Australia,East,18407,Credit Card,Paid,AUD,Standard,WH-017,3.0,3.0,On Time,Not Returned,Not Applicable,4.2,Positive,Decent quality for the price.,Google Ads,Unknown Campaign,SAVE28,79,67,4,796.63,97.06,69.95,27.41,796.9300000000001,332.77000000000004,436.75,54.8,12592.2,True,11,16.155691046505503,0.5178571428571428,0.4155820840451381
ORD-384142,2024-11-23,07:11:01,Completed,Mobile App,CUST-023675,Rodney Stewart,56,Female,Premium,Loyal,East Cristina,Illinois,USA,Central,26329,Debit Card,Paid,USD,Standard,WH-012,5.0,5.0,On Time,Not Returned,Not Applicable,3.0,Neutral,Average product. Could be better.,Direct,Default_Campaign,No Coupon,89,9,8,1466.2700000000002,654.55,56.82000000000001,30.55,899.09,816.5799999999999,51.96000000000001,5.78,5880.83,True,5,19.295241929251848,0.6785714285714286,0.19368846477984283
ORD-546208,2021-09-29,06:58:52,Completed,Mobile App,CUST-018651,Derek Rivera,32,Male,VIP,Loyal,North Lindseybury,Baden-Württemberg,Germany,South,49868,Credit Card,Pending,EUR,Economy,WH-001,10.0,10.0,On Time,Not Returned,Not Applicable,2.7,Neutral,Average product. Could be better.,Direct,Unknown Campaign,No Coupon,135,108,9,1461.15,331.4,214.65,12.65,1357.05,493.55,850.85,62.7,7297.29,True,6,19.275931308949907,0.25,0.24051995163640416
ORD-295582,2023-09-29,00:31:54,Pending,Website,CUST-005558,John Schmidt,49,Male,Consumer,Loyal,Alexandramouth,Western Australia,Australia,West,49198,Debit Card,Pending,AUD,Same Day,WH-011,,,Cancelled,Not Returned,Not Applicable,,,,Facebook Ads,Unknown Campaign,No Coupon,0,0,6,769.83,138.84,63.1,44.53,738.6200000000001,341.43,352.66,47.75,9408.58,True,7,15.992536093376104,0.5535714285714286,0.3103241465204033
ORD-565144,2023-05-30,13:00:30,Completed,Social Media,CUST-020229,Andrew Barker,55,Male,Consumer,Loyal,Stephanieborough,California,USA,West,46361,Credit Card,Paid,USD,Same Day,WH-019,5.0,1.0,Delayed,Not Returned,Not Applicable,3.5,Positive,"Product is okay, nothing special but works.",Instagram,Unknown Campaign,No Coupon,214,44,7,2069.46,130.2,135.75,68.88,2143.89,1102.17,972.84,45.38,7796.32,True,6,21.277167795565155,0.6607142857142857,0.25701905283660026
ORD-228435,2024-06-21,17:11:34,Completed,Mobile App,CUST-024136,Stacey Craig,55,Male,Premium,Loyal,Perezland,Florida,USA,South,45666,Digital Wallet,Pending,USD,Standard,WH-016,5.0,5.0,On Time,Not Returned,Not Applicable,4.0,Positive,Satisfied with the purchase.,Affiliate,Influencer_Program,SAVE48,215,145,8,2481.94,480.03,140.14,16.85,2158.9,1027.83,1114.22,51.61,10385.44,True,8,22.38890003465272,0.6607142857142857,0.3426214272418501
ORD-459603,2021-12-18,03:55:01,Completed,Mobile App,CUST-020617,Natasha Ramirez,26,Male,VIP,Loyal,Katherinestad,Florida,USA,South,26407,Buy Now Pay Later,Paid,USD,Express,WH-005,1.0,2.0,Early,Not Returned,Not Applicable,4.3,Positive,Decent quality for the price.,Organic Search,Unknown Campaign,No Coupon,29,8,3,665.22,399.13,18.63,11.96,296.68,331.44,-46.72,-15.75,6302.81,True,7,15.3107252146117,0.14285714285714285,0.20764011242519234
ORD-932319,2022-06-06,05:35:19,Completed,Social Media,CUST-016189,Courtney Harrison,33,Female,Consumer,Returning,New John,Abu Dhabi,UAE,South,80195,Debit Card,Paid,AED,Standard,WH-015,5.0,5.0,On Time,Not Returned,Not Applicable,3.8,Positive,"Product is okay, nothing special but works.",Direct,Unknown Campaign,No Coupon,92,5,7,905.19,55.1,42.5,33.22,925.81,422.65,469.94,50.76,6614.4,True,3,16.77648603487856,0.2678571428571429,0.2179420079885234
ORD-962298,2022-12-12,05:51:16,Pending,Social Media,CUST-022510,Randy Hawkins,59,Non-Binary,Premium,Loyal,Port Arthur,California,USA,West,19820,Cash on Delivery,Failed,USD,Standard,WH-006,,,Cancelled,Not Returned,Not Applicable,,,,Organic Search,Unknown Campaign,No Coupon,0,0,2,157.38,43.69,7.96,2.8600000000000003,124.51,84.64,37.01,29.72,7049.38,True,5,9.69769349276577,0.7321428571428572,0.23232346609737722
ORD-317852,2022-11-19,04:09:09,Completed,Mobile App,CUST-003359,Brandy Thompson,64,Male,Consumer,Returning,Nicholasshire,Ohio,USA,Central,79251,Debit Card,Paid,USD,Standard,WH-006,3.0,3.0,On Time,Not Returned,Not Applicable,3.6,Positive,Good product. Works as expected.,Referral,Unknown Campaign,No Coupon,64,34,5,1070.03,489.34,40.65,21.14,642.48,556.77,64.57000000000001,10.05,3742.55,True,3,17.618055116181125,0.8214285714285714,0.1229919172489221
ORD-318592,2021-07-15,22:11:17,Completed,Marketplace,CUST-017001,Todd Forbes,44,Female,Premium,Loyal,South Jasmine,Wales,UK,West,5223,Credit Card,Paid,GBP,Standard,WH-017,3.0,3.0,On Time,Not Returned,Not Applicable,3.7,Positive,Satisfied with the purchase.,Google Ads,Unknown Campaign,No Coupon,54,29,2,540.48,89.28,90.24,1.6100000000000003,543.05,246.28,295.16,54.35,9000.07,True,6,14.38062884560112,0.4642857142857143,0.29681784863993094
ORD-871201,2025-03-14,06:15:48,Completed,Website,CUST-019979,Madeline Edwards,25,Female,Consumer,Loyal,Lindsayside,New York,USA,East,69719,Debit Card,Paid,USD,Standard,WH-017,5.0,5.0,On Time,Not Returned,Not Applicable,3.8,Positive,"Product is okay, nothing special but works.",Organic Search,Unknown Campaign,No Coupon,28,17,4,268.31,30.72,16.64,30.24,284.47,137.76999999999998,116.46,40.94,8235.140000000001,True,8,11.557716808080235,0.125,0.2715274703439046
ORD-582756,2023-12-08,08:19:26,Returned,Website,CUST-012144,Kevin Parker,31,Male,Consumer,Loyal,Lake Amy,Wales,UK,West,55506,Credit Card,Refunded,GBP,Economy,WH-004,,,Cancelled,Returned,Changed Mind,,,,Organic Search,Default_Campaign,No Coupon,0,0,11,3010.82,0.0,602.1700000000001,16.72,3629.71,1466.5500000000002,2146.44,59.14,16286.2,True,10,23.623569676048678,0.2321428571428571,0.5377143803670515
ORD-602045,2021-04-06,17:15:01,Completed,Social Media,CUST-000849,Jennifer Edwards,24,Female,VIP,Loyal,Alanview,Texas,USA,South,69679,Debit Card,Paid,USD,Economy,WH-003,10.0,8.0,Delayed,Not Returned,Not Applicable,4.7,Positive,Best purchase I've made this year!,TikTok,Unknown Campaign,No Coupon,30,24,4,344.84,58.72,20.03,0.81,306.96,155.36,150.79,49.12,13364.09,True,8,12.516392952647681,0.10714285714285715,0.4411025762508559
ORD-258593,2023-08-29,11:36:19,Completed,Website,CUST-002300,Richard Castro,20,Female,Premium,Loyal,South Cindytown,Georgia,USA,South,73627,Debit Card,Paid,USD,Same Day,WH-017,0.0,0.0,Early,Not Returned,Not Applicable,4.2,Positive,"Product is okay, nothing special but works.",Email Marketing,Weekly_Newsletter,SAVE40,24,8,2,220.7,6.78,14.97,20.62,249.51,92.98,135.91,54.47,4914.48,True,4,10.849518495956849,0.0357142857142857,0.1617386692869676
ORD-207104,2022-09-18,20:26:26,Completed,Website,CUST-011178,Travis Rodriguez,42,Male,VIP,Loyal,Roberthaven,Bavaria,Germany,South,75900,Credit Card,Paid,EUR,Economy,WH-002,10.0,10.0,On Time,Not Returned,Not Applicable,4.0,Positive,"Product is okay, nothing special but works.",Organic Search,Unknown Campaign,No Coupon,108,106,7,973.57,67.26,172.2,5.07,1083.58,460.28,618.23,57.05,11210.92,True,9,17.13877066964695,0.4285714285714286,0.369913730427506
ORD-964748,2023-10-28,10:09:14,Cancelled,Mobile App,CUST-024777,Mike Garrett,31,Male,VIP,Loyal,Santoshaven,Ohio,USA,Central,98950,Debit Card,Failed,USD,Economy,WH-015,,,Cancelled,Not Returned,Not Applicable,,,,Referral,Unknown Campaign,No Coupon,0,0,7,2517.2,0.0,176.2,3.81,2697.21,1494.13,1199.27,44.46,15813.41,True,8,22.477183570799586,0.2321428571428571,0.5220828350562671
ORD-851066,2025-06-11,22:48:19,Returned,Website,CUST-010312,Jeffrey Thomas,36,Male,Business,Loyal,North Markfort,Lower Saxony,Germany,North,66352,Digital Wallet,Refunded,EUR,Standard,WH-008,,,Cancelled,Returned,Damaged Product,,,,Organic Search,Unknown Campaign,SAVE15,0,0,4,1090.41,0.0,207.18,22.35,1319.94,461.62,835.97,63.33,7051.57,True,9,17.715051232939725,0.3214285714285714,0.232395872629306
ORD-235061,2022-04-05,14:19:03,Completed,Mobile App,CUST-002170,Taylor Ward,61,Male,Premium,Loyal,West Erikside,Tamil Nadu,India,South,32951,Credit Card,Paid,INR,Standard,WH-011,6.0,6.0,On Time,Not Returned,Not Applicable,4.5,Positive,Super satisfied with everything. Great value.,Instagram,Unknown Campaign,No Coupon,10,1,3,109.17,24.34,15.27,0.81,100.91,39.72,60.38,59.84,4685.33,True,5,8.550404872322773,0.7678571428571428,0.1541624333091207
ORD-159044,2023-05-16,11:20:39,Completed,Website,CUST-014570,Stephanie Martin,71,Female,Business,Loyal,South Yesenia,Ontario,Canada,East,81890,PayPal,Paid,CAD,Economy,WH-012,5.0,5.0,On Time,Not Returned,Not Applicable,3.8,Positive,"Product is okay, nothing special but works.",YouTube,Default_Campaign,No Coupon,296,218,6,2977.18,408.9600000000001,333.87,63.91,2966.0,1510.3100000000002,1391.7800000000002,46.92,5497.85,True,6,23.55021312904753,0.9464285714285714,0.18102624852500623
ORD-891310,2023-02-19,02:11:09,Completed,Website,CUST-021872,Deborah Howard,45,Male,Premium,Loyal,Lake Kimshire,California,USA,West,65658,Cash on Delivery,Paid,USD,Economy,WH-013,10.0,10.0,On Time,Not Returned,Not Applicable,3.8,Positive,Decent quality for the price.,Direct,Default_Campaign,No Coupon,33,25,3,350.54,42.79,21.55,3.5,332.8,168.92,160.38,48.19,3394.19,True,5,12.581009440862433,0.4821428571428571,0.11147431932074078
ORD-590245,2023-08-15,00:34:37,Completed,Website,CUST-009757,Alicia Hernandez,59,Female,Consumer,Loyal,South Codytown,Texas,USA,South,69087,Digital Wallet,Pending,USD,Express,WH-012,1.0,1.0,On Time,Not Returned,Not Applicable,3.6,Positive,Decent quality for the price.,Organic Search,Unknown Campaign,No Coupon,109,24,5,1109.04,120.96,69.16,35.93,1093.17,427.65,629.59,57.59,4863.26,True,7,17.80251157616938,0.7321428571428572,0.16004521606076066
ORD-989834,2021-02-05,16:29:12,Completed,Mobile App,CUST-013116,Nathan Sutton,34,Female,Consumer,Loyal,Martinezbury,Tamil Nadu,India,South,57017,Credit Card,Paid,INR,Economy,WH-013,7.0,7.0,On Time,Not Returned,Not Applicable,3.8,Positive,Decent quality for the price.,Google Ads,Unknown Campaign,No Coupon,237,92,8,2272.2,270.74,360.27,17.29,2379.02,1153.19,1208.54,50.8,11346.91,True,10,21.842925546936304,0.2857142857142857,0.37440987849919444
ORD-151894,2024-06-03,13:00:06,Pending,Mobile App,CUST-008023,Daniel Villanueva,45,Female,Premium,Loyal,Smithberg,New York,USA,East,43330,PayPal,Paid,USD,Standard,WH-005,,,Cancelled,Not Returned,Not Applicable,,,,Facebook Ads,Unknown Campaign,No Coupon,0,0,4,675.61,107.18,39.8,8.27,616.5,306.59000000000003,301.64,48.93,2991.81,True,4,15.38197297037072,0.4821428571428571,0.09817069360498237
ORD-535837,2021-12-22,20:30:33,Completed,Website,CUST-001084,Sierra Wilson,71,Female,Consumer,Loyal,Brittneyberg,Ajman,UAE,North,82679,Debit Card,Paid,AED,Standard,WH-004,6.0,6.0,On Time,Not Returned,Not Applicable,3.5,Positive,Satisfied with the purchase.,Facebook Ads,Unknown Campaign,No Coupon,267,206,10,3753.84,1249.36,125.22,48.41,2678.11,1923.63,706.0699999999999,26.36,13251.86,True,9,25.103417905962896,0.9464285714285714,0.43739198945707997
ORD-148078,2023-08-15,11:37:30,Returned,Marketplace,CUST-014784,Dana Torres,72,Male,Premium,Loyal,Lake Kevinhaven,North Carolina,USA,South,92743,Credit Card,Refunded,USD,Standard,WH-006,,,Cancelled,Returned,Changed Mind,,,,Organic Search,Unknown Campaign,SAVE41,0,0,7,1022.52,0.0,71.57000000000001,18.32,1112.41,415.4200000000001,678.67,61.01,16748.43,True,10,17.386319367464893,0.9642857142857142,0.552996787332097
ORD-533837,2024-11-30,18:47:08,Completed,Marketplace,CUST-018984,Zachary Rivera,23,Female,Consumer,Loyal,South Margaret,Northern Ireland,UK,West,19267,Debit Card,Paid,GBP,Express,WH-011,3.0,3.0,On Time,Not Returned,Not Applicable,3.4,Neutral,Product has some issues but it works.,Affiliate,Influencer_Program,No Coupon,101,5,8,1094.48,270.54,164.79000000000002,24.97,1013.7,590.69,398.04,39.27,8634.92,True,9,17.73425535415995,0.0892857142857143,0.28474513396696216
ORD-411403,2024-06-12,13:36:05,Completed,Website,CUST-007618,Alexis Wilson,62,Male,Premium,Loyal,North Juan,Western Australia,Australia,West,40132,PayPal,Pending,AUD,Standard,WH-014,3.0,3.0,On Time,Not Returned,Not Applicable,3.8,Positive,Met my expectations. Would recommend.,Direct,Unknown Campaign,No Coupon,235,168,5,2616.9,501.7,211.52,30.889999999999997,2357.61,1370.2,956.52,40.57,23095.93,True,10,22.721789710975465,0.7857142857142856,0.7628600117239069
ORD-544516,2023-05-12,13:05:09,Returned,Mobile App,CUST-023775,Robert Hall,18,Male,Premium,Returning,East Raymond,Northern Ireland,UK,West,4575,Cash on Delivery,Refunded,GBP,Economy,WH-009,,,Cancelled,Returned,Size Issue,,,,YouTube,Unknown Campaign,No Coupon,0,0,4,460.4500000000001,0.0,92.09,4.220000000000001,556.76,210.21,342.33,61.49,2174.14,True,3,13.693183735804897,0.0,0.07113660732086244
ORD-836121,2023-08-02,00:41:44,Completed,Mobile App,CUST-006429,Paula Bowen,55,Male,Consumer,Loyal,New Johnnyton,South Australia,Australia,South,58079,Bank Transfer,Paid,AUD,Economy,WH-007,12.0,9.0,Delayed,Not Returned,Not Applicable,3.5,Positive,Good product. Works as expected.,Referral,Unknown Campaign,No Coupon,275,136,5,2894.96,404.22,249.08,14.01,2753.83,1442.51,1297.31,47.11,6811.6,True,4,23.36821250366491,0.6607142857142857,0.22446190209645014
ORD-556788,2024-10-07,12:51:52,Completed,Mobile App,CUST-007092,Robert Mckenzie,50,Male,Consumer,Loyal,New Maureen,Texas,USA,South,94205,Credit Card,Paid,USD,Express,WH-016,1.0,2.0,Early,Not Returned,Not Applicable,4.5,Positive,Product arrived quickly and works perfectly.,Instagram,Unknown Campaign,No Coupon,65,24,4,683.3,100.55,40.79,35.25,658.79,348.92,274.62,41.69,18246.39,True,10,15.434167592690395,0.5714285714285714,0.6025228551713968
ORD-743171,2022-11-12,17:35:06,Completed,Mobile App,CUST-012978,Beverly Miller,44,Female,VIP,Loyal,West Alexandra,Wales,UK,West,48381,Digital Wallet,Paid,GBP,Economy,WH-008,8.0,8.0,On Time,Not Returned,Not Applicable,4.1,Positive,Met my expectations. Would recommend.,Email Marketing,Unknown Campaign,No Coupon,344,117,7,4040.03,1173.6999999999998,573.2700000000001,1.84,3441.44,2389.02,1050.58,30.53,19841.35,True,11,25.613602007275592,0.4642857142857143,0.6552559703153056
ORD-444790,2022-05-20,18:56:44,Completed,Mobile App,CUST-014318,Daniel Price,26,Female,Premium,Loyal,Hamiltonton,Michigan,USA,Central,73593,PayPal,Paid,USD,Express,WH-006,3.0,3.0,On Time,Not Returned,Not Applicable,3.6,Positive,"Product is okay, nothing special but works.",Organic Search,Default_Campaign,SAVE23,18,13,2,174.56,16.55,11.06,11.55,180.62,84.96,84.11,46.57,7274.639999999999,True,5,10.040958647367052,0.14285714285714285,0.23977108955960627
ORD-275829,2024-12-12,04:40:52,Completed,Marketplace,CUST-020733,Michael Henson,24,Male,Consumer,Loyal,West Aaronfort,North Carolina,USA,South,31132,Buy Now Pay Later,Paid,USD,Standard,WH-016,3.0,3.0,On Time,Not Returned,Not Applicable,3.2,Neutral,Mixed feelings about this purchase.,Google Ads,Unknown Campaign,No Coupon,5,5,1,59.53,11.87,3.34,5.81,56.81,19.67,31.33,55.15,8472.35,True,9,6.85213355523705,0.10714285714285715,0.2793701888091242
ORD-249697,2024-09-11,06:58:53,Completed,Mobile App,CUST-010140,Mary Ramirez,48,Female,Consumer,Returning,West Justin,Pennsylvania,USA,East,73710,Cash on Delivery,Paid,USD,Standard,WH-001,7.0,7.0,On Time,Not Returned,Not Applicable,4.1,Positive,Decent quality for the price.,Google Ads,Unknown Campaign,SAVE44,184,105,7,2063.13,380.33,117.8,43.96,1844.56,1116.91,683.69,37.07,3353.3900000000003,True,3,21.258832371444736,0.5357142857142857,0.11012537571220422
ORD-111945,2025-01-13,15:26:12,Completed,Mobile App,CUST-014696,Sharon Ortiz,34,Male,Consumer,Loyal,Burtonfurt,Texas,USA,South,20818,Debit Card,Pending,USD,Economy,WH-005,8.0,8.0,On Time,Not Returned,Not Applicable,3.4,Neutral,Product has some issues but it works.,YouTube,Unknown Campaign,No Coupon,423,420,9,4777.54,842.49,275.45000000000005,28.57,4239.07,2506.74,1703.76,40.19,11256.49,True,5,26.8113401770425,0.2857142857142857,0.37142038141380534
ORD-613007,2023-11-18,11:28:22,Completed,Mobile App,CUST-023256,Michele Nixon,49,Male,Consumer,Loyal,Katherineview,Maharashtra,India,West,58442,Buy Now Pay Later,Paid,INR,Economy,WH-002,9.0,9.0,On Time,Not Returned,Not Applicable,4.4,Positive,Met my expectations. Would recommend.,Google Ads,Google_Shopping,No Coupon,297,75,14,3858.99,1348.48,451.88,11.3,2973.69,2098.83,863.56,29.04,7886.759999999999,True,4,25.29421990316552,0.5535714285714286,0.26000921116885634
ORD-165019,2021-12-01,19:49:16,Returned,Mobile App,CUST-020185,Stephanie Mills,67,Male,Consumer,Loyal,Cynthiaview,Michigan,USA,Central,94850,Credit Card,Refunded,USD,Economy,WH-003,,,Cancelled,Returned,Other,,,,Email Marketing,Unknown Campaign,SAVE21,0,0,5,1023.84,0.0,71.67,40.29,1135.8,476.42,619.09,54.51,10971.21,True,10,17.392868037561776,0.875,0.3619883561039202
ORD-363448,2022-06-22,00:52:29,Completed,Website,CUST-008728,Robert Knight,51,Male,Business,Loyal,Stephensland,Queensland,Australia,North,18276,PayPal,Pending,AUD,Economy,WH-010,6.0,6.0,On Time,Not Returned,Not Applicable,4.0,Positive,Good value for money.,Email Marketing,Promo_Email,No Coupon,154,87,6,1601.23,219.08,138.21999999999997,19.8,1540.17,794.24,726.13,47.15,5934.0,True,6,19.786578673215594,0.5892857142857143,0.1954463895755754
ORD-363655,2025-07-01,00:53:15,Completed,Mobile App,CUST-001643,Linda Anderson,32,Male,Premium,Loyal,Micheleview,Quebec,Canada,East,83962,Credit Card,Paid,CAD,Economy,WH-014,7.0,7.0,On Time,Not Returned,Not Applicable,3.8,Positive,Met my expectations. Would recommend.,Direct,Default_Campaign,No Coupon,122,7,3,1255.03,169.43,141.13,2.890000000000001,1229.62,701.5699999999999,525.16,42.71,13561.03,True,5,18.45157841395573,0.25,0.4476138741495126
ORD-140377,2023-08-28,15:27:30,Completed,Social Media,CUST-018870,Julia Watson,69,Male,Premium,Loyal,Jeffreyview,Bavaria,Germany,South,54037,PayPal,Paid,EUR,Economy,WH-007,10.0,10.0,On Time,Not Returned,Not Applicable,4.4,Positive,"Product is okay, nothing special but works.",Organic Search,Unknown Campaign,No Coupon,38,8,3,408.35,87.66,60.93,1.93,383.55,148.22,233.4,60.85,5990.26,True,5,13.194735261464576,0.9107142857142856,0.19730647701224863
ORD-707376,2022-11-27,12:40:55,Completed,Social Media,CUST-003889,Michelle Bell,58,Male,Business,Loyal,New Amandaland,Ohio,USA,Central,85473,Cash on Delivery,Paid,USD,Economy,WH-014,11.0,7.0,Delayed,Not Returned,Not Applicable,3.4,Neutral,Quality could be improved.,Email Marketing,Unknown Campaign,SAVE22,111,19,7,1635.87,626.38,70.66,30.16,1110.3100000000002,1036.24,43.91,3.95,6913.6900000000005,True,5,19.90754944467376,0.7142857142857142,0.22783723672869274
ORD-466435,2023-06-27,01:18:58,Completed,Social Media,CUST-023701,Elizabeth Howard,35,Male,VIP,Returning,East Michellemouth,Wales,UK,West,86294,Debit Card,Paid,GBP,Standard,WH-008,3.0,3.0,On Time,Not Returned,Not Applicable,3.6,Positive,Good product. Works as expected.,Organic Search,Unknown Campaign,No Coupon,264,188,8,2516.16,338.66,435.49,28.78,2641.77,1299.83,1313.16,49.71,2775.85,True,2,22.474593225574623,0.3035714285714286,0.09103054993587559
ORD-925564,2025-06-26,10:45:08,Completed,Mobile App,CUST-000085,John Middleton,20,Female,Premium,Loyal,South Cherylton,England,UK,North,41040,Digital Wallet,Paid,GBP,Express,WH-004,1.0,1.0,On Time,Not Returned,Not Applicable,4.4,Positive,Satisfied with the purchase.,Facebook Ads,FB_Prospecting,No Coupon,73,54,3,660.81,57.99,120.56,9.57,732.9499999999999,305.99,417.39,56.95,8176.469999999999,True,7,15.28022661386071,0.0357142857142857,0.26958770265976634
ORD-859073,2023-11-26,12:18:09,Completed,Marketplace,CUST-002577,Jonathan Santiago,22,Male,Consumer,Loyal,Josechester,England,UK,North,7511,Digital Wallet,Paid,GBP,Express,WH-002,1.0,1.0,On Time,Not Returned,Not Applicable,3.6,Positive,Good product. Works as expected.,Organic Search,Default_Campaign,SAVE44,128,8,7,1609.29,557.76,210.3,24.6,1286.43,664.4300000000001,597.4000000000001,46.44,8578.67,True,9,19.814903576412977,0.07142857142857145,0.28288537715372236
ORD-618979,2025-09-06,20:17:54,Returned,Mobile App,CUST-007782,Tiffany Jacobs,44,Female,Consumer,Returning,Lindsaychester,Michigan,USA,Central,87726,Debit Card,Refunded,USD,Express,WH-012,,,Cancelled,Returned,Other,,,,Organic Search,Default_Campaign,No Coupon,0,0,2,473.34,0.0,33.13,15.39,521.86,274.82,231.65,44.39,1226.02,True,2,13.809788401475316,0.4642857142857143,0.03978953834719362
ORD-450810,2023-01-02,14:53:21,Completed,Website,CUST-023836,Tommy Johnson,38,Male,Premium,Loyal,West Tiffany,Bavaria,Germany,South,95259,Buy Now Pay Later,Paid,EUR,Express,WH-015,0.0,1.0,Early,Not Returned,Not Applicable,4.8,Positive,Best purchase I've made this year!,TikTok,Default_Campaign,No Coupon,255,8,5,2521.88,407.03,401.83,36.5,2553.18,1168.6799999999998,1348.0,52.8,18965.93,True,12,22.488829994934893,0.3571428571428571,0.6263125337029263
ORD-547155,2021-11-11,13:19:08,Completed,Website,CUST-002597,Michelle Chapman,41,Male,Premium,Loyal,North Adamtown,Lower Saxony,Germany,North,60406,Credit Card,Paid,EUR,Standard,WH-016,6.0,6.0,On Time,Not Returned,Not Applicable,3.7,Positive,Decent quality for the price.,Instagram,Unknown Campaign,No Coupon,158,61,10,2388.99,1071.71,250.29,13.18,1580.75,965.0,602.5699999999999,38.12,8056.14,True,5,22.15148065912565,0.4107142857142857,0.2656093108848839
ORD-601299,2023-06-07,09:20:58,Completed,Mobile App,CUST-013641,Melissa Robbins,20,Female,Premium,Loyal,Youngmouth,Illinois,USA,Central,19867,Credit Card,Paid,USD,Standard,WH-015,7.0,7.0,On Time,Not Returned,Not Applicable,3.9,Positive,Satisfied with the purchase.,Affiliate,Unknown Campaign,SAVE19,189,50,5,1841.58,83.78,123.04999999999998,17.89,1898.74,979.29,901.56,47.48,9576.26,True,7,20.588124157261586,0.0357142857142857,0.3158680402527418
ORD-858247,2023-08-15,11:41:40,Completed,Website,CUST-006088,Daniel Griffith,45,Female,Consumer,Loyal,West Nicholasbury,Texas,USA,South,45232,Cash on Delivery,Paid,USD,Economy,WH-012,5.0,5.0,On Time,Not Returned,Not Applicable,3.2,Neutral,Average product. Could be better.,Organic Search,Unknown Campaign,No Coupon,84,44,5,927.29,143.9,54.84,9.43,847.6600000000001,356.61,481.62,56.82,8094.719999999999,True,6,16.895799834082187,0.4821428571428571,0.2668848560911912
ORD-527472,2021-02-15,15:57:57,Completed,Website,CUST-008719,Jeremy Brown,62,Female,Consumer,Loyal,Lake David,North Carolina,USA,South,72269,Digital Wallet,Paid,USD,Same Day,WH-014,1.0,1.0,On Time,Not Returned,Not Applicable,4.1,Positive,Met my expectations. Would recommend.,Affiliate,Unknown Campaign,No Coupon,237,188,8,2426.84,240.42,153.05999999999997,37.03,2376.51,1240.5700000000002,1098.91,46.24,5863.91,True,8,22.2489988625009,0.7857142857142856,0.1931290499304203
ORD-452080,2024-09-05,20:58:26,Completed,Mobile App,CUST-003532,Kimberly Mercado,22,Female,Premium,Loyal,Lorraineshire,Florida,USA,South,41449,Credit Card,Paid,USD,Standard,WH-012,6.0,6.0,On Time,Not Returned,Not Applicable,3.8,Positive,"Product is okay, nothing special but works.",Facebook Ads,Unknown Campaign,SAVE12,275,149,9,3173.12,614.78,179.09,18.78,2756.21,1348.0,1389.43,50.41,23525.92,True,13,23.968920092263282,0.07142857142857145,0.7770764887394617
ORD-598682,2025-01-13,03:29:31,Cancelled,Mobile App,CUST-002155,Shawn Smith,23,Male,Consumer,Loyal,Andrestad,British Columbia,Canada,West,85529,Credit Card,Failed,CAD,Standard,WH-019,,,Cancelled,Not Returned,Not Applicable,,,,Email Marketing,Weekly_Newsletter,SAVE33,0,0,9,992.56,0.0,129.01999999999998,36.29,1157.87,458.94,662.64,57.23,5889.82,True,5,17.235913682191192,0.0892857142857143,0.1939856952465277
ORD-901482,2023-10-01,07:51:40,Completed,Website,CUST-000593,Maureen Hodges,74,Female,Consumer,Returning,Deborahburgh,Ohio,USA,Central,73177,Cash on Delivery,Paid,USD,Economy,WH-012,10.0,10.0,On Time,Not Returned,Not Applicable,4.3,Positive,Met my expectations. Would recommend.,Instagram,Unknown Campaign,SAVE31,38,13,2,369.57,18.96,24.54,9.36,384.51,175.29,199.86,51.98,468.77,True,3,12.791072560166223,1.0,0.014753078848068282
ORD-654715,2025-11-13,18:01:01,Completed,Marketplace,CUST-013040,Timothy Cunningham,39,Male,Business,Loyal,Port Matthewberg,Dubai,UAE,South,42308,Credit Card,Paid,AED,Express,WH-005,0.0,1.0,Early,Not Returned,Not Applicable,3.7,Positive,Good product. Works as expected.,Google Ads,Unknown Campaign,SAVE44,281,38,6,3830.7,1176.39,132.72,24.44,2811.47,2598.7200000000003,188.31,6.7,7765.37,True,5,25.24328105061576,0.375,0.2559957733100266
ORD-531398,2025-10-18,00:29:32,Completed,Website,CUST-013781,Tammy Edwards,40,Female,Consumer,Loyal,New Crystal,Texas,USA,South,88391,Credit Card,Paid,USD,Standard,WH-014,4.0,3.0,Delayed,Not Returned,Not Applicable,3.0,Neutral,Average product. Could be better.,Organic Search,Unknown Campaign,No Coupon,126,43,4,1322.99,174.08,80.42999999999999,34.31,1263.65,695.44,533.9,42.25,6986.03,True,5,18.734136370349788,0.3928571428571428,0.2302289666463774
ORD-262620,2022-07-14,01:54:19,Pending,Mobile App,CUST-021681,Jessica Parker,63,Female,Premium,Returning,North Amanda,Manitoba,Canada,Central,69494,Debit Card,Pending,CAD,Express,WH-002,,,Cancelled,Not Returned,Not Applicable,,,,TikTok,Unknown Campaign,SAVE11,0,0,7,1776.78,445.66,173.05,44.89,1549.06,842.24,661.9300000000001,42.73,1689.5,True,2,20.38030927981659,0.8035714285714286,0.05511327324142222
ORD-200797,2021-11-04,07:45:51,Completed,Website,CUST-009568,Charles Bright,61,Female,Premium,Loyal,New Dylan,Gujarat,India,West,70807,PayPal,Paid,INR,Express,WH-002,2.0,2.0,On Time,Not Returned,Not Applicable,4.5,Positive,Super satisfied with everything. Great value.,Organic Search,Default_Campaign,No Coupon,82,34,8,1080.36,391.0,124.08,6.85,820.29,421.88,391.56,47.73,8501.0,True,7,17.66739457304487,0.7678571428571428,0.2803174249460009
ORD-571080,2025-10-20,13:12:51,Completed,Marketplace,CUST-019916,Colleen Wise,50,Male,Consumer,Loyal,Meganside,Queensland,Australia,North,20257,Digital Wallet,Paid,AUD,Economy,WH-011,10.0,10.0,On Time,Not Returned,Not Applicable,3.7,Positive,Good product. Works as expected.,Affiliate,Influencer_Program,No Coupon,257,17,7,2630.92,337.42,229.36,55.22,2578.08,1491.56,1031.3,40.0,6464.38,True,5,22.755611736871167,0.5714285714285714,0.2129819952396838
ORD-529795,2024-11-06,04:02:24,Completed,Mobile App,CUST-003819,Michael Murphy,51,Male,Consumer,Loyal,New Mike,California,USA,West,48308,Cash on Delivery,Paid,USD,Same Day,WH-003,0.0,0.0,On Time,Not Returned,Not Applicable,3.4,Neutral,Not what I expected but it's okay.,YouTube,Unknown Campaign,No Coupon,103,102,5,1163.19,232.64,65.15,36.36,1032.06,579.58,416.12,40.32,6752.95,True,6,18.050494133028383,0.5892857142857143,0.22252279565917882
ORD-671632,2024-03-09,04:01:59,Returned,Website,CUST-020668,Debbie Gonzalez,48,Male,Consumer,Loyal,East Mary,California,USA,West,25141,Credit Card,Refunded,USD,Express,WH-011,,,Cancelled,Returned,Changed Mind,,,,TikTok,Unknown Campaign,SAVE17,0,0,9,3623.07,0.0,253.62,21.56,3898.25,2145.39,1731.3,44.41,18157.24,True,10,24.860331391866872,0.5357142857142857,0.5995753472620577
ORD-919807,2024-08-13,06:58:46,Completed,Website,CUST-005868,Donald Clark,67,Female,Consumer,Loyal,Susanshire,North Carolina,USA,South,99672,Debit Card,Paid,USD,Standard,WH-001,6.0,6.0,On Time,Not Returned,Not Applicable,3.9,Positive,"Product is okay, nothing special but works.",Organic Search,Unknown Campaign,No Coupon,14,11,1,126.85,0.74,8.83,6.31,141.25,84.76,50.18,35.53,17129.15,True,8,9.009360209156293,0.875,0.5655842826909706
ORD-778751,2023-01-14,09:00:23,Completed,Website,CUST-005662,Justin Vasquez,43,Female,Business,Loyal,Montgomeryville,Pennsylvania,USA,East,61475,Buy Now Pay Later,Paid,USD,Same Day,WH-008,1.0,1.0,On Time,Not Returned,Not Applicable,3.9,Positive,Good value for money.,Referral,Unknown Campaign,SAVE48,66,2,5,642.04,58.22,40.87,44.66,669.35,304.82000000000005,319.87,47.79,5765.33,True,6,15.148647030149348,0.4464285714285714,0.18986976412332388
ORD-756611,2021-05-14,22:21:13,Cancelled,Website,CUST-009845,Michael Burton,19,Male,Consumer,Loyal,New Paul,Ohio,USA,Central,31818,Credit Card,Failed,USD,Standard,WH-006,,,Cancelled,Not Returned,Not Applicable,,,,Referral,Friend_Invite,No Coupon,0,0,4,1610.03,0.0,112.69,27.1,1749.82,927.78,794.94,45.43,3060.08,True,4,19.817498678096236,0.01785714285714285,0.10042785978524686
ORD-272337,2022-11-04,14:15:37,Completed,Mobile App,CUST-009053,Heather Bender,20,Female,Consumer,Loyal,North Seanmouth,Karnataka,India,South,44140,Credit Card,Paid,INR,Express,WH-013,1.0,1.0,On Time,Not Returned,Not Applicable,3.6,Positive,Satisfied with the purchase.,Affiliate,Unknown Campaign,SAVE14,91,45,7,1190.05,423.3,138.01999999999998,14.12,918.89,562.04,342.73,37.3,5738.400000000001,True,7,18.170233802147095,0.0357142857142857,0.18897939521700308
ORD-235327,2024-01-18,20:48:21,Pending,Mobile App,CUST-003188,Wendy West,72,Male,VIP,Loyal,Kingtown,Baden-Württemberg,Germany,South,58869,Credit Card,Paid,EUR,Economy,WH-004,,,Cancelled,Not Returned,Not Applicable,,,,Organic Search,Default_Campaign,No Coupon,0,0,10,1621.64,250.06,260.6,13.81,1645.9900000000002,768.57,863.61,52.47,12548.84,True,8,19.858094660099518,0.9642857142857142,0.4141485008376345
ORD-503699,2022-07-30,16:46:07,Returned,Mobile App,CUST-001036,Kevin Ponce,73,Male,Consumer,Loyal,Willischester,Pennsylvania,USA,East,99127,Debit Card,Refunded,USD,Economy,WH-016,,,Cancelled,Returned,Size Issue,,,,Affiliate,Unknown Campaign,No Coupon,0,0,1,86.57,0.0,6.06,3.23,95.86,56.97,35.66,37.2,8907.94,True,9,7.872174010852846,0.9821428571428572,0.29377181494741933
ORD-803603,2021-12-08,05:32:45,Returned,Mobile App,CUST-020927,Spencer Neal,72,Male,Business,Loyal,South Danielburgh,Dubai,UAE,South,59041,Buy Now Pay Later,Refunded,AED,Same Day,WH-007,,,Cancelled,Returned,Product Not as Expected,,,,Organic Search,Default_Campaign,No Coupon,0,0,1,192.44,0.0,9.62,31.94,234.0,71.7,130.36,55.71,12384.43,True,9,10.371753708770864,0.9642857142857142,0.408712720968039
ORD-351139,2025-05-12,15:05:07,Completed,Mobile App,CUST-003269,Carl Huff,55,Female,Premium,Loyal,North Jenniferland,England,UK,North,7041,Credit Card,Paid,GBP,Express,WH-013,2.0,2.0,On Time,Not Returned,Not Applicable,4.2,Positive,Decent quality for the price.,Email Marketing,Unknown Campaign,No Coupon,229,145,13,2188.4,310.97,375.5,38.34,2291.27,919.6,1333.33,58.19,13388.67,True,9,21.61396013972685,0.6607142857142857,0.4419152486503125
ORD-336808,2025-12-19,08:20:15,Cancelled,Website,CUST-003217,Cassandra Martinez,64,Male,Consumer,Loyal,Port Trevor,Georgia,USA,South,71400,Credit Card,Failed,USD,Standard,WH-004,,,Cancelled,Not Returned,Not Applicable,,,,Instagram,Unknown Campaign,No Coupon,0,0,5,2474.65,0.0,173.23000000000002,11.82,2659.7,1204.21,1443.67,54.28,20558.45,True,10,22.370527781297145,0.8214285714285714,0.6789649767290696
ORD-774696,2024-10-16,10:01:23,Completed,Mobile App,CUST-016814,Mary Johnson,27,Male,Consumer,Loyal,East Jared,Hesse,Germany,Central,78583,PayPal,Paid,EUR,Standard,WH-001,5.0,5.0,On Time,Not Returned,Not Applicable,4.0,Positive,"Product is okay, nothing special but works.",Google Ads,Google_Shopping,No Coupon,76,56,2,723.22,88.82,120.54,9.93,764.87,390.3,364.64,47.67,9609.8,True,8,15.69811411180238,0.1607142857142857,0.31697695124858283
ORD-513879,2021-08-20,06:06:38,Returned,Social Media,CUST-022519,Karen Kim,59,Female,Consumer,Loyal,Port Michael,Michigan,USA,Central,15824,Buy Now Pay Later,Refunded,USD,Standard,WH-012,,,Cancelled,Returned,Defective Product,,,,Instagram,Unknown Campaign,No Coupon,0,0,2,1267.99,0.0,88.76,9.29,1366.04,708.12,648.63,47.48,8380.62,True,6,18.506351100333045,0.7321428571428572,0.27633738005395114
ORD-286403,2021-06-09,08:13:26,Completed,Social Media,CUST-005085,Joshua Stephenson,28,Male,Consumer,Loyal,East Patrickberg,Pennsylvania,USA,East,64726,PayPal,Paid,USD,Economy,WH-016,9.0,5.0,Delayed,Not Returned,Not Applicable,3.3,Neutral,Quality could be improved.,Affiliate,Unknown Campaign,No Coupon,115,108,4,1194.94,142.96,73.64000000000001,25.08,1150.6999999999998,721.72,403.9,35.1,6596.74,True,7,18.191809880588504,0.1785714285714286,0.2173581270050245
ORD-676614,2025-03-29,22:52:43,Completed,Mobile App,CUST-012411,Anthony Jefferson,67,Female,Premium,Loyal,Tinaside,Ohio,USA,Central,4540,PayPal,Pending,USD,Standard,WH-018,4.0,4.0,On Time,Not Returned,Not Applicable,3.6,Positive,Decent quality for the price.,Facebook Ads,FB_Dynamic,No Coupon,101,1,6,1106.15,164.54999999999998,65.91,9.12,1016.63,476.84,530.67,52.2,13328.34,True,9,17.789018271323535,0.875,0.4399205974762191
ORD-534674,2023-12-06,04:26:49,Completed,Website,CUST-001072,Luke Shaw,54,Male,Consumer,Returning,West Wendyshire,Pennsylvania,USA,East,63190,Cash on Delivery,Paid,USD,Standard,WH-002,5.0,5.0,On Time,Not Returned,Not Applicable,3.2,Neutral,Quality could be improved.,Facebook Ads,Unknown Campaign,No Coupon,10,9,4,134.4,39.01,6.68,5.75,107.82,50.48,51.59,47.85,981.95,True,3,9.19049332177502,0.6428571428571428,0.03172001220661717
ORD-729690,2024-11-02,18:26:02,Returned,Mobile App,CUST-004684,Laura Foster,43,Male,Premium,Returning,Grayville,Sharjah,UAE,North,97958,Credit Card,Refunded,AED,Express,WH-014,,,Cancelled,Returned,Changed Mind,,,,Instagram,Insta_Reels,No Coupon,0,0,3,581.51,0.0,29.08,33.42,644.01,281.58,329.01,51.09,791.85,True,2,14.703201828216907,0.4464285714285714,0.025434860736450477
ORD-418736,2022-02-03,06:17:20,Completed,Social Media,CUST-010632,Todd Peters,26,Female,Business,Loyal,New Edward,Michigan,USA,Central,71006,Debit Card,Paid,USD,Same Day,WH-011,0.0,0.0,Early,Not Returned,Not Applicable,4.1,Positive,Decent quality for the price.,TikTok,Unknown Campaign,No Coupon,164,155,3,1589.39,82.54,105.48,28.99,1641.32,795.59,816.74,49.76,10321.46,True,7,19.744771271832317,0.14285714285714285,0.34050609851454194
ORD-880232,2024-12-07,22:10:56,Completed,Website,CUST-023431,Karen Hernandez,33,Male,Consumer,Loyal,Michaelchester,North Carolina,USA,South,33977,Buy Now Pay Later,Paid,USD,Standard,WH-015,5.0,4.0,Delayed,Not Returned,Not Applicable,3.1,Neutral,Average product. Could be better.,Organic Search,Unknown Campaign,No Coupon,72,24,4,773.56,106.41,46.7,6.4,720.25,262.32,451.53,62.69,5284.37,True,4,16.01550178210386,0.2678571428571429,0.17396809946739872
ORD-836425,2021-05-21,09:47:20,Completed,Website,CUST-015672,Gilbert May,57,Male,Premium,Loyal,Kimberlymouth,Lower Saxony,Germany,North,56336,Credit Card,Paid,EUR,Economy,WH-007,5.0,5.0,On Time,Not Returned,Not Applicable,3.3,Neutral,Product has some issues but it works.,Google Ads,Google_Shopping,No Coupon,130,52,3,1380.4299999999998,285.63,208.02,2.17,1304.99,708.96,593.86,45.51,5599.66,True,9,18.964414419971554,0.6964285714285714,0.1843923257011118
ORD-495979,2025-06-09,05:13:16,Completed,Mobile App,CUST-024626,Barbara White,25,Non-Binary,Premium,Loyal,New Natashaborough,Quebec,Canada,East,33643,Debit Card,Paid,CAD,Express,WH-003,1.0,1.0,On Time,Not Returned,Not Applicable,3.7,Positive,Met my expectations. Would recommend.,TikTok,Unknown Campaign,No Coupon,307,284,8,3066.7,396.38,347.14,58.42,3075.88,1573.99,1443.47,46.93,11423.75,True,8,23.744048433946208,0.125,0.37695038896193833
ORD-776047,2025-01-15,16:38:24,Completed,Website,CUST-013419,Matthew King,22,Male,Consumer,Loyal,East Peter,Pennsylvania,USA,East,88157,Digital Wallet,Paid,USD,Express,WH-009,2.0,1.0,Delayed,Not Returned,Not Applicable,3.4,Neutral,Mixed feelings about this purchase.,Referral,Unknown Campaign,No Coupon,26,6,4,259.17,40.44,15.32,26.94,260.99,105.42,128.63,49.29,11765.91,True,11,11.4296837962635,0.07142857142857145,0.3882630003613714
ORD-115204,2021-08-22,02:17:21,Completed,Marketplace,CUST-022673,Ryan Silva,28,Female,Consumer,Loyal,Matthewfort,England,UK,North,90184,Digital Wallet,Paid,GBP,Standard,WH-016,4.0,4.0,On Time,Not Returned,Not Applicable,3.6,Positive,Met my expectations. Would recommend.,Google Ads,Google_Search_Q1,SAVE16,134,48,7,1163.7399999999998,59.620000000000005,220.82,22.77,1347.7099999999998,564.15,760.7900000000001,56.45,6801.759999999999,True,5,18.05296711155786,0.1785714285714286,0.2241365686379207
ORD-802564,2021-12-01,15:19:39,Cancelled,Website,CUST-008400,James Smith,40,Female,Premium,Loyal,Scottland,British Columbia,Canada,West,87403,Buy Now Pay Later,Failed,CAD,Standard,WH-003,,,Cancelled,Not Returned,Not Applicable,,,,Email Marketing,Unknown Campaign,No Coupon,0,0,3,978.95,0.0,127.26,29.67,1135.88,516.4300000000001,589.78,51.92,4613.1,True,5,17.166438181846814,0.3928571428571428,0.15177434024920414
ORD-835378,2025-06-11,15:08:50,Completed,Website,CUST-008972,Tricia Shaw,27,Male,Consumer,Loyal,New Edward,Michigan,USA,Central,96030,Credit Card,Paid,USD,Standard,WH-002,7.0,7.0,On Time,Not Returned,Not Applicable,3.4,Neutral,Average product. Could be better.,Direct,Default_Campaign,SAVE15,200,62,3,2235.45,386.13000000000005,129.45,26.67,2005.44,1353.21,625.56,31.19,9211.49,True,7,21.743323929086372,0.1607142857142857,0.30380788927024466
ORD-416240,2023-12-04,19:57:32,Completed,Marketplace,CUST-023279,Jessica Martin,66,Female,Consumer,Loyal,Ryanborough,North Carolina,USA,South,29682,Credit Card,Paid,USD,Express,WH-003,2.0,2.0,On Time,Not Returned,Not Applicable,3.3,Neutral,Product has some issues but it works.,YouTube,Default_Campaign,No Coupon,49,0,4,687.04,252.37,30.43,30.23,495.33,307.22,157.88,31.87,7490.83,True,7,15.459389831764426,0.8571428571428572,0.24691883756768276
ORD-944039,2023-10-19,05:53:58,Pending,Website,CUST-001220,Justin Sanders,49,Female,Consumer,Loyal,West Karen,England,UK,North,95618,PayPal,Paid,GBP,Standard,WH-019,,,Cancelled,Not Returned,Not Applicable,,,,Google Ads,Unknown Campaign,No Coupon,0,0,9,885.4899999999999,40.53,168.98999999999998,37.49000000000001,1051.44,420.16,593.79,56.47,9069.78,True,6,16.668234386003096,0.5535714285714286,0.29912262459461436
ORD-869702,2021-11-23,08:38:41,Completed,Website,CUST-023716,Edward Allen,74,Male,Consumer,Loyal,North Jeremyview,Uttar Pradesh,India,North,4577,Buy Now Pay Later,Paid,INR,Standard,WH-013,5.0,5.0,On Time,Not Returned,Not Applicable,3.0,Neutral,Quality could be improved.,Referral,Unknown Campaign,No Coupon,117,13,10,1306.6,324.06,176.86,12.94,1172.34,737.55,421.85,35.98,8368.07,True,9,18.66702696298907,1.0,0.2759224476449528
ORD-307369,2023-06-04,18:52:27,Completed,Website,CUST-000276,Gregory King,25,Male,Consumer,Loyal,New Lorraineview,New York,USA,East,53930,Credit Card,Paid,USD,Same Day,WH-015,0.0,0.0,On Time,Not Returned,Not Applicable,3.8,Positive,Decent quality for the price.,Google Ads,Unknown Campaign,No Coupon,25,10,5,230.91000000000005,19.39,14.81,30.68,257.01,109.69,116.64,45.38,14278.7,True,12,11.010603873982122,0.125,0.47134172609898406
ORD-369277,2025-10-06,12:51:28,Completed,Marketplace,CUST-010710,Jason Maldonado,45,Male,Premium,Loyal,Port Stephentown,Georgia,USA,South,82180,Debit Card,Paid,USD,Standard,WH-005,3.0,4.0,Early,Not Returned,Not Applicable,3.6,Positive,Good value for money.,Direct,Unknown Campaign,No Coupon,3,3,1,31.51,1.07,2.13,2.7300000000000004,35.3,14.51,18.06,51.16,4320.72,True,6,5.311868212917224,0.4821428571428571,0.14210757230155902
ORD-316473,2022-08-15,19:25:52,Completed,Mobile App,CUST-004788,Barry Moore,60,Female,Consumer,Loyal,East Manuel,Wales,UK,West,74109,Cash on Delivery,Paid,GBP,Standard,WH-014,11.0,7.0,Delayed,Not Returned,Not Applicable,2.4,Negative,Very disappointed with this product.,Facebook Ads,Unknown Campaign,No Coupon,125,34,6,1054.26,29.96,204.86,27.500000000000004,1256.66,487.52,741.64,59.02,19836.9,True,10,17.54202438323106,0.75,0.6551088428874138
ORD-464342,2022-01-22,23:44:25,Completed,Mobile App,CUST-008813,Katrina Gonzalez,54,Female,Premium,Loyal,Erikafort,Karnataka,India,South,74543,Digital Wallet,Paid,INR,Standard,WH-011,8.0,6.0,Delayed,Not Returned,Not Applicable,3.1,Neutral,Product has some issues but it works.,Facebook Ads,Unknown Campaign,No Coupon,148,15,8,1429.88,170.53,226.68,2.84,1488.87,643.63,842.4,56.58,10325.66,True,6,19.156855272725636,0.6428571428571428,0.3406449603565972
ORD-627749,2021-02-14,10:05:58,Completed,Website,CUST-002054,Jonathan Perez,18,Female,Consumer,Loyal,Rhondaview,Wales,UK,West,63222,Debit Card,Paid,GBP,Standard,WH-015,6.0,6.0,On Time,Not Returned,Not Applicable,3.7,Positive,Good value for money.,Google Ads,Google_Search_Q1,No Coupon,121,15,3,1146.12,151.76,198.87,17.82,1211.05,733.76,459.47,37.94,6508.139999999999,True,7,17.97329297254519,0.0,0.21442880338452597
ORD-963309,2024-11-15,04:26:09,Completed,Marketplace,CUST-010923,Sarah Lee,56,Male,Consumer,Loyal,Williammouth,Pennsylvania,USA,East,25783,Credit Card,Pending,USD,Standard,WH-004,5.0,5.0,On Time,Not Returned,Not Applicable,3.5,Positive,Met my expectations. Would recommend.,TikTok,Unknown Campaign,No Coupon,16,8,2,207.06,55.69,10.6,5.57,167.54,72.72,89.25,53.27,13947.45,True,9,10.625164199873973,0.6785714285714286,0.4603898248654611
ORD-671797,2024-11-18,01:15:10,Completed,Mobile App,CUST-003535,Anthony Hernandez,48,Female,Business,Loyal,East Thomas,England,UK,North,75632,Credit Card,Paid,GBP,Standard,WH-011,5.0,5.0,On Time,Not Returned,Not Applicable,4.1,Positive,Satisfied with the purchase.,Affiliate,Unknown Campaign,No Coupon,155,131,9,1895.1800000000003,643.92,250.24,53.49,1554.99,809.3100000000001,692.19,44.51,3720.63,True,4,20.755830483419455,0.5357142857142857,0.12226719068276716
ORD-200858,2023-06-29,07:12:44,Cancelled,Social Media,CUST-007674,Rachel White,25,Male,Consumer,Loyal,Serranoport,Lower Saxony,Germany,North,28942,PayPal,Failed,EUR,Standard,WH-012,,,Cancelled,Not Returned,Not Applicable,,,,Referral,Referral_Program,No Coupon,0,0,2,338.59,0.0,64.33,9.72,412.64,144.48,258.44,62.63,11670.08,True,7,12.444594731805132,0.125,0.3850946359984778
ORD-591152,2021-12-01,09:16:44,Completed,Mobile App,CUST-019626,Kenneth Hill,52,Male,Premium,Loyal,North Robert,Baden-Württemberg,Germany,South,35104,Debit Card,Paid,EUR,Express,WH-001,3.0,3.0,On Time,Not Returned,Not Applicable,3.6,Positive,Good value for money.,Google Ads,Google_Shopping,SAVE49,137,19,8,1562.65,434.25999999999993,214.4,27.59,1370.38,900.55,442.24,32.27,8113.0,True,4,19.649466748306008,0.6071428571428571,0.267489235727565
ORD-242553,2023-01-20,10:42:15,Returned,Marketplace,CUST-004317,Stacey Malone,35,Female,Consumer,Loyal,Davidside,Northern Ireland,UK,West,78760,PayPal,Refunded,GBP,Express,WH-012,,,Cancelled,Returned,Other,,,,Affiliate,Unknown Campaign,No Coupon,0,0,6,1330.14,0.0,266.02000000000004,42.77,1638.9300000000003,610.73,985.43,60.13,7866.139999999999,True,5,18.763213005795368,0.3035714285714286,0.2593274656490518
ORD-967080,2023-01-24,22:11:03,Completed,Website,CUST-009784,Jeffery George,66,Male,Consumer,Returning,New Jose,Florida,USA,South,27131,Buy Now Pay Later,Paid,USD,Standard,WH-004,6.0,6.0,On Time,Not Returned,Not Applicable,3.2,Neutral,Average product. Could be better.,Facebook Ads,Unknown Campaign,No Coupon,29,0,2,316.85,48.39,18.8,10.49,297.75,146.97,140.29,47.12,5542.19,True,3,12.186667701755267,0.8571428571428572,0.18249223282898933
ORD-944802,2024-01-10,04:05:39,Completed,Website,CUST-002524,Michael Blanchard,51,Female,VIP,Loyal,Tylerview,Florida,USA,South,16828,Cash on Delivery,Paid,USD,Express,WH-019,6.0,2.0,Delayed,Not Returned,Not Applicable,3.4,Neutral,Not what I expected but it's okay.,Organic Search,Unknown Campaign,SAVE37,134,53,2,1286.98,45.84,86.88,12.37,1340.39,624.44,703.58,52.49,6292.490000000001,True,4,18.585839313789343,0.5892857142857143,0.20729890904185663
ORD-160873,2023-12-25,16:28:16,Completed,Mobile App,CUST-007185,Christopher Martinez,73,Female,Premium,Loyal,South Jacobhaven,Scotland,UK,North,11915,Digital Wallet,Paid,GBP,Standard,WH-004,4.0,4.0,On Time,Not Returned,Not Applicable,4.2,Positive,"Product is okay, nothing special but works.",Organic Search,Default_Campaign,SAVE20,123,43,6,1251.02,235.67,203.08,20.71,1239.14,686.11,532.3199999999999,42.96,9200.93,True,6,18.43454330061486,0.9821428571428572,0.3034587509245058
ORD-503881,2024-12-10,16:49:46,Cancelled,Marketplace,CUST-012081,Samantha Jackson,73,Male,Consumer,Loyal,New Daisy,California,USA,West,19258,Debit Card,Failed,USD,Same Day,WH-016,,,Cancelled,Not Returned,Not Applicable,,,,Organic Search,Unknown Campaign,No Coupon,0,0,3,1860.77,0.0,130.26,27.23,2018.26,801.63,1189.4,58.93,7231.41,True,8,20.648591113076865,0.9821428571428572,0.23834180445673778
ORD-550585,2023-08-06,23:30:46,Completed,Mobile App,CUST-008053,Cassandra Walters,44,Non-Binary,Consumer,Loyal,Port Tiffanyside,Texas,USA,South,595,Digital Wallet,Paid,USD,Standard,WH-012,4.0,4.0,On Time,Not Returned,Not Applicable,3.6,Positive,Met my expectations. Would recommend.,Google Ads,Unknown Campaign,SAVE40,69,24,2,710.15,65.35000000000001,45.14,9.15,699.09,412.17,277.77,39.73,6415.68,True,5,15.612952696528009,0.4642857142857143,0.21137185911871004
ORD-122955,2024-08-18,23:14:35,Completed,Marketplace,CUST-012722,Lauren Moore,21,Female,Premium,Loyal,Ashleyview,Wales,UK,West,83006,Digital Wallet,Paid,GBP,Same Day,WH-013,0.0,0.0,On Time,Not Returned,Not Applicable,4.1,Positive,Decent quality for the price.,Facebook Ads,FB_Prospecting,SAVE40,182,72,10,1652.13,170.93,296.23,45.63,1823.06,666.54,1110.89,60.94,11013.51,True,8,19.963657707454338,0.0535714285714286,0.3633868932274765
ORD-150791,2025-03-31,15:47:29,Completed,Social Media,CUST-012881,Tonya Bowen,45,Male,Consumer,Loyal,Amyberg,California,USA,West,42025,Credit Card,Paid,USD,Economy,WH-018,7.0,7.0,On Time,Not Returned,Not Applicable,3.4,Neutral,Product has some issues but it works.,Direct,Unknown Campaign,No Coupon,275,135,8,2908.7,370.11,177.70000000000002,39.63,2755.92,1453.69,1262.6,45.81,11554.06,True,7,23.398900166293267,0.4821428571428571,0.38125874292341866
ORD-756016,2023-10-04,12:49:34,Completed,Website,CUST-021708,Christina Benjamin,70,Female,Premium,Loyal,New Manuelton,Pennsylvania,USA,East,90779,Debit Card,Paid,USD,Express,WH-014,3.0,3.0,On Time,Not Returned,Not Applicable,4.7,Positive,Absolutely love this product! Exceeded all expectations.,Email Marketing,Unknown Campaign,No Coupon,267,175,13,2843.87,382.93,172.26,42.64,2675.84,1524.88,1108.32,41.42,13707.8,True,8,23.253117824260933,0.9285714285714286,0.45246643428247607
ORD-464224,2023-03-20,13:22:18,Completed,Mobile App,CUST-023925,Ernest Cole,66,Non-Binary,Consumer,Loyal,East Amberside,Baden-Württemberg,Germany,South,62553,Credit Card,Pending,EUR,Express,WH-017,4.0,2.0,Delayed,Not Returned,Not Applicable,2.5,Neutral,Average product. Could be better.,Referral,Friend_Invite,No Coupon,162,139,7,1546.11,221.69,251.65,45.76,1621.8300000000002,805.04,771.03,47.54,5007.34,True,6,19.589889503914975,0.8571428571428572,0.16480883849012215
ORD-768239,2022-11-03,11:16:04,Completed,Website,CUST-007584,Christopher Williams,30,Male,VIP,Loyal,Bradleyport,Scotland,UK,North,68574,Buy Now Pay Later,Paid,GBP,Express,WH-010,1.0,1.0,On Time,Not Returned,Not Applicable,4.5,Positive,Super satisfied with everything. Great value.,Direct,Default_Campaign,No Coupon,19,15,6,257.03,109.45,29.51,19.03,196.12,115.77,61.32,31.27,8820.23,True,8,11.399208404580515,0.2142857142857143,0.29087191681249913
ORD-985035,2022-12-05,05:09:17,Completed,Website,CUST-005870,Dana Johnson,68,Male,Business,Loyal,Rodriguezmouth,Texas,USA,South,88496,Debit Card,Paid,USD,Standard,WH-015,3.0,3.0,On Time,Not Returned,Not Applicable,4.1,Positive,Good value for money.,Direct,Default_Campaign,No Coupon,163,47,4,2595.82,1077.36,106.3,12.260000000000002,1637.02,1443.7600000000002,181.0,11.06,8275.95,True,10,22.670673991244907,0.8928571428571428,0.27287674457587463
ORD-459391,2024-04-25,16:47:53,Completed,Mobile App,CUST-015299,Todd Rios,47,Female,Consumer,Loyal,New Andreamouth,Georgia,USA,South,33478,Debit Card,Paid,USD,Same Day,WH-016,1.0,1.0,On Time,Not Returned,Not Applicable,3.7,Positive,Good product. Works as expected.,Organic Search,Default_Campaign,SAVE44,35,5,3,368.79,62.92,21.41,30.19,357.47,125.23,202.05,56.52,4521.77,True,6,12.782627245641729,0.5178571428571428,0.1487547564313697
ORD-154686,2022-12-09,00:51:21,Cancelled,Marketplace,CUST-011464,Matthew Jones,47,Female,Consumer,Loyal,North Robin,North Carolina,USA,South,30548,Digital Wallet,Failed,USD,Economy,WH-008,,,Cancelled,Not Returned,Not Applicable,,,,Organic Search,Unknown Campaign,No Coupon,0,0,6,504.6,0.0,35.32,21.550000000000004,561.47,247.74,292.18,52.04,4523.28,True,6,14.082794982893128,0.5178571428571428,0.14880468056982288
ORD-318782,2023-08-30,13:13:40,Pending,Social Media,CUST-012227,Christopher Esparza,49,Male,Premium,Loyal,Kylemouth,North Carolina,USA,South,97918,Cash on Delivery,Paid,USD,Express,WH-002,,,Cancelled,Not Returned,Not Applicable,,,,Direct,Default_Campaign,No Coupon,0,0,3,667.59,115.72,38.63,14.76,605.26,298.4,292.1,48.26,6081.77,True,6,15.327051717718373,0.5535714285714286,0.20033201205188542
ORD-832702,2024-06-29,09:50:57,Completed,Mobile App,CUST-018082,Marcus Stewart,35,Female,Consumer,Loyal,Clairechester,Michigan,USA,Central,29251,Credit Card,Paid,USD,Economy,WH-002,9.0,9.0,On Time,Not Returned,Not Applicable,3.7,Positive,Satisfied with the purchase.,Email Marketing,Weekly_Newsletter,No Coupon,143,81,10,1494.9499999999996,183.31,91.82,28.41,1431.87,719.76,683.7,47.75,4644.5,True,4,19.402467232270173,0.3035714285714286,0.15281249783028372
ORD-398261,2021-01-22,14:53:39,Completed,Mobile App,CUST-004606,Kayla Greer,45,Female,Consumer,Loyal,Lake Peterview,England,UK,North,33201,Credit Card,Paid,GBP,Express,WH-002,0.0,1.0,Early,Not Returned,Not Applicable,3.7,Positive,Decent quality for the price.,Email Marketing,Unknown Campaign,No Coupon,94,16,6,925.27,154.82,154.1,20.4,944.95,460.08,464.47,49.15,15761.67,True,8,16.88498519481408,0.4821428571428571,0.52037218941152
ORD-937125,2025-08-09,14:58:33,Completed,Website,CUST-018078,Albert Webb,46,Female,Premium,Loyal,South Anitastad,North Carolina,USA,South,29991,Buy Now Pay Later,Paid,USD,Same Day,WH-004,4.0,1.0,Delayed,Not Returned,Not Applicable,3.9,Positive,"Product is okay, nothing special but works.",Instagram,Unknown Campaign,No Coupon,34,10,7,302.1,35.31,18.67,57.18,342.64,123.88,161.58,47.16,9721.44,True,10,12.003847848247217,0.5,0.32066803125978444
ORD-279186,2025-04-10,17:33:56,Completed,Website,CUST-018564,Michael Reese,44,Male,Business,Loyal,Nicoleburgh,North Carolina,USA,South,88656,Buy Now Pay Later,Paid,USD,Express,WH-006,3.0,3.0,On Time,Not Returned,Not Applicable,4.4,Positive,Good value for money.,Facebook Ads,FB_Retargeting,SAVE49,75,2,2,804.7800000000001,118.01,48.08,21.3,756.15,496.73,238.12,31.49,13045.57,True,11,16.204473096388888,0.4642857142857143,0.4305715586481337
ORD-427955,2023-10-18,07:31:23,Completed,Mobile App,CUST-005077,William Hughes,20,Female,Consumer,Loyal,Pollardview,Manitoba,Canada,Central,48089,Debit Card,Paid,CAD,Economy,WH-006,8.0,8.0,On Time,Not Returned,Not Applicable,3.3,Neutral,Mixed feelings about this purchase.,Organic Search,Default_Campaign,No Coupon,193,167,8,1918.19,223.37000000000003,220.32,21.05,1936.19,851.4899999999999,1063.65,54.94,5879.35,True,5,20.826712636300474,0.0357142857142857,0.19363953251169003
ORD-346962,2022-08-15,01:03:16,Completed,Website,CUST-021230,Melissa Duncan,39,Non-Binary,Business,Loyal,Barbarafort,Wales,UK,West,3011,Digital Wallet,Paid,GBP,Economy,WH-010,8.0,5.0,Delayed,Not Returned,Not Applicable,3.0,Neutral,Mixed feelings about this purchase.,Organic Search,Default_Campaign,No Coupon,5,0,1,42.44,0.58,8.37,2.72,52.95,15.96,34.27,64.72,8137.07,True,6,6.0043136664256895,0.375,0.26828504633191486
ORD-277607,2025-04-30,15:30:14,Completed,Marketplace,CUST-010236,Alexander Dorsey,71,Male,Consumer,Loyal,Melissaburgh,Illinois,USA,Central,23799,Debit Card,Paid,USD,Standard,WH-001,3.0,3.0,On Time,Not Returned,Not Applicable,3.9,Positive,Met my expectations. Would recommend.,Direct,Default_Campaign,No Coupon,67,31,2,658.69,44.02,43.02,21.5,679.19,376.38,281.31,41.42,5344.64,True,7,15.265509665374191,0.9464285714285714,0.17596076690089135
ORD-624579,2022-10-25,22:13:07,Completed,Mobile App,CUST-003497,James Brock,26,Male,Consumer,Loyal,Port Amyshire,Pennsylvania,USA,East,18943,Buy Now Pay Later,Paid,USD,Standard,WH-011,4.0,6.0,Early,Not Returned,Not Applicable,4.0,Positive,Decent quality for the price.,Google Ads,Unknown Campaign,No Coupon,68,47,5,674.24,48.55,43.79,14.39,683.87,318.64,350.84000000000003,51.3,10266.51,True,6,15.372626639223018,0.14285714285714285,0.3386893227476527
ORD-109368,2022-06-22,13:22:22,Completed,Website,CUST-007443,Pamela Wright,57,Female,VIP,Loyal,Mitchellberg,North Rhine,Germany,West,65574,PayPal,Paid,EUR,Economy,WH-016,13.0,9.0,Delayed,Not Returned,Not Applicable,3.9,Positive,Good product. Works as expected.,YouTube,Unknown Campaign,No Coupon,64,17,3,655.61,117.5,102.24,0.0,640.35,393.65,246.7,38.53,5283.650000000001,True,6,15.244063688754753,0.6964285714285714,0.17394429458018926
ORD-351293,2022-09-17,06:19:40,Completed,Marketplace,CUST-009196,Robert Berry,73,Male,Consumer,Loyal,South Veronicafurt,North Rhine,Germany,West,33424,Credit Card,Paid,EUR,Standard,WH-010,3.0,4.0,Early,Not Returned,Not Applicable,3.7,Positive,Good product. Works as expected.,Google Ads,Google_Search_Q1,No Coupon,286,59,8,2890.74,488.77,456.37,10.19,2868.53,1452.71,1405.63,49.0,9506.7,True,8,23.35876494558899,0.9821428571428572,0.31356822364956033
ORD-243764,2025-09-15,00:57:55,Returned,Social Media,CUST-003707,Nathan Casey,36,Male,Business,Loyal,East Michaeltown,Hesse,Germany,Central,41712,Bank Transfer,Refunded,EUR,Express,WH-009,,,Cancelled,Returned,Wrong Product,,,,Organic Search,Default_Campaign,SAVE37,0,0,9,2305.07,0.0,437.97,39.84,2782.88,1313.09,1429.95,51.38,9797.6,True,5,21.930971864252815,0.3214285714285714,0.32318605932905264
ORD-100564,2024-09-12,22:40:05,Completed,Website,CUST-006060,Jimmy Reid,31,Female,Consumer,Returning,Ericville,Northern Ireland,UK,West,91151,Credit Card,Paid,GBP,Economy,WH-010,9.0,9.0,On Time,Not Returned,Not Applicable,3.0,Neutral,Product has some issues but it works.,Organic Search,Default_Campaign,No Coupon,105,64,7,1004.28,132.01,174.45999999999998,11.22,1057.95,364.47,682.26,64.49,1648.12,True,2,17.295159155172254,0.2321428571428571,0.05374515347374469
ORD-483237,2024-10-15,16:11:39,Completed,Marketplace,CUST-022214,Laurie Scott,64,Male,Consumer,Loyal,Lake Dennis,Dubai,UAE,South,54648,Buy Now Pay Later,Paid,AED,Standard,WH-012,3.0,3.0,On Time,Not Returned,Not Applicable,3.6,Positive,Good value for money.,Facebook Ads,Unknown Campaign,No Coupon,100,17,6,1020.22,85.91000000000001,46.72,28.56,1009.59,605.6099999999999,375.42,37.19,3233.19,True,4,17.374893325749742,0.8214285714285714,0.10615128204195678
ORD-924533,2021-12-16,17:14:50,Returned,Social Media,CUST-015677,Justin Morales,58,Male,Premium,Loyal,Davidmouth,Baden-Württemberg,Germany,South,22022,Buy Now Pay Later,Refunded,EUR,Economy,WH-014,,,Cancelled,Returned,Product Not as Expected,,,,Affiliate,Influencer_Program,SAVE39,0,0,6,4555.41,0.0,865.53,10.55,5431.49,2152.9700000000003,3267.9700000000003,60.17,11167.15,True,8,26.466448433070735,0.7142857142857142,0.3684665916592304
ORD-938610,2021-07-17,11:57:47,Completed,Mobile App,CUST-001740,Michelle Warren,24,Male,VIP,Loyal,Amberhaven,New York,USA,East,22357,Credit Card,Paid,USD,Standard,WH-003,5.0,6.0,Early,Not Returned,Not Applicable,3.5,Positive,"Product is okay, nothing special but works.",Google Ads,Unknown Campaign,SAVE10,58,25,6,804.48,265.01,37.77,6.19,583.4300000000001,311.94,265.3,45.47,4420.05,True,6,16.2026841584671,0.10714285714285715,0.14539165486616532
ORD-583163,2025-09-18,09:26:02,Completed,Website,CUST-020413,Richard Green,60,Female,Consumer,Loyal,Smithfort,Texas,USA,South,97943,Debit Card,Paid,USD,Economy,WH-003,6.0,6.0,On Time,Not Returned,Not Applicable,4.1,Positive,Met my expectations. Would recommend.,Email Marketing,Promo_Email,No Coupon,55,47,1,546.38,26.2,36.41,3.24,559.83,227.51,329.08,58.78,4553.05,True,7,14.428143493496625,0.75,0.14978894653124772
ORD-651499,2023-12-12,00:59:24,Completed,Social Media,CUST-016979,Nicholas Parker,43,Male,Consumer,Loyal,West Christopher,Florida,USA,South,73483,Debit Card,Paid,USD,Standard,WH-018,3.0,5.0,Early,Not Returned,Not Applicable,4.6,Positive,Product arrived quickly and works perfectly.,Google Ads,Google_Display,No Coupon,93,75,7,1071.5800000000002,216.21,59.88,17.84,933.09,437.75,477.5,51.17,6120.29,True,8,17.6254816111032,0.4464285714285714,0.20160557351759198
ORD-344520,2023-04-08,17:17:35,Completed,Mobile App,CUST-014289,Ian Perez,63,Male,Consumer,Loyal,Carterland,Georgia,USA,South,88892,Credit Card,Paid,USD,Standard,WH-008,5.0,5.0,On Time,Not Returned,Not Applicable,3.5,Positive,Good product. Works as expected.,Organic Search,Default_Campaign,SAVE29,25,11,2,245.13,17.29,15.95,11.73,255.52,134.35,109.44,42.83,4635.03,True,7,11.226105440376227,0.8035714285714286,0.1524993974387925
ORD-376688,2025-06-01,17:48:08,Completed,Mobile App,CUST-000506,Mathew Foster,73,Male,Premium,Returning,Port Gregorymouth,Illinois,USA,Central,44795,Digital Wallet,Paid,USD,Express,WH-009,2.0,2.0,On Time,Not Returned,Not Applicable,4.1,Positive,Met my expectations. Would recommend.,Organic Search,Unknown Campaign,SAVE16,141,97,6,1359.65,47.78,91.84,13.92,1417.63,569.26,834.4499999999999,58.86,7368.230000000001,True,3,18.88196899623422,0.9821428571428572,0.2428653942734038
ORD-339249,2023-04-18,04:52:01,Completed,Marketplace,CUST-014802,Christopher Lewis,64,Male,Consumer,Loyal,Emilyberg,Illinois,USA,Central,61531,Digital Wallet,Paid,USD,Express,WH-013,3.0,3.0,On Time,Not Returned,Not Applicable,4.4,Positive,Decent quality for the price.,Direct,Default_Campaign,No Coupon,162,144,7,1704.8200000000002,222.3,103.77,35.6,1621.89,614.97,971.32,59.89,13071.0,True,9,20.142617631654456,0.8214285714285714,0.4314123340394348
ORD-199904,2023-08-31,08:34:27,Returned,Website,CUST-013464,Adam Park,63,Non-Binary,Consumer,Loyal,New Yvette,Hesse,Germany,Central,89139,Credit Card,Refunded,EUR,Standard,WH-009,,,Cancelled,Returned,Late Delivery,,,,Instagram,Unknown Campaign,SAVE15,0,0,1,61.0,0.0,11.59,4.88,77.47,24.6,47.99,61.95,3089.52,True,5,6.915888382031571,0.8035714285714286,0.10140121517336737
ORD-531467,2023-04-28,22:15:06,Completed,Mobile App,CUST-000862,Pamela Alvarez,54,Male,Consumer,Loyal,Millerhaven,Georgia,USA,South,53290,PayPal,Paid,USD,Express,WH-006,3.0,3.0,On Time,Not Returned,Not Applicable,4.1,Positive,"Product is okay, nothing special but works.",Google Ads,Unknown Campaign,No Coupon,41,7,1,399.73,22.44,26.41,14.72,418.42,256.49,147.21,35.18,9202.45,True,7,13.107631172348754,0.6428571428571428,0.30350900568639244
ORD-530790,2025-05-12,08:46:04,Completed,Mobile App,CUST-003473,Brian Hurst,44,Female,Consumer,Loyal,Andrewchester,Ajman,UAE,North,62529,Debit Card,Paid,AED,Economy,WH-001,7.0,7.0,On Time,Not Returned,Not Applicable,3.4,Neutral,Mixed feelings about this purchase.,Google Ads,Unknown Campaign,No Coupon,12,0,5,130.42000000000002,19.15,5.57,12.27,129.11,67.64,49.2,38.11,5317.82,True,6,9.09600861712752,0.4642857142857143,0.1750740348523386
ORD-396285,2024-10-21,21:01:15,Completed,Website,CUST-021567,Bianca Smith,66,Male,Consumer,Loyal,North Alexander,North Rhine,Germany,West,24894,PayPal,Paid,EUR,Standard,WH-018,5.0,3.0,Delayed,Not Returned,Not Applicable,3.1,Neutral,Not what I expected but it's okay.,Direct,Default_Campaign,No Coupon,27,1,1,233.33,2.75,43.81,5.32,279.71,127.66,146.73,52.46,7790.46,True,8,11.04798283700263,0.8571428571428572,0.2568253075045899
ORD-369210,2021-08-16,08:43:39,Completed,Mobile App,CUST-003118,Adam Porter,18,Male,Premium,Loyal,Lake Kyle,New York,USA,East,20017,Credit Card,Paid,USD,Express,WH-009,2.0,2.0,On Time,Not Returned,Not Applicable,3.2,Neutral,Average product. Could be better.,Referral,Friend_Invite,No Coupon,299,72,7,3344.49,574.21,193.92,26.07,2990.2699999999995,1638.92,1325.28,44.32,21173.19,True,10,24.319190242160122,0.0,0.6992897216778874
ORD-229249,2021-04-11,04:28:10,Completed,Website,CUST-004214,Elizabeth Alvarez,54,Male,Consumer,Loyal,Wallacestad,Texas,USA,South,50208,Credit Card,Paid,USD,Express,WH-012,2.0,2.0,On Time,Not Returned,Not Applicable,3.5,Positive,Decent quality for the price.,Direct,Unknown Campaign,No Coupon,106,97,8,1052.92,97.56,66.88,42.99,1065.23,565.0000000000001,457.24,42.92,13107.88,True,11,17.535523896921184,0.6428571428571428,0.4326316732620531
ORD-389443,2021-07-19,14:34:36,Completed,Mobile App,CUST-018085,Peggy Hodge,47,Male,Premium,Loyal,New Megan,Dubai,UAE,South,54011,Cash on Delivery,Paid,AED,Standard,WH-003,9.0,5.0,Delayed,Not Returned,Not Applicable,2.8,Neutral,Mixed feelings about this purchase.,Direct,Default_Campaign,No Coupon,34,13,3,453.69,133.21,16.02,5.199999999999999,341.7,192.57,143.93,42.12,2485.78,True,8,13.631029907202777,0.5178571428571428,0.08144015600136086
ORD-837826,2021-01-01,12:50:06,Completed,Website,CUST-003661,Rhonda Higgins,24,Female,Premium,Loyal,Davischester,North Carolina,USA,South,59679,PayPal,Paid,USD,Express,WH-008,1.0,1.0,On Time,Not Returned,Not Applicable,3.8,Positive,"Product is okay, nothing special but works.",Email Marketing,Unknown Campaign,No Coupon,22,12,2,256.5,58.91,13.83,15.38,226.8,132.54,78.88,34.78,12110.1,True,12,11.391630762546807,0.10714285714285715,0.3996427283177979
ORD-204965,2021-12-03,19:13:44,Completed,Social Media,CUST-024205,Christopher Clarke,65,Male,Consumer,Loyal,Jamesmouth,Georgia,USA,South,65157,Digital Wallet,Paid,USD,Standard,WH-019,6.0,6.0,On Time,Not Returned,Not Applicable,4.0,Positive,Good value for money.,Affiliate,Unknown Campaign,No Coupon,232,78,6,2828.19,667.72,151.23000000000002,11.19,2322.89,1574.1,737.6,31.75,8481.98,True,7,23.21747684777177,0.8392857142857142,0.2796885791755508
ORD-825003,2022-02-28,05:49:22,Completed,Mobile App,CUST-013544,Keith Mann,23,Male,Consumer,Loyal,Jacobtown,North Carolina,USA,South,16652,Credit Card,Paid,USD,Same Day,WH-019,0.0,0.0,On Time,Not Returned,Not Applicable,3.5,Positive,Good product. Works as expected.,Direct,Unknown Campaign,No Coupon,365,57,10,3791.460000000001,406.96,236.92,34.3,3655.72,2315.38,1306.04,35.73,7118.61,True,6,25.172146708654594,0.0892857142857143,0.2346123721272543
ORD-187171,2022-02-04,00:24:55,Returned,Mobile App,CUST-019780,Rebecca Stewart,73,Female,Premium,Loyal,Nicholasport,New York,USA,East,64959,Cash on Delivery,Refunded,USD,Standard,WH-012,,,Cancelled,Returned,Size Issue,,,,Email Marketing,Unknown Campaign,No Coupon,0,0,6,1402.72,0.0,98.19,17.939999999999998,1518.85,750.4599999999999,750.45,49.41,6913.719999999999,True,7,19.051801259384586,0.9821428571428572,0.2278382285989931
ORD-525712,2024-10-30,12:50:08,Completed,Website,CUST-003857,Amy Beck,20,Male,Consumer,Loyal,West Elizabethfurt,Northern Ireland,UK,West,2790,Credit Card,Paid,GBP,Express,WH-007,1.0,1.0,On Time,Not Returned,Not Applicable,4.3,Positive,Decent quality for the price.,Organic Search,Unknown Campaign,No Coupon,89,30,7,826.44,119.18,141.45000000000002,48.23,896.9399999999999,402.13,446.58,49.79,2440.09,True,5,16.332306145054687,0.0357142857142857,0.07992953753385998
ORD-961672,2021-12-17,21:53:22,Completed,Website,CUST-019101,Mario Hart,42,Male,Consumer,Loyal,Gabriellaport,Pennsylvania,USA,East,12306,Debit Card,Paid,USD,Economy,WH-002,6.0,6.0,On Time,Not Returned,Not Applicable,3.7,Positive,Good value for money.,YouTube,Unknown Campaign,No Coupon,386,188,13,5614.46,2038.39,250.33,43.55,3869.95,3115.15,711.25,18.38,6989.1,True,5,28.00974069422327,0.4285714285714286,0.23033046804045113
ORD-639153,2023-07-10,12:12:38,Completed,Website,CUST-016902,Jennifer Robertson,52,Male,VIP,Loyal,Victoriaport,Pennsylvania,USA,East,46698,Credit Card,Paid,USD,Standard,WH-008,4.0,4.0,On Time,Not Returned,Not Applicable,3.4,Neutral,Product has some issues but it works.,Facebook Ads,FB_Prospecting,SAVE39,177,33,6,2123.34,477.2600000000001,115.22,9.54,1770.84,1154.72,606.58,34.25,11301.92,True,7,21.431523042475277,0.6071428571428571,0.3729224036720361
ORD-922796,2023-11-04,21:47:48,Completed,Website,CUST-006889,Andrew Lewis,45,Non-Binary,Consumer,Loyal,Friedmanburgh,Texas,USA,South,4419,Cash on Delivery,Paid,USD,Express,WH-010,3.0,3.0,On Time,Not Returned,Not Applicable,3.2,Neutral,Mixed feelings about this purchase.,Google Ads,Unknown Campaign,No Coupon,169,130,11,2320.46,763.8100000000001,108.97,24.92,1690.54,988.72,676.9,40.04,13052.37,True,8,21.97186579531544,0.4821428571428571,0.4307963825828898
ORD-940376,2022-11-05,12:56:39,Completed,Website,CUST-017621,Blake Jones,52,Male,Premium,Loyal,Hendersonton,Scotland,UK,North,16724,Credit Card,Paid,GBP,Economy,WH-009,11.0,9.0,Delayed,Not Returned,Not Applicable,3.9,Positive,Good product. Works as expected.,Organic Search,Unknown Campaign,SAVE27,116,103,15,1412.46,445.12,193.48,4.59,1165.41,696.39,464.43,39.85,9916.4,True,4,19.089652936076334,0.6071428571428571,0.327113865718615
ORD-217261,2024-10-09,18:53:50,Completed,Website,CUST-009213,Nathaniel Boyd,40,Male,VIP,Returning,Ericstad,Illinois,USA,Central,24757,Credit Card,Paid,USD,Standard,WH-015,6.0,6.0,On Time,Not Returned,Not Applicable,3.8,Positive,Good value for money.,Email Marketing,Unknown Campaign,SAVE19,28,17,1,323.04,62.33,18.25,2.93,281.89,193.17,85.79,30.43,403.61,True,2,12.261452413326094,0.3928571428571428,0.012598736555611358
ORD-300182,2024-07-10,09:54:07,Completed,Website,CUST-016282,Crystal Clayton,68,Male,Consumer,Loyal,Port Katrina,Texas,USA,South,2267,Bank Transfer,Paid,USD,Economy,WH-005,5.0,5.0,On Time,Not Returned,Not Applicable,3.7,Positive,Good value for money.,Instagram,Insta_Influencer,SAVE33,161,91,9,1858.7,365.22,104.54,13.13,1611.15,1114.09,483.93,30.04,6255.33,True,4,20.642091658256874,0.8928571428571428,0.20607031236310125
ORD-553206,2021-05-20,02:55:29,Cancelled,Mobile App,CUST-021173,David Ramirez,67,Female,Consumer,Loyal,East Bryanborough,Ontario,Canada,East,72203,Credit Card,Failed,CAD,Standard,WH-017,,,Cancelled,Not Returned,Not Applicable,,,,Facebook Ads,FB_Dynamic,No Coupon,0,0,8,1908.17,0.0,248.07,39.15,2195.3900000000003,975.74,1180.5,53.77,4607.71,True,4,20.79592655518559,0.875,0.15159613421856658
ORD-930979,2025-03-18,21:22:16,Completed,Social Media,CUST-008460,Jessica Ashley,72,Male,Consumer,Loyal,Roseton,Illinois,USA,Central,72218,Debit Card,Paid,USD,Standard,WH-005,7.0,7.0,On Time,Not Returned,Not Applicable,3.4,Neutral,Average product. Could be better.,Instagram,Unknown Campaign,SAVE48,28,1,3,244.73,8.55,16.54,30.790000000000003,283.51,81.47,171.25,60.4,7316.96,True,7,11.22017607430318,0.9642857142857142,0.2411702879300295
ORD-614533,2021-08-07,01:33:10,Completed,Mobile App,CUST-005117,Sean Cook,50,Non-Binary,Consumer,Loyal,South Bethton,North Rhine,Germany,West,82810,Digital Wallet,Paid,EUR,Express,WH-017,3.0,3.0,On Time,Not Returned,Not Applicable,3.6,Positive,Met my expectations. Would recommend.,Direct,Default_Campaign,No Coupon,55,10,4,495.44,48.68,84.89,24.51,556.1600000000001,280.14,251.51,45.22,2588.57,True,5,14.004170548365604,0.5714285714285714,0.08483863427394599
ORD-797263,2021-12-22,03:21:55,Completed,Mobile App,CUST-009050,Joshua Johnson,44,Non-Binary,Consumer,Returning,Ericview,Michigan,USA,Central,86618,Digital Wallet,Paid,USD,Express,WH-007,3.0,3.0,On Time,Not Returned,Not Applicable,3.3,Neutral,Product has some issues but it works.,Direct,Unknown Campaign,No Coupon,25,19,6,359.94000000000005,140.5,15.36,19.48,254.28,137.73000000000002,97.07,38.17,1343.07,True,3,12.685834257030548,0.4642857142857143,0.043659485635899616
ORD-680920,2022-12-17,00:36:49,Completed,Mobile App,CUST-006714,Arthur Johnson,74,Male,Premium,Loyal,Gregorymouth,Florida,USA,South,55620,Cash on Delivery,Paid,USD,Standard,WH-007,5.0,5.0,On Time,Not Returned,Not Applicable,3.3,Neutral,Product has some issues but it works.,Direct,Unknown Campaign,SAVE29,10,6,1,102.77,7.05,6.7,2.88,105.3,43.97,58.45,55.51,12452.22,True,11,8.370191044081912,1.0,0.4109540172234971
ORD-867988,2023-03-05,15:58:58,Completed,Mobile App,CUST-001710,Michael Collins,48,Male,Consumer,Loyal,South Sonyaport,New York,USA,East,30563,Credit Card,Paid,USD,Standard,WH-015,6.0,6.0,On Time,Not Returned,Not Applicable,3.6,Positive,Met my expectations. Would recommend.,Instagram,Unknown Campaign,No Coupon,96,96,4,1019.8,134.43,61.98,21.55,968.9,568.36,378.99,39.12,19947.870000000003,True,13,17.372804702210658,0.5357142857142857,0.6587777711285733
ORD-216554,2025-07-18,20:35:58,Completed,Mobile App,CUST-013017,Gabriella Thomas,58,Male,VIP,Loyal,Mirandatown,Illinois,USA,Central,27713,Cash on Delivery,Paid,USD,Same Day,WH-006,4.0,1.0,Delayed,Not Returned,Not Applicable,3.1,Neutral,Average product. Could be better.,Direct,Unknown Campaign,No Coupon,25,17,5,347.35,133.76,14.95,24.32,252.86,113.39,115.15,45.54,9210.35,True,11,12.544946872608067,0.7142857142857142,0.30377019819882967
ORD-259322,2022-08-17,08:34:11,Completed,Mobile App,CUST-017172,Larry Martin,66,Female,Premium,Loyal,Romerostad,Texas,USA,South,16517,Credit Card,Paid,USD,Standard,WH-011,10.0,7.0,Delayed,Not Returned,Not Applicable,3.7,Positive,"Product is okay, nothing special but works.",Email Marketing,Weekly_Newsletter,No Coupon,34,33,1,362.41,43.08,22.35,2.67,344.35,170.85,170.83,49.61,3147.06,True,5,12.713030449205466,0.8571428571428572,0.10330362240952408
ORD-323903,2025-02-26,13:07:46,Completed,Social Media,CUST-005532,Marissa Stevenson,26,Male,Premium,Loyal,Teresahaven,Texas,USA,South,57796,Buy Now Pay Later,Paid,USD,Standard,WH-002,5.0,5.0,On Time,Not Returned,Not Applicable,4.0,Positive,Satisfied with the purchase.,Organic Search,Default_Campaign,No Coupon,90,59,6,1048.02,214.37,58.35,8.55,900.55,520.58,371.42,41.24,6987.92,True,7,17.51169940185739,0.14285714285714285,0.23029145447530228
ORD-930456,2022-02-13,10:43:54,Completed,Mobile App,CUST-009445,Kevin Briggs,73,Female,Consumer,Loyal,Lewisside,Lower Saxony,Germany,North,58684,Digital Wallet,Paid,EUR,Standard,WH-011,4.0,4.0,On Time,Not Returned,Not Applicable,3.4,Neutral,Mixed feelings about this purchase.,Facebook Ads,FB_Prospecting,SAVE33,37,8,4,326.22,26.26,56.99,20.33,377.28,103.89,253.06,67.07,5659.99,True,8,12.29944588687121,0.9821428571428572,0.1863869768752052
ORD-515719,2022-05-16,14:52:18,Completed,Marketplace,CUST-015166,Charles Lewis,43,Non-Binary,Consumer,Loyal,Williamsborough,California,USA,West,12857,Debit Card,Paid,USD,Standard,WH-006,3.0,3.0,On Time,Not Returned,Not Applicable,3.4,Neutral,Average product. Could be better.,Google Ads,Unknown Campaign,No Coupon,109,40,12,1002.16,41.69,67.23,64.02,1091.72,342.25,685.45,62.79,5029.3,True,6,17.28448175592036,0.4464285714285714,0.16553488755001095
ORD-416887,2022-03-21,04:44:50,Returned,Mobile App,CUST-013612,Alice Carr,38,Female,Premium,Loyal,Lake Robin,Texas,USA,South,82580,PayPal,Refunded,USD,Standard,WH-016,,,Cancelled,Returned,Damaged Product,,,,Direct,Default_Campaign,No Coupon,0,0,9,2318.35,0.0,162.29,18.07,2498.71,1006.49,1474.15,59.0,6397.56,True,5,21.966271461244045,0.3571428571428571,0.21077276945727175
ORD-408617,2023-01-18,22:22:44,Completed,Marketplace,CUST-007000,Erin Ramirez,67,Male,Consumer,Loyal,Johnsonland,Florida,USA,South,36801,PayPal,Paid,USD,Express,WH-005,3.0,3.0,On Time,Not Returned,Not Applicable,2.9,Neutral,Mixed feelings about this purchase.,Google Ads,Unknown Campaign,No Coupon,150,87,7,1572.72,185.83,97.08,18.42,1502.39,815.88,668.09,44.47,3981.13,True,4,19.6855029216688,0.875,0.13087993112452634
ORD-189216,2024-09-06,00:18:09,Completed,Mobile App,CUST-021689,Ashley Haney,44,Male,Premium,Returning,Port Joshua,North Carolina,USA,South,98183,Cash on Delivery,Paid,USD,Standard,WH-019,7.0,5.0,Delayed,Not Returned,Not Applicable,3.1,Neutral,Average product. Could be better.,Organic Search,Default_Campaign,No Coupon,213,153,9,2569.48,592.28,138.4,15.15,2130.75,1162.35,953.25,44.74,2559.97,True,3,22.606355012508907,0.4642857142857143,0.08389305125423653
ORD-784665,2024-07-23,19:02:47,Completed,Mobile App,CUST-023567,Melissa Tyler,70,Male,Business,Returning,Popemouth,North Carolina,USA,South,21101,Debit Card,Paid,USD,Economy,WH-016,10.0,10.0,On Time,Not Returned,Not Applicable,3.5,Positive,Satisfied with the purchase.,Organic Search,Default_Campaign,No Coupon,227,86,13,2810.65,707.61,147.21999999999997,28.33,2278.59,1610.79,639.47,28.06,3821.83,True,3,23.17742833389404,0.9285714285714286,0.12561309982943136
ORD-525445,2022-07-25,20:10:29,Completed,Website,CUST-006897,Nicholas Wilson,47,Male,Consumer,Loyal,North Natalie,England,UK,North,48104,Debit Card,Paid,GBP,Standard,WH-006,7.0,7.0,On Time,Not Returned,Not Applicable,3.0,Neutral,Average product. Could be better.,Email Marketing,Unknown Campaign,No Coupon,584,496,5,5796.1900000000005,937.53,971.73,10.08,5840.469999999999,3789.36,2041.03,34.95,13387.88,True,6,28.251643672123073,0.5178571428571428,0.44188912939906877
ORD-544081,2025-12-06,18:49:18,Completed,Mobile App,CUST-006418,Cynthia Jackson,61,Female,Consumer,Loyal,South Shelbyville,Ontario,Canada,East,12347,Debit Card,Paid,CAD,Standard,WH-002,7.0,7.0,On Time,Not Returned,Not Applicable,3.5,Positive,"Product is okay, nothing special but works.",Facebook Ads,Unknown Campaign,No Coupon,86,22,7,1215.25,472.02,96.63,28.2,868.0600000000001,566.8,273.06,31.46,18016.2,True,8,18.280706523983948,0.7678571428571428,0.5949122343564696
ORD-169603,2025-07-15,18:44:49,Completed,Mobile App,CUST-011517,Amanda Phillips,44,Female,Consumer,Loyal,Summershaven,Western Australia,Australia,West,88847,PayPal,Paid,AUD,Standard,WH-013,7.0,5.0,Delayed,Not Returned,Not Applicable,3.4,Neutral,Average product. Could be better.,Google Ads,Unknown Campaign,No Coupon,80,23,4,1106.64,385.14,72.15,9.01,802.66,447.72,345.93,43.1,4639.24,True,6,17.791307962121582,0.4642857142857143,0.15263858990428122
ORD-495229,2025-12-18,10:05:14,Completed,Mobile App,CUST-018832,Rebecca Aguilar,58,Male,Consumer,Loyal,Ryanfurt,New York,USA,East,93187,Credit Card,Pending,USD,Same Day,WH-002,0.0,1.0,Early,Not Returned,Not Applicable,4.5,Positive,Product arrived quickly and works perfectly.,Organic Search,Unknown Campaign,No Coupon,59,28,5,1012.05,491.89,36.41,38.87,595.44,449.0,107.57,18.07,7086.799999999999,True,5,17.33414591063348,0.7142857142857142,0.23356065898540262
ORD-800321,2023-04-11,07:46:44,Completed,Website,CUST-022632,Alexis May,30,Female,Premium,Loyal,Donaldport,Pennsylvania,USA,East,13052,Digital Wallet,Paid,USD,Standard,WH-001,3.0,3.0,On Time,Not Returned,Not Applicable,3.5,Positive,Satisfied with the purchase.,Email Marketing,Weekly_Newsletter,No Coupon,10,5,1,107.15,9.67,6.82,3.05,107.35,46.68,57.62,53.67,3447.34,True,7,8.494419136892517,0.2142857142857143,0.11323158286960643
ORD-533334,2025-07-12,08:56:01,Completed,Website,CUST-011994,Nicole Willis,30,Male,Premium,Loyal,Lisaburgh,South Australia,Australia,South,4410,Bank Transfer,Paid,AUD,Express,WH-001,0.0,1.0,Early,Not Returned,Not Applicable,4.4,Positive,Satisfied with the purchase.,YouTube,Unknown Campaign,SAVE24,254,217,7,3124.9300000000003,832.3699999999999,229.26,21.33,2543.15,1490.91,1030.91,40.54,7410.9,True,5,23.867818686382503,0.2142857142857143,0.24427616446399825
ORD-625044,2025-03-24,20:01:21,Completed,Mobile App,CUST-003428,Nathan Mcdonald,35,Non-Binary,Business,Loyal,Jesseville,New York,USA,East,75798,Credit Card,Paid,USD,Express,WH-018,1.0,1.0,On Time,Not Returned,Not Applicable,3.4,Neutral,Quality could be improved.,Organic Search,Default_Campaign,No Coupon,157,110,11,1489.89,63.41,99.85,44.48,1570.81,761.22,765.1099999999999,48.71,10302.73,True,9,19.383664622161515,0.3035714285714286,0.33988684082366233
ORD-580391,2024-03-22,23:05:57,Completed,Mobile App,CUST-010510,Bailey Woods,29,Non-Binary,Consumer,Loyal,Micheleburgh,Michigan,USA,Central,14414,Credit Card,Paid,USD,Standard,WH-012,7.0,7.0,On Time,Not Returned,Not Applicable,3.6,Positive,Decent quality for the price.,Referral,Unknown Campaign,No Coupon,17,8,4,146.35,17.15,9.05,35.230000000000004,173.48,66.14,72.11,41.57,2081.93,True,7,9.461874129288443,0.1964285714285714,0.06808792864088312
ORD-245170,2022-05-13,23:33:07,Completed,Website,CUST-007079,Tamara Pratt,28,Male,Consumer,Loyal,Tammymouth,Baden-Württemberg,Germany,South,38153,Credit Card,Pending,EUR,Standard,WH-010,6.0,6.0,On Time,Not Returned,Not Applicable,4.0,Positive,Decent quality for the price.,Email Marketing,Promo_Email,No Coupon,62,47,4,573.6800000000001,56.77,98.21,9.07,624.19,240.99,374.13,59.94,5965.1,True,6,14.64301992508454,0.1785714285714286,0.19647462845365107
ORD-139126,2021-12-23,05:18:47,Completed,Mobile App,CUST-004432,Ronald Gomez,39,Male,Consumer,Loyal,West Elizabethstad,Pennsylvania,USA,East,53214,Cash on Delivery,Paid,USD,Standard,WH-010,7.0,7.0,On Time,Not Returned,Not Applicable,4.3,Positive,Decent quality for the price.,Google Ads,Unknown Campaign,No Coupon,295,65,8,2909.14,171.28,191.65,29.89,2959.4,1468.92,1460.59,49.35,9495.42,True,11,23.399881050664444,0.375,0.313195280416612
ORD-720440,2023-06-05,09:30:12,Completed,Website,CUST-001681,Brian Brown,64,Male,Premium,Loyal,Joshuastad,Georgia,USA,South,57926,Digital Wallet,Paid,USD,Express,WH-018,3.0,3.0,On Time,Not Returned,Not Applicable,3.1,Neutral,Quality could be improved.,Email Marketing,Unknown Campaign,No Coupon,355,207,9,3659.79,354.86999999999995,231.34,21.98,3558.24,1836.51,1699.7500000000005,47.77,8277.21,True,4,24.9292590428852,0.8214285714285714,0.27291840312849114
ORD-694132,2024-09-17,18:56:55,Completed,Website,CUST-001376,Alex Turner,49,Male,Consumer,Loyal,Williamsstad,Pennsylvania,USA,East,18759,PayPal,Paid,USD,Express,WH-003,2.0,2.0,On Time,Not Returned,Not Applicable,3.3,Neutral,Not what I expected but it's okay.,Instagram,Unknown Campaign,No Coupon,155,15,6,1612.71,206.41,98.45,45.75,1550.5,776.76,727.99,46.95,10187.1,True,7,19.826889518958897,0.5535714285714286,0.33606384206250833
ORD-266958,2023-12-25,16:22:35,Completed,Mobile App,CUST-022498,Madeline Clark,32,Male,Consumer,Loyal,New Brianashire,North Carolina,USA,South,56124,Bank Transfer,Paid,USD,Economy,WH-001,5.0,5.0,On Time,Not Returned,Not Applicable,4.0,Positive,Met my expectations. Would recommend.,Google Ads,Google_Shopping,No Coupon,22,13,4,367.96,168.79000000000002,13.94,10.01,223.12,122.5,90.61,40.61,2942.32,True,6,12.773625533205239,0.25,0.09653443823276486
ORD-994118,2025-11-20,13:37:01,Completed,Mobile App,CUST-001544,Jill Pitts,44,Female,Premium,Loyal,North Robert,Ohio,USA,Central,16154,PayPal,Paid,USD,Standard,WH-007,7.0,6.0,Delayed,Not Returned,Not Applicable,2.6,Neutral,Not what I expected but it's okay.,Referral,Unknown Campaign,No Coupon,46,28,5,752.37,329.44000000000005,29.61,14.96,467.5,347.91,104.63,22.38,7402.410000000001,True,7,15.88388757155324,0.4642857142857143,0.24399546516898662
ORD-678485,2022-01-08,07:03:14,Completed,Marketplace,CUST-005579,Alexis Brown,55,Female,Consumer,Loyal,Edwardshaven,Michigan,USA,Central,37701,PayPal,Paid,USD,Standard,WH-018,6.0,6.0,On Time,Not Returned,Not Applicable,3.5,Positive,Met my expectations. Would recommend.,Instagram,Unknown Campaign,No Coupon,353,122,6,3698.26,414.6,229.86,17.99,3531.51,1904.36,1609.16,45.57,11528.45,True,9,25.000906042691835,0.6607142857142857,0.38041201631031524
ORD-188975,2023-04-27,07:31:04,Completed,Mobile App,CUST-005269,Michael Dominguez,30,Female,Consumer,Loyal,New Lisaberg,England,UK,North,5340,Credit Card,Paid,GBP,Standard,WH-004,6.0,6.0,On Time,Not Returned,Not Applicable,3.2,Neutral,Product has some issues but it works.,Google Ads,Google_Display,No Coupon,71,24,3,636.12,56.34,115.96,15.580000000000002,711.3199999999999,344.5,351.24,49.38,8131.950000000001,True,7,15.106536640933296,0.2142857142857143,0.2681157671339809
ORD-225413,2022-08-20,07:05:05,Completed,Mobile App,CUST-005878,Linda Combs,41,Female,Consumer,Loyal,New Ricky,California,USA,West,63194,Debit Card,Pending,USD,Economy,WH-001,6.0,6.0,On Time,Not Returned,Not Applicable,3.3,Neutral,Average product. Could be better.,Facebook Ads,Unknown Campaign,No Coupon,108,54,6,1147.02,139.47,70.53,9.39,1087.47,692.04,386.04,35.5,15464.82,True,8,17.977385238430482,0.4107142857142857,0.5105576327891161
ORD-258858,2025-11-15,06:01:58,Completed,Mobile App,CUST-023865,Sandra Wallace,33,Male,Consumer,Loyal,East Alexandra,Pennsylvania,USA,East,64416,PayPal,Paid,USD,Express,WH-002,2.0,2.0,On Time,Not Returned,Not Applicable,4.0,Positive,Good product. Works as expected.,Organic Search,Default_Campaign,SAVE48,103,72,4,1303.56,352.07,66.6,14.69,1032.78,802.76,215.33,20.85,6555.9,True,8,18.654508808837576,0.2678571428571429,0.21600786090275406
ORD-253506,2021-12-18,01:47:22,Completed,Website,CUST-012723,Brian Durham,59,Female,Consumer,Loyal,Lake Zacharyhaven,Florida,USA,South,76200,Credit Card,Paid,USD,Express,WH-015,5.0,1.0,Delayed,Not Returned,Not Applicable,3.2,Neutral,Mixed feelings about this purchase.,Organic Search,Default_Campaign,No Coupon,136,89,12,1744.1899999999998,503.18,86.87,33.13,1361.0100000000002,997.71,330.17,24.26,7542.210000000001,True,7,20.273591954233506,0.7321428571428572,0.24861758076882517
ORD-245036,2022-08-11,22:24:58,Completed,Mobile App,CUST-004149,James Nelson,59,Female,Consumer,Loyal,Lake Adamstad,California,USA,West,75042,Credit Card,Paid,USD,Standard,WH-009,6.0,6.0,On Time,Not Returned,Not Applicable,3.5,Positive,Good product. Works as expected.,Direct,Unknown Campaign,No Coupon,200,190,8,2017.26,176.33999999999995,128.87,36.54,2006.33,885.8600000000001,1083.9299999999998,54.03,12046.75,True,10,21.124662582870318,0.7321428571428572,0.39754822886679814
ORD-455201,2023-03-25,17:34:20,Completed,Mobile App,CUST-000894,Omar Bell,35,Female,Consumer,Loyal,New Mary,Baden-Württemberg,Germany,South,37373,Digital Wallet,Paid,EUR,Express,WH-018,4.0,3.0,Delayed,Not Returned,Not Applicable,2.5,Neutral,Average product. Could be better.,Referral,Friend_Invite,No Coupon,394,251,5,3977.83,679.61,626.6600000000001,24.86,3949.74,1997.84,1927.04,48.79,14770.41,True,7,25.505130471788906,0.3035714285714286,0.4875988109458839
ORD-508303,2021-01-09,21:50:55,Cancelled,Marketplace,CUST-013236,Christopher Compton,71,Male,Consumer,Returning,Michaelmouth,Michigan,USA,Central,96999,Cash on Delivery,Failed,USD,Express,WH-019,,,Cancelled,Not Returned,Not Applicable,,,,Organic Search,Unknown Campaign,No Coupon,0,0,4,1645.06,0.0,115.16,21.1,1781.32,823.4100000000001,936.81,52.59,2735.51,True,3,19.9393134956647,0.9464285714285714,0.08969681500527842
ORD-425168,2024-10-26,23:15:34,Completed,Mobile App,CUST-001917,Jesus Wiggins,65,Male,Business,Loyal,Cynthiafort,Florida,USA,South,37270,Credit Card,Paid,USD,Same Day,WH-009,1.0,1.0,On Time,Not Returned,Not Applicable,3.2,Neutral,Mixed feelings about this purchase.,TikTok,Unknown Campaign,SAVE14,184,30,12,1838.84,165.31,117.15,55.04,1845.72,791.11,999.57,54.16,5850.8,True,6,20.579451215366372,0.8392857142857142,0.1926956026091479
ORD-226364,2023-07-23,03:43:33,Completed,Mobile App,CUST-022824,Andrew Chavez,67,Male,VIP,Loyal,Silvaville,Abu Dhabi,UAE,South,76696,Credit Card,Paid,AED,Standard,WH-005,7.0,7.0,On Time,Not Returned,Not Applicable,4.1,Positive,"Product is okay, nothing special but works.",Google Ads,Google_Display,No Coupon,489,405,12,5791.16,1155.63,231.77,29.04,4896.340000000001,3159.26,1708.0400000000002,34.88,13298.63,True,8,28.24502686687948,0.875,0.438938315255395
ORD-586099,2025-11-05,19:46:35,Completed,Website,CUST-005860,William Carney,70,Female,VIP,Loyal,Lake Stacey,Northern Ireland,UK,West,98919,Cash on Delivery,Paid,GBP,Economy,WH-019,8.0,8.0,On Time,Not Returned,Not Applicable,3.9,Positive,Satisfied with the purchase.,Instagram,Insta_Reels,No Coupon,44,27,5,614.68,252.55,72.42999999999999,9.13,443.69000000000005,368.62,65.94,14.86,10401.15,True,10,14.951471707274889,0.9285714285714286,0.34314083665582334
ORD-584600,2024-03-24,20:51:02,Completed,Website,CUST-011589,Tiffany Potts,40,Female,Consumer,Loyal,New Jamesville,Abu Dhabi,UAE,South,61291,Credit Card,Pending,AED,Standard,WH-016,5.0,5.0,On Time,Not Returned,Not Applicable,4.2,Positive,Good value for money.,Facebook Ads,Unknown Campaign,SAVE21,47,13,5,490.51,67.13,21.18,32.7,477.26,219.42,225.14,47.17,5350.400000000001,True,7,13.96139247551285,0.3928571428571428,0.1761512059985671
ORD-795042,2025-11-24,06:50:04,Returned,Mobile App,CUST-008864,David Harrison,44,Female,Consumer,Loyal,Holderbury,Michigan,USA,Central,23548,Cash on Delivery,Refunded,USD,Standard,WH-006,,,Cancelled,Returned,Defective Product,,,,Organic Search,Unknown Campaign,No Coupon,0,0,5,1444.42,0.0,101.12,34.96,1580.5,743.45,802.09,50.75,4852.9800000000005,True,5,19.212468954841572,0.4642857142857143,0.1597053351711588
ORD-500472,2024-08-26,20:57:29,Completed,Mobile App,CUST-016229,Eric Watts,38,Male,VIP,Loyal,Port Kathleen,California,USA,West,70273,Buy Now Pay Later,Paid,USD,Standard,WH-010,5.0,5.0,On Time,Not Returned,Not Applicable,4.9,Positive,Best purchase I've made this year!,Direct,Default_Campaign,No Coupon,10,1,1,125.16,27.79,6.82,2.54,106.73,64.63,39.56,37.07,8659.35,True,10,8.9676892859823,0.3571428571428571,0.2855528470149168
ORD-800882,2024-12-07,00:48:51,Completed,Marketplace,CUST-022441,Heather Jones,74,Male,Consumer,Loyal,Amyview,Pennsylvania,USA,East,67772,Debit Card,Paid,USD,Same Day,WH-005,0.0,0.0,On Time,Not Returned,Not Applicable,3.2,Neutral,Not what I expected but it's okay.,Facebook Ads,Unknown Campaign,No Coupon,242,36,10,2722.7,504.78,155.25,51.370000000000005,2424.54,1479.0,894.1700000000001,36.88,22078.26,True,16,22.97367927727218,1.0,0.7292134567704901
ORD-832185,2022-04-13,16:54:46,Returned,Website,CUST-018395,Shane Pittman,26,Female,Premium,Loyal,Port Joannamouth,Wales,UK,West,43445,Buy Now Pay Later,Refunded,GBP,Economy,WH-009,,,Cancelled,Returned,Late Delivery,,,,Instagram,Unknown Campaign,No Coupon,0,0,8,2383.96,0.0,476.79,4.550000000000001,2865.3,1323.34,1537.41,53.66,9642.75,True,6,22.138432307513565,0.14285714285714285,0.3180663554618495
ORD-335612,2024-07-01,10:04:32,Pending,Social Media,CUST-016603,Rachel Hurley,32,Non-Binary,Consumer,Loyal,North Elizabethshire,Texas,USA,South,9268,PayPal,Pending,USD,Economy,WH-002,,,Cancelled,Not Returned,Not Applicable,,,,Affiliate,Influencer_Program,SAVE19,0,0,5,543.78,114.7,30.03,7.5,466.61,301.66,157.45,33.74,10412.8,True,11,14.407253490289953,0.25,0.34352601295580987
ORD-162002,2024-04-13,17:35:17,Returned,Marketplace,CUST-015947,Mary Hoffman,42,Female,Business,Loyal,West Anamouth,Northern Ireland,UK,West,10471,Cash on Delivery,Refunded,GBP,Same Day,WH-014,,,Cancelled,Returned,Damaged Product,,,,Google Ads,Google_Display,No Coupon,0,0,5,635.41,0.0,127.08,30.47,792.96,305.33,457.1600000000001,57.65,7954.49,True,9,15.101466114830297,0.4285714285714286,0.2622485236837137
ORD-850355,2021-11-28,18:07:20,Completed,Marketplace,CUST-013026,Steven Caldwell,45,Male,Business,Loyal,Ericaberg,Scotland,UK,North,16496,Credit Card,Paid,GBP,Standard,WH-005,5.0,5.0,On Time,Not Returned,Not Applicable,4.0,Positive,"Product is okay, nothing special but works.",Instagram,Insta_Stories,No Coupon,141,120,8,2084.4,921.68,232.54,17.060000000000002,1412.32,954.12,441.14,31.24,27822.6,True,14,21.320273222493565,0.4821428571428571,0.9191347981494344
ORD-636811,2024-07-25,23:59:10,Completed,Website,CUST-021879,Adam Wall,48,Female,Consumer,Loyal,Davismouth,Ohio,USA,Central,18691,Cash on Delivery,Paid,USD,Standard,WH-014,5.0,5.0,On Time,Not Returned,Not Applicable,4.3,Positive,Met my expectations. Would recommend.,Email Marketing,Unknown Campaign,No Coupon,100,97,6,1148.23,236.78,63.8,33.790000000000006,1009.04,558.18,417.0700000000001,41.33,8682.23,True,6,17.982883190069085,0.5357142857142857,0.2863093134306843
ORD-699713,2023-12-30,10:26:09,Returned,Website,CUST-016907,Theresa Soto,24,Female,Consumer,Loyal,East Johnside,Hesse,Germany,Central,87182,Debit Card,Refunded,EUR,Standard,WH-001,,,Cancelled,Returned,Other,,,,Organic Search,Unknown Campaign,SAVE15,0,0,6,3081.05,0.0,585.39,14.75,3681.19,1693.55,1972.89,53.59,14419.87,True,12,23.774715911172443,0.10714285714285715,0.4760091371092073
ORD-129501,2022-12-27,21:40:19,Completed,Website,CUST-002089,Ronald Carroll,35,Female,Consumer,Loyal,North Vickie,Baden-Württemberg,Germany,South,21917,Credit Card,Paid,EUR,Express,WH-004,4.0,3.0,Delayed,Not Returned,Not Applicable,4.1,Positive,Decent quality for the price.,Direct,Default_Campaign,No Coupon,91,26,6,1249.85,507.8,141.0,30.14,913.19,681.1800000000001,201.87,22.11,5354.280000000001,True,4,18.42956507852673,0.3035714285714286,0.17627948789075146
ORD-675796,2023-03-21,16:43:46,Completed,Social Media,CUST-017355,Patricia Beck,42,Male,Business,Loyal,Danielfurt,Scotland,UK,North,71518,Credit Card,Paid,GBP,Express,WH-003,1.0,3.0,Early,Not Returned,Not Applicable,4.0,Positive,"Product is okay, nothing special but works.",Referral,Unknown Campaign,No Coupon,165,126,11,1455.86,107.7,269.63,40.370000000000005,1658.16,673.6099999999999,944.18,56.94,9291.72,True,7,19.2559250248298,0.4285714285714286,0.3064604810769331
ORD-869011,2022-06-04,11:27:17,Completed,Website,CUST-010992,Jennifer Kennedy,61,Male,Consumer,Loyal,Smithview,Florida,USA,South,35500,Digital Wallet,Paid,USD,Economy,WH-015,5.0,5.0,On Time,Not Returned,Not Applicable,4.2,Positive,Satisfied with the purchase.,Referral,Unknown Campaign,No Coupon,137,73,2,1333.1,51.19,89.73,3.86,1375.5,803.24,568.4,41.32,7602.74,True,7,18.775215310040224,0.7678571428571428,0.2506188444115878
ORD-717550,2025-12-13,02:41:38,Completed,Website,CUST-017180,Kristine Moran,66,Female,Premium,Loyal,Jimenezfurt,North Carolina,USA,South,43185,Credit Card,Paid,USD,Economy,WH-003,9.0,9.0,On Time,Not Returned,Not Applicable,4.2,Positive,Good value for money.,Organic Search,Unknown Campaign,No Coupon,216,47,7,3173.75,1175.9,139.85,24.320000000000004,2162.02,1715.5199999999998,422.18,19.53,9518.18,True,5,23.970234008410813,0.8571428571428572,0.31394777935117796
ORD-728979,2024-03-31,06:15:05,Cancelled,Marketplace,CUST-008649,Lauren Smith,58,Female,Consumer,Loyal,Angelastad,North Carolina,USA,South,66485,Cash on Delivery,Failed,USD,Express,WH-017,,,Cancelled,Not Returned,Not Applicable,,,,TikTok,Unknown Campaign,No Coupon,0,0,8,582.65,0.0,40.79,51.44,674.88,250.97,372.47,55.19,12139.64,True,12,14.711912121129533,0.7142857142857142,0.40061938994025303
ORD-752590,2025-08-11,19:21:13,Completed,Mobile App,CUST-013428,Glenn Morgan,18,Female,Consumer,Loyal,Nicholasshire,Georgia,USA,South,61504,Debit Card,Paid,USD,Economy,WH-009,7.0,7.0,On Time,Not Returned,Not Applicable,4.0,Positive,Good product. Works as expected.,Organic Search,Unknown Campaign,No Coupon,203,182,5,1956.06,74.51,131.70999999999998,18.77,2032.03,1206.9199999999998,806.3399999999999,39.68,7328.95,True,6,20.94196637951728,0.0,0.24156670542675385
ORD-339558,2022-11-04,20:40:58,Completed,Mobile App,CUST-005549,Cindy Stone,44,Female,Premium,Loyal,New Angela,North Carolina,USA,South,64418,Digital Wallet,Paid,USD,Same Day,WH-013,0.0,0.0,Early,Not Returned,Not Applicable,3.5,Positive,Good value for money.,Referral,Unknown Campaign,No Coupon,50,47,7,801.75,361.63,30.81,36.67,507.6,396.19000000000005,74.74000000000001,14.72,8283.1,True,10,16.186381306945414,0.4642857142857143,0.273113140330802
ORD-867586,2023-10-28,12:48:40,Completed,Website,CUST-012008,Rebecca Deleon,61,Male,VIP,Loyal,Tiffanyland,North Carolina,USA,South,45057,PayPal,Paid,USD,Standard,WH-011,3.0,3.0,On Time,Not Returned,Not Applicable,3.6,Positive,"Product is okay, nothing special but works.",Direct,Unknown Campaign,No Coupon,227,149,8,2365.08,245.11,148.39,5.81,2274.17,1452.0400000000002,816.32,35.9,12280.27,True,8,22.08926675632829,0.7678571428571428,0.4052689472850692
ORD-576186,2024-11-30,17:28:41,Completed,Website,CUST-008115,William James,51,Female,Consumer,Loyal,South Yvonneburgh,New South Wales,Australia,East,44614,Credit Card,Paid,AUD,Express,WH-019,0.0,1.0,Early,Not Returned,Not Applicable,3.8,Positive,"Product is okay, nothing special but works.",Instagram,Unknown Campaign,No Coupon,95,7,5,1133.69,301.52,83.22,44.5,959.89,560.64,354.75,36.96,7514.92,True,5,17.91652102512754,0.5892857142857143,0.24771530941889958
ORD-990828,2022-01-21,10:15:17,Completed,Marketplace,CUST-004335,Samantha Stone,27,Female,Consumer,Loyal,Port Lauren,Ohio,USA,Central,10500,Debit Card,Paid,USD,Standard,WH-013,5.0,5.0,On Time,Not Returned,Not Applicable,3.5,Positive,Met my expectations. Would recommend.,Organic Search,Default_Campaign,No Coupon,112,39,7,1063.78,69.16,69.63,56.75,1121.0,505.33,558.92,49.86,8407.49,True,7,17.588025747844977,0.1607142857142857,0.2772257652196712
ORD-698977,2021-05-10,16:53:16,Returned,Website,CUST-015519,Matthew Diaz,34,Male,Premium,Loyal,West Christopher,Illinois,USA,Central,96105,Cash on Delivery,Refunded,USD,Standard,WH-008,,,Cancelled,Returned,Damaged Product,,,,TikTok,Unknown Campaign,No Coupon,0,0,3,142.89,0.0,10.0,3.14,156.03,63.72,89.17,57.15,3221.8900000000003,True,6,9.385099427260585,0.2857142857142857,0.10577767756214151
ORD-110452,2024-04-23,03:20:24,Completed,Mobile App,CUST-002388,Timothy Nelson,34,Female,Consumer,Loyal,East Megan,Ohio,USA,Central,69547,Debit Card,Pending,USD,Economy,WH-017,7.0,7.0,On Time,Not Returned,Not Applicable,4.0,Positive,Met my expectations. Would recommend.,Facebook Ads,Unknown Campaign,No Coupon,83,54,4,773.92,9.63,53.5,18.29,836.0799999999999,373.58,444.21,53.13,3993.12,True,6,16.017713820312196,0.2857142857142857,0.1312763486212507
ORD-449370,2023-03-02,10:26:28,Completed,Mobile App,CUST-021693,David Cervantes,27,Male,Premium,Loyal,Floresland,Pennsylvania,USA,East,85847,Credit Card,Paid,USD,Standard,WH-001,8.0,7.0,Delayed,Not Returned,Not Applicable,2.7,Neutral,Quality could be improved.,YouTube,Unknown Campaign,No Coupon,87,5,5,878.1600000000001,85.69,55.48,25.93,873.8800000000001,486.3,361.65,41.38,6058.9800000000005,True,7,16.627485161138015,0.1607142857142857,0.19957852124701905
ORD-264808,2025-01-07,18:15:27,Cancelled,Marketplace,CUST-024825,Adam Lee,35,Male,Consumer,Loyal,Butlerberg,New York,USA,East,80160,Buy Now Pay Later,Failed,USD,Economy,WH-018,,,Cancelled,Not Returned,Not Applicable,,,,Referral,Unknown Campaign,No Coupon,0,0,8,3528.71,0.0,247.0,10.68,3786.39,1449.31,2326.4,61.44,14970.72,True,7,24.68072069422578,0.3035714285714286,0.4942215289416182
ORD-550534,2024-10-11,07:01:09,Completed,Website,CUST-015235,Lauren Navarro,25,Male,Consumer,Loyal,North Crystal,North Carolina,USA,South,50676,Cash on Delivery,Paid,USD,Express,WH-005,3.0,2.0,Delayed,Not Returned,Not Applicable,3.4,Neutral,Quality could be improved.,Instagram,Unknown Campaign,No Coupon,106,84,3,1087.1,110.27,68.38,21.55,1066.76,620.49,424.72,39.81,8170.259999999999,True,9,17.699392634114247,0.125,0.26938238550758464
ORD-948813,2023-06-16,02:19:01,Completed,Mobile App,CUST-013581,Kristin Warren,51,Female,Business,Loyal,Kirbyview,Michigan,USA,Central,59226,Cash on Delivery,Paid,USD,Standard,WH-016,4.0,4.0,On Time,Not Returned,Not Applicable,4.1,Positive,Good product. Works as expected.,Instagram,Unknown Campaign,No Coupon,170,52,8,1807.6,237.57,109.9,26.83,1706.76,1005.21,674.72,39.53,8145.52,True,7,20.479860671744163,0.5892857142857143,0.2685644231331927
ORD-716524,2024-02-05,19:51:15,Cancelled,Mobile App,CUST-010532,Hannah Tucker,27,Female,Consumer,Loyal,Jamesport,Pennsylvania,USA,East,15284,Debit Card,Failed,USD,Standard,WH-001,,,Cancelled,Not Returned,Not Applicable,,,,Instagram,Insta_Influencer,No Coupon,0,0,3,572.46,0.0,40.07,5.72,618.25,281.79,330.74,53.5,11831.99,True,6,14.633586384928979,0.1607142857142857,0.3904477600097071
ORD-602724,2024-05-11,02:19:50,Completed,Website,CUST-007788,Larry Thomas,32,Male,Consumer,Loyal,Troyton,Florida,USA,South,41033,Digital Wallet,Paid,USD,Economy,WH-014,7.0,7.0,On Time,Not Returned,Not Applicable,3.1,Neutral,Not what I expected but it's okay.,Email Marketing,Unknown Campaign,No Coupon,25,24,1,242.67,9.74,16.31,3.12,252.36,78.35,170.89,67.72,10757.4,True,10,11.189521793914741,0.25,0.3549192964730084
ORD-200197,2025-05-18,06:05:34,Completed,Social Media,CUST-008986,Marcus Pugh,57,Male,Consumer,Loyal,East Brittany,England,UK,North,85147,PayPal,Paid,GBP,Economy,WH-019,11.0,10.0,Delayed,Not Returned,Not Applicable,3.0,Neutral,Product has some issues but it works.,Facebook Ads,Unknown Campaign,SAVE32,32,0,5,303.54,40.57,52.59,13.61,329.17,139.17999999999998,176.38,53.58,5064.360000000001,True,7,12.021993260973657,0.6964285714285714,0.1666940533077387
ORD-569761,2024-07-09,10:37:24,Completed,Website,CUST-009638,Mark Hughes,69,Female,Consumer,Loyal,East Mark,Ohio,USA,Central,30104,Debit Card,Paid,USD,Standard,WH-006,3.0,3.0,On Time,Not Returned,Not Applicable,3.2,Neutral,Product has some issues but it works.,Direct,Default_Campaign,No Coupon,213,192,9,2151.51,203.29,136.37,46.25,2130.84,1260.59,824.0,38.67,4197.77,True,6,21.511033616932007,0.9107142857142856,0.13804255718710876
ORD-523850,2024-04-01,12:38:50,Completed,Website,CUST-012876,Jennifer Bennett,40,Non-Binary,Consumer,Loyal,West Lucas,Illinois,USA,Central,10404,Debit Card,Paid,USD,Express,WH-007,1.0,1.0,On Time,Not Returned,Not Applicable,3.0,Neutral,Not what I expected but it's okay.,Google Ads,Unknown Campaign,No Coupon,5,1,1,41.06,2.58,2.69,14.62,55.79,19.45,21.72,38.93,9795.14,True,7,5.925039740832911,0.3928571428571428,0.3231047259644203
ORD-200606,2025-02-15,10:52:34,Returned,Website,CUST-022063,Marcia Colon,54,Female,Consumer,Loyal,Port Sara,Texas,USA,South,34508,Credit Card,Refunded,USD,Express,WH-017,,,Cancelled,Returned,Product Not as Expected,,,,Direct,Default_Campaign,No Coupon,0,0,4,2754.66,0.0,192.83,54.3,3001.79,1397.77,1549.72,51.63,14541.68,True,6,23.048294371275038,0.6428571428571428,0.4800364611522425
ORD-179241,2022-12-16,16:21:10,Completed,Marketplace,CUST-002522,Jason Cortez,32,Female,Consumer,Loyal,West Jacobbury,Quebec,Canada,East,6240,Cash on Delivery,Paid,CAD,Express,WH-019,3.0,3.0,On Time,Not Returned,Not Applicable,3.5,Positive,Decent quality for the price.,Organic Search,Unknown Campaign,No Coupon,94,44,11,1144.06,349.16,103.33,43.07,941.3,529.82,368.41,39.14,9837.31,True,6,17.963916962076663,0.25,0.3244989649833415
ORD-815036,2025-11-30,21:43:11,Completed,Mobile App,CUST-019752,Andrea Henry,29,Non-Binary,Consumer,Loyal,Gwendolynport,Wales,UK,West,88132,Credit Card,Paid,GBP,Express,WH-015,5.0,3.0,Delayed,Not Returned,Not Applicable,3.6,Positive,Decent quality for the price.,Affiliate,Affiliate_Partner,SAVE11,165,103,5,1463.81,109.62,270.84,25.31,1650.34,791.12,833.9100000000001,50.53,12436.6,True,6,19.285970233861878,0.1964285714285714,0.4104375834204251
ORD-148868,2025-09-03,02:52:08,Completed,Social Media,CUST-019558,William Cox,26,Female,Consumer,Loyal,East Tricia,Michigan,USA,Central,38107,Credit Card,Paid,USD,Standard,WH-012,4.0,5.0,Early,Not Returned,Not Applicable,3.5,Positive,Decent quality for the price.,Organic Search,Unknown Campaign,No Coupon,7,2,2,64.03,10.98,3.71,21.28,78.03999999999999,23.09,33.67,43.14,8200.41,True,7,7.04367742976557,0.14285714285714285,0.27037921515948116
ORD-101594,2022-12-23,18:18:42,Cancelled,Website,CUST-019888,Samantha Jackson,26,Male,Consumer,Loyal,Briannaland,Wales,UK,West,54307,Credit Card,Failed,GBP,Express,WH-016,,,Cancelled,Not Returned,Not Applicable,,,,Google Ads,Unknown Campaign,No Coupon,0,0,7,872.59,0.0,174.51999999999998,28.39,1075.5,468.48,578.63,53.8,9491.91,True,9,16.59634572013056,0.14285714285714285,0.31307923159146583
ORD-912504,2025-01-18,05:40:27,Cancelled,Mobile App,CUST-017901,Jay Shaffer,58,Male,VIP,Loyal,Ricardoton,Manitoba,Canada,Central,56209,Credit Card,Failed,CAD,Economy,WH-015,,,Cancelled,Not Returned,Not Applicable,,,,Organic Search,Unknown Campaign,No Coupon,0,0,5,845.11,0.0,109.87,30.11,985.09,378.31,576.6700000000001,58.54,4791.19,True,4,16.440450378975278,0.7142857142857142,0.15766241297577951
ORD-532073,2024-10-12,20:08:39,Returned,Mobile App,CUST-014519,Tonya Santos,42,Male,Premium,Loyal,Lake Brianshire,California,USA,West,63102,Credit Card,Refunded,USD,Express,WH-011,,,Cancelled,Returned,Wrong Product,,,,YouTube,Unknown Campaign,No Coupon,0,0,7,1290.41,0.0,90.32,27.520000000000003,1408.25,817.76,562.97,39.98,9478.16,True,10,18.600100699150993,0.4285714285714286,0.3126246243704517
ORD-396649,2022-08-20,22:55:17,Completed,Mobile App,CUST-016055,Dave Henderson,61,Male,Premium,Loyal,Lake Brettmouth,Georgia,USA,South,75377,Bank Transfer,Paid,USD,Express,WH-005,7.0,3.0,Delayed,Not Returned,Not Applicable,3.5,Positive,Decent quality for the price.,Email Marketing,Weekly_Newsletter,SAVE42,197,171,6,2391.64,578.17,126.94,33.04,1973.45,994.8,945.61,47.92,4735.55,True,7,22.158346581398355,0.7678571428571428,0.15582282419198115
ORD-439712,2024-01-28,01:21:48,Completed,Website,CUST-008466,Gloria Watkins,35,Female,Premium,Loyal,North Steven,Georgia,USA,South,19790,Digital Wallet,Paid,USD,Standard,WH-019,7.0,7.0,On Time,Not Returned,Not Applicable,4.3,Positive,"Product is okay, nothing special but works.",Direct,Unknown Campaign,No Coupon,135,3,12,1394.13,144.6,87.46000000000001,21.91,1358.9,666.49,670.5,49.34,10179.38,True,10,19.018251370643835,0.3035714285714286,0.33580860077187347
ORD-951789,2023-01-23,15:11:13,Completed,Website,CUST-016373,Christopher Hardy,44,Female,Premium,Loyal,East Nichole,Wales,UK,West,97895,PayPal,Paid,GBP,Economy,WH-007,9.0,9.0,On Time,Not Returned,Not Applicable,3.9,Positive,Good value for money.,Organic Search,Default_Campaign,No Coupon,48,3,3,431.74,42.23,77.89999999999999,19.38,486.79,233.5,233.91,48.05,9790.24,True,7,13.42419655621075,0.4642857142857143,0.3229427204820225
ORD-669895,2022-08-28,12:47:20,Completed,Website,CUST-016836,Debra Taylor,65,Female,Premium,Loyal,Chasefort,Lower Saxony,Germany,North,63072,Digital Wallet,Paid,EUR,Standard,WH-016,3.0,3.0,On Time,Not Returned,Not Applicable,3.8,Positive,Decent quality for the price.,Referral,Friend_Invite,No Coupon,123,108,5,1086.93,70.00999999999999,193.21,29.63,1239.76,460.31,749.82,60.48,7646.05,True,6,17.69858743107533,0.8392857142857142,0.2520507745019241
ORD-776016,2025-08-20,11:53:47,Completed,Website,CUST-020825,Joshua Sanders,63,Male,Consumer,Loyal,Lake Kylechester,Pennsylvania,USA,East,46222,Cash on Delivery,Paid,USD,Same Day,WH-012,0.0,0.0,On Time,Not Returned,Not Applicable,3.9,Positive,Satisfied with the purchase.,Instagram,Insta_Reels,No Coupon,17,5,3,165.96,26.03,9.8,24.05,173.78,67.44,82.29,47.35,5316.38,True,6,9.872528480642368,0.8035714285714286,0.17502642507791968
ORD-842172,2024-07-26,23:12:43,Completed,Website,CUST-012749,Scott Floyd,29,Male,Premium,Loyal,North Mitchellmouth,California,USA,West,35289,Credit Card,Paid,USD,Economy,WH-008,10.0,10.0,On Time,Not Returned,Not Applicable,4.0,Positive,Met my expectations. Would recommend.,Organic Search,Default_Campaign,No Coupon,8,6,1,107.81,26.03,5.72,0.1200000000000001,87.62,43.32,44.18,50.42,19362.62,True,11,8.512799722320437,0.1964285714285714,0.6394280346850431
ORD-444615,2022-12-23,08:10:53,Cancelled,Mobile App,CUST-021118,Donna Brown,23,Male,Business,Loyal,Sydneymouth,Northern Ireland,UK,West,42176,Credit Card,Failed,GBP,Standard,WH-002,,,Cancelled,Not Returned,Not Applicable,,,,Affiliate,Affiliate_Partner,No Coupon,0,0,5,1535.9499999999998,0.0,307.2,22.410000000000004,1865.56,768.1500000000001,1075.0,57.62,9838.8,True,6,19.553050750202395,0.0892857142857143,0.32454822787492776
ORD-262655,2023-10-26,05:56:32,Completed,Mobile App,CUST-015773,Julie Charles,69,Male,Consumer,Loyal,Rebeccaland,Michigan,USA,Central,47192,Cash on Delivery,Paid,USD,Same Day,WH-019,0.0,0.0,Early,Not Returned,Not Applicable,4.0,Positive,Good product. Works as expected.,Email Marketing,Unknown Campaign,SAVE37,126,6,11,1175.02,69.1,77.42,83.96,1267.3,600.31,583.03,46.01,5604.53,True,4,18.103489388471715,0.9107142857142856,0.18455333931320916
ORD-694676,2021-12-02,05:46:14,Completed,Website,CUST-006109,Alyssa Cunningham,35,Female,Premium,Loyal,New Georgechester,Florida,USA,South,80705,Digital Wallet,Paid,USD,Economy,WH-012,9.0,8.0,Delayed,Not Returned,Not Applicable,4.1,Positive,Satisfied with the purchase.,Organic Search,Default_Campaign,No Coupon,125,78,8,2746.55,1585.06,81.30000000000001,12.81,1255.6,1098.66,144.13,11.48,7985.83,True,11,23.02942345382507,0.3035714285714286,0.26328469752419253
ORD-174276,2021-12-22,15:06:42,Completed,Social Media,CUST-006610,Alexis Hansen,21,Female,Premium,Loyal,East Michaelton,Baden-Württemberg,Germany,South,9658,PayPal,Paid,EUR,Economy,WH-008,6.0,6.0,On Time,Not Returned,Not Applicable,4.1,Positive,Met my expectations. Would recommend.,Organic Search,Unknown Campaign,No Coupon,794,159,17,10927.6,4268.85,1265.16,22.930000000000003,7946.84,6545.63,1378.2799999999995,17.34,14532.29,True,9,33.4624456706451,0.0535714285714286,0.47972600574821905
ORD-959431,2022-12-25,19:03:46,Completed,Mobile App,CUST-018361,Blake Black,53,Male,Premium,Loyal,East Jennyview,Baden-Württemberg,Germany,South,72916,Digital Wallet,Paid,EUR,Express,WH-018,3.0,3.0,On Time,Not Returned,Not Applicable,4.0,Positive,Satisfied with the purchase.,Google Ads,Google_Search_Q1,No Coupon,386,349,10,5344.47,2122.43,612.19,27.62,3861.85,3200.57,633.6600000000001,16.41,14382.87,True,10,27.639036764812698,0.625,0.47478583040538735
ORD-598545,2023-02-04,06:22:15,Completed,Social Media,CUST-003653,Sherry Hill,19,Male,Premium,Loyal,Olsenside,New York,USA,East,93769,PayPal,Paid,USD,Standard,WH-015,5.0,6.0,Early,Not Returned,Not Applicable,5.0,Positive,Very happy with the quality and price.,Instagram,Unknown Campaign,No Coupon,10,4,1,111.51,13.98,6.83,2.66,107.02,65.45,38.91,36.36,4324.98,True,7,8.614276711292716,0.01785714285714285,0.142248417884215
ORD-862995,2025-02-23,04:38:35,Completed,Mobile App,CUST-014732,Daniel Franklin,34,Male,VIP,Loyal,Jillianville,Florida,USA,South,45029,Credit Card,Pending,USD,Economy,WH-010,7.0,7.0,On Time,Not Returned,Not Applicable,3.8,Positive,Good value for money.,Direct,Default_Campaign,No Coupon,285,208,11,3009.7300000000005,349.42,186.22,9.989999999999998,2856.52,1494.3,1352.23,47.34,16436.42,True,9,23.621202645870845,0.2857142857142857,0.5426810055845603
ORD-147211,2022-12-24,18:35:30,Pending,Social Media,CUST-023718,Kevin Davis,68,Female,VIP,Loyal,Kevinmouth,Georgia,USA,South,65965,Debit Card,Paid,USD,Economy,WH-001,,,Cancelled,Not Returned,Not Applicable,,,,Google Ads,Google_Shopping,No Coupon,0,0,13,1375.8,609.04,53.67,35.92,856.35,630.14,190.29,22.22,20052.85,True,12,18.94612741109744,0.8928571428571428,0.662248655933087
ORD-316999,2022-03-02,21:17:23,Pending,Website,CUST-005171,James Wells,41,Male,Consumer,Loyal,Reneefort,New York,USA,East,73790,Buy Now Pay Later,Paid,USD,Standard,WH-004,,,Cancelled,Not Returned,Not Applicable,,,,YouTube,Unknown Campaign,No Coupon,0,0,6,515.65,68.73,31.29,15.37,493.58,213.47,264.74,53.64,13360.67,True,8,14.176201058835433,0.4107142857142857,0.44098950303661094
ORD-574697,2024-08-04,23:04:54,Completed,Marketplace,CUST-020013,Joseph Henson,37,Male,Consumer,Loyal,West Calvinbury,Scotland,UK,North,54755,Digital Wallet,Paid,GBP,Standard,WH-009,6.0,6.0,On Time,Not Returned,Not Applicable,3.9,Positive,Good value for money.,Instagram,Insta_Reels,No Coupon,56,55,3,555.73,92.4,92.67,7.939999999999999,563.94,204.59,351.41,62.31,10373.84,True,7,14.502643852655709,0.3392857142857143,0.3422379040590309
ORD-407853,2025-07-24,12:13:17,Completed,Website,CUST-016737,Lisa Jensen,68,Male,Premium,Loyal,Gonzalezberg,Scotland,UK,North,16206,Credit Card,Pending,GBP,Economy,WH-012,11.0,9.0,Delayed,Not Returned,Not Applicable,3.0,Neutral,Not what I expected but it's okay.,Instagram,Insta_Stories,SAVE23,22,0,1,239.85,53.82,37.21,0.0,223.24,130.26,92.98,41.65,8586.02,True,6,11.147233473212902,0.8928571428571428,0.28312838537731905
ORD-301544,2023-05-05,17:41:20,Returned,Mobile App,CUST-022251,Kimberly Lewis,65,Female,Business,Loyal,Shawnhaven,New York,USA,East,32422,Digital Wallet,Refunded,USD,Standard,WH-016,,,Cancelled,Returned,Other,,,,Affiliate,Affiliate_Partner,No Coupon,0,0,2,1764.18,0.0,123.49,5.99,1893.66,990.98,896.69,47.35,20313.97,True,12,20.339229170112123,0.8392857142857142,0.6708818950277211
ORD-853100,2023-12-28,08:47:49,Completed,Website,CUST-016878,Michael Byrd,59,Female,Consumer,Loyal,Paulshire,North Rhine,Germany,West,6338,Bank Transfer,Pending,EUR,Standard,WH-004,4.0,4.0,On Time,Not Returned,Not Applicable,4.2,Positive,Good value for money.,Facebook Ads,FB_Dynamic,No Coupon,180,106,9,1712.5499999999995,217.08,284.13,27.83,1807.43,1053.04,726.5600000000001,40.2,6310.75,True,5,20.168514799389072,0.7321428571428572,0.20790262743136342
ORD-410904,2025-01-01,22:17:15,Completed,Mobile App,CUST-002468,Raymond Hines,31,Non-Binary,Consumer,Loyal,South Evanhaven,New York,USA,East,6087,Buy Now Pay Later,Paid,USD,Express,WH-013,4.0,2.0,Delayed,Not Returned,Not Applicable,3.3,Neutral,Quality could be improved.,Referral,Referral_Program,No Coupon,113,76,3,1113.2,88.82,71.71,39.43,1135.52,719.61,376.48,33.15,3266.12,True,5,17.821887279860853,0.2321428571428571,0.10724002500835651
ORD-674307,2023-08-05,21:14:16,Completed,Website,CUST-017507,Alex Newton,34,Female,Consumer,Loyal,Port Christina,Florida,USA,South,29022,PayPal,Paid,USD,Economy,WH-001,7.0,7.0,On Time,Not Returned,Not Applicable,4.3,Positive,Met my expectations. Would recommend.,Organic Search,Unknown Campaign,No Coupon,274,106,10,2812.59,266.66,178.22,22.32,2746.4700000000003,1591.24,1132.91,41.25,7392.44,True,4,23.181867268475845,0.2857142857142857,0.24366583360582214
ORD-853519,2023-04-01,04:04:03,Completed,Website,CUST-007574,Richard Oconnor,48,Male,Consumer,Loyal,Lake Justin,Alberta,Canada,Central,44148,Digital Wallet,Pending,CAD,Economy,WH-008,8.0,8.0,On Time,Not Returned,Not Applicable,3.4,Neutral,Not what I expected but it's okay.,Direct,Unknown Campaign,No Coupon,73,34,8,698.53,60.9,82.88999999999999,15.189999999999998,735.71,284.75,435.77,59.23,6053.37,True,4,15.536225536158971,0.5357142857142857,0.19939304150084525
ORD-401239,2022-01-28,00:32:24,Completed,Website,CUST-009901,Natasha Shaffer,21,Male,Consumer,Loyal,Patrickfort,Wales,UK,West,34251,Credit Card,Paid,GBP,Economy,WH-006,10.0,10.0,On Time,Not Returned,Not Applicable,3.3,Neutral,Not what I expected but it's okay.,Organic Search,Default_Campaign,No Coupon,125,46,3,1233.87,193.58,208.06,7.23,1255.58,515.04,733.3100000000001,58.4,6875.09,True,6,18.36121213947163,0.0535714285714286,0.22656103027551844
ORD-186777,2021-07-07,09:39:13,Completed,Mobile App,CUST-019736,Peter Armstrong,66,Male,Consumer,Loyal,West Rachelbury,Michigan,USA,Central,78571,Digital Wallet,Paid,USD,Economy,WH-014,7.0,7.0,On Time,Not Returned,Not Applicable,3.8,Positive,"Product is okay, nothing special but works.",Instagram,Insta_Stories,No Coupon,24,7,4,297.78,80.41,15.22,10.19,242.78,126.0,106.59,43.9,8442.16,True,8,11.949011314170512,0.8571428571428572,0.2783720366634938
ORD-889417,2023-01-17,18:50:26,Completed,Website,CUST-004387,Tracy Wilkinson,73,Male,Premium,Loyal,Louiston,Dubai,UAE,South,94138,Cash on Delivery,Paid,AED,Standard,WH-005,7.0,6.0,Delayed,Not Returned,Not Applicable,3.4,Neutral,Not what I expected but it's okay.,Affiliate,Unknown Campaign,SAVE35,150,47,2,1495.44,65.71,71.49,5.41,1506.63,770.6,730.62,48.49,8293.49,True,9,19.40428544945163,0.9821428571428572,0.27345665807817193
ORD-876606,2023-12-18,07:57:52,Returned,Website,CUST-004840,Hannah Thompson,66,Female,Business,Loyal,Reillymouth,California,USA,West,93893,PayPal,Refunded,USD,Same Day,WH-003,,,Cancelled,Returned,Defective Product,,,,Instagram,Insta_Stories,SAVE41,0,0,1,193.11,0.0,13.52,23.71,230.34,79.31,127.32,55.27,11261.320000000002,True,7,10.383683671227843,0.8571428571428572,0.3715800725321689
ORD-756308,2025-07-10,15:19:59,Completed,Website,CUST-011414,Kimberly Johns,42,Female,Consumer,Loyal,East Kendra,Ohio,USA,Central,89789,Debit Card,Pending,USD,Express,WH-002,2.0,2.0,On Time,Not Returned,Not Applicable,4.0,Positive,"Product is okay, nothing special but works.",Organic Search,Unknown Campaign,No Coupon,186,158,10,2361.7300000000005,670.4,118.4,54.77,1864.5,1002.02,807.71,43.32,8707.34,True,7,22.080511632710685,0.4285714285714286,0.28713950887211453
ORD-281912,2021-08-25,09:40:49,Completed,Marketplace,CUST-018956,Wesley Chapman,31,Male,Premium,Loyal,Mayerfort,Northern Ireland,UK,West,57253,Buy Now Pay Later,Paid,GBP,Express,WH-019,3.0,3.0,On Time,Not Returned,Not Applicable,4.0,Positive,Met my expectations. Would recommend.,Facebook Ads,Unknown Campaign,No Coupon,205,113,6,2258.6400000000003,564.1800000000001,338.9,26.28,2059.64,1168.3,865.06,42.0,14182.32,True,11,21.806319153632185,0.2321428571428571,0.4681551774472499
ORD-191339,2023-01-19,02:23:24,Returned,Marketplace,CUST-008311,Michael Wilson,56,Female,Consumer,Loyal,South Peggyburgh,British Columbia,Canada,West,64090,Debit Card,Refunded,CAD,Standard,WH-003,,,Cancelled,Returned,Size Issue,,,,TikTok,Unknown Campaign,SAVE21,0,0,3,706.5699999999999,0.0,91.86,29.05,827.48,336.42999999999995,462.0,55.83,14762.66,True,13,15.589416966460208,0.6785714285714286,0.48734257778494866
ORD-715866,2024-04-04,05:42:54,Completed,Mobile App,CUST-023090,Rebecca Gomez,34,Male,Consumer,Loyal,Hoodhaven,Queensland,Australia,North,16246,Credit Card,Paid,AUD,Standard,WH-007,8.0,5.0,Delayed,Not Returned,Not Applicable,3.3,Neutral,Mixed feelings about this purchase.,YouTube,Unknown Campaign,No Coupon,34,4,4,317.68,13.65,30.4,9.43,343.86,166.8,167.63,48.75,2318.62,True,6,12.196759955035931,0.2857142857142857,0.07591345468756251
ORD-583072,2021-12-06,14:29:29,Completed,Website,CUST-013831,Lee Allen,42,Male,Premium,Loyal,Lake Debbie,Queensland,Australia,North,64688,Cash on Delivery,Paid,AUD,Economy,WH-002,10.0,10.0,On Time,Not Returned,Not Applicable,3.6,Positive,Met my expectations. Would recommend.,Referral,Friend_Invite,No Coupon,199,27,12,2982.74,1235.5,174.73,73.4,1995.37,1477.99,443.98,22.25,8207.970000000001,True,5,23.562381082767217,0.4285714285714286,0.27062916647518065
ORD-991200,2025-08-27,08:37:33,Completed,Mobile App,CUST-007365,Felicia Pratt,26,Female,Consumer,Loyal,Patriciaville,Florida,USA,South,14993,Debit Card,Paid,USD,Economy,WH-016,7.0,7.0,On Time,Not Returned,Not Applicable,5.0,Positive,Very happy with the quality and price.,Organic Search,Unknown Campaign,No Coupon,396,165,11,4208.860000000001,537.5699999999999,256.99,34.18,3962.46,2379.2,1549.0800000000002,39.09,12040.47,True,7,25.90171635180739,0.14285714285714285,0.3973405973505822
ORD-156148,2025-10-28,00:06:37,Completed,Mobile App,CUST-004881,Kiara Hicks,55,Female,Premium,Loyal,South Whitneyview,Michigan,USA,Central,65828,PayPal,Paid,USD,Same Day,WH-005,1.0,1.0,On Time,Not Returned,Not Applicable,3.6,Positive,Good value for money.,Organic Search,Default_Campaign,No Coupon,67,61,4,684.38,77.34,42.49,24.34,673.87,269.18,380.35,56.44,6279.99,True,5,15.441461851470109,0.6607142857142857,0.20688562975002556
ORD-912644,2021-10-15,12:28:46,Completed,Marketplace,CUST-002153,Dana Ayala,25,Male,Consumer,Loyal,Lake Jeremyfort,Georgia,USA,South,73568,Debit Card,Paid,USD,Standard,WH-014,5.0,5.0,On Time,Not Returned,Not Applicable,3.8,Positive,Decent quality for the price.,Direct,Unknown Campaign,No Coupon,46,42,5,475.33,58.74,29.17,19.05,464.81,234.05,211.71,45.55,10191.24,True,7,13.827572886692982,0.125,0.3362007201639628
ORD-269969,2021-09-11,21:10:48,Completed,Marketplace,CUST-000126,Meghan Salinas,26,Female,VIP,Loyal,Savannahburgh,Lower Saxony,Germany,North,23582,Debit Card,Paid,EUR,Express,WH-018,2.0,2.0,On Time,Not Returned,Not Applicable,3.3,Neutral,Average product. Could be better.,Direct,Default_Campaign,No Coupon,295,275,10,2804.3,350.82,466.16,37.86,2957.5,1379.59,1540.05,52.07,7621.75,True,4,23.162882407220327,0.14285714285714285,0.2512473595586045
ORD-510969,2024-09-27,13:26:17,Completed,Marketplace,CUST-008621,Ashley Mcdonald,36,Female,Premium,Loyal,North Lisa,South Australia,Australia,South,19774,Cash on Delivery,Paid,AUD,Standard,WH-011,2.0,3.0,Early,Not Returned,Not Applicable,4.1,Positive,Satisfied with the purchase.,Instagram,Unknown Campaign,No Coupon,69,6,5,811.29,187.55,62.370000000000005,12.43,698.54,417.44,268.67,38.46,6678.919999999999,True,5,16.24316788817031,0.3214285714285714,0.22007519038123854
ORD-670133,2022-09-01,01:58:02,Completed,Mobile App,CUST-013461,Sarah Davis,30,Female,VIP,Loyal,East Austinville,Quebec,Canada,East,9271,PayPal,Paid,CAD,Economy,WH-012,7.0,7.0,On Time,Not Returned,Not Applicable,4.3,Positive,Met my expectations. Would recommend.,Organic Search,Default_Campaign,SAVE31,159,16,7,1841.54,431.7000000000001,183.28,5.45,1598.57,769.79,823.3299999999999,51.5,9275.06,True,7,20.587997616053176,0.2142857142857143,0.30590966243678064
ORD-603768,2025-06-09,19:57:14,Completed,Website,CUST-012394,Michael Washington,32,Female,Consumer,Loyal,South Kristin,Illinois,USA,Central,86196,PayPal,Paid,USD,Same Day,WH-009,0.0,0.0,On Time,Not Returned,Not Applicable,3.5,Positive,Satisfied with the purchase.,TikTok,Default_Campaign,No Coupon,57,38,3,544.24,39.89,35.3,36.54,576.19,255.85,283.8,49.25,9068.15,True,5,14.410954973531346,0.25,0.29906873297495956
ORD-590022,2022-08-27,07:36:39,Returned,Marketplace,CUST-012423,Jared Velazquez,25,Female,VIP,Loyal,Guerraview,England,UK,North,89319,Digital Wallet,Refunded,GBP,Economy,WH-011,,,Cancelled,Returned,Late Delivery,,,,Organic Search,Unknown Campaign,SAVE17,0,0,4,540.9,0.0,108.18,9.77,658.8499999999999,165.25,483.83,73.44,4103.58,True,6,14.384024336942158,0.125,0.13492841506730335
ORD-764912,2024-05-11,14:35:18,Cancelled,Website,CUST-013303,Angela Nunez,61,Male,Consumer,Loyal,East Angela,Texas,USA,South,58754,Digital Wallet,Failed,USD,Express,WH-014,,,Cancelled,Not Returned,Not Applicable,,,,Facebook Ads,Unknown Campaign,No Coupon,0,0,6,1088.21,0.0,76.18,50.15,1214.5400000000002,599.2,565.1899999999999,46.54,8267.18,True,8,17.70464776796293,0.7678571428571428,0.27258678782472595
ORD-956796,2021-11-25,21:36:49,Pending,Website,CUST-012395,Nicholas Warren,23,Male,Business,Loyal,Patriciashire,Illinois,USA,Central,71912,PayPal,Paid,USD,Same Day,WH-010,,,Cancelled,Not Returned,Not Applicable,,,,Direct,Unknown Campaign,No Coupon,0,0,3,557.13,66.01,34.38,24.09,549.59,234.99,290.51,52.86,11147.74,True,11,14.513716218989021,0.0892857142857143,0.36782485157487516
ORD-686405,2024-02-07,06:52:40,Completed,Mobile App,CUST-010039,Aaron Morgan,59,Male,Premium,Loyal,Burnettton,Texas,USA,South,92571,Bank Transfer,Paid,USD,Express,WH-016,1.0,1.0,On Time,Not Returned,Not Applicable,4.3,Positive,Satisfied with the purchase.,Organic Search,Default_Campaign,No Coupon,88,57,5,874.2099999999999,95.95,54.470000000000006,48.5,881.23,423.0,409.73,46.5,8530.490000000002,True,7,16.605418089894574,0.7321428571428572,0.2812924334512888
ORD-754700,2021-04-13,17:47:27,Completed,Mobile App,CUST-021845,Mark Wilson,44,Female,Premium,Loyal,Millsmouth,South Australia,Australia,South,52536,Debit Card,Paid,AUD,Standard,WH-010,6.0,6.0,On Time,Not Returned,Not Applicable,3.6,Positive,Decent quality for the price.,Referral,Friend_Invite,No Coupon,159,39,3,1749.53,308.5,144.10000000000002,12.01,1597.14,1078.82,506.31,31.7,9430.83,True,10,20.29118200069579,0.4642857142857143,0.31105978365986253
ORD-406367,2023-12-19,23:15:17,Cancelled,Website,CUST-009725,Nancy Scott,51,Female,VIP,Loyal,Anthonyfurt,Hesse,Germany,Central,57140,Bank Transfer,Failed,EUR,Standard,WH-011,,,Cancelled,Not Returned,Not Applicable,,,,Direct,Unknown Campaign,No Coupon,0,0,5,946.78,0.0,179.89,1.7999999999999998,1128.47,449.99,676.6800000000001,59.96,20993.23,True,10,16.999229379463728,0.5892857142857143,0.6933398223692541
ORD-846019,2023-03-02,17:16:45,Completed,Website,CUST-005090,Michelle Holland,36,Female,Consumer,Loyal,West Andrew,New York,USA,East,48282,Cash on Delivery,Paid,USD,Express,WH-001,3.0,3.0,On Time,Not Returned,Not Applicable,3.7,Positive,"Product is okay, nothing special but works.",Organic Search,Unknown Campaign,No Coupon,101,60,9,938.26,38.27,63.0,51.24,1014.23,429.56,533.4300000000001,52.59,5516.77,True,9,16.954217911942468,0.3214285714285714,0.18165178806112173
ORD-893109,2023-01-13,16:15:47,Completed,Website,CUST-008900,Jennifer Palmer,52,Male,Consumer,Loyal,Smithhaven,England,UK,North,20940,Credit Card,Paid,GBP,Economy,WH-018,7.0,7.0,On Time,Not Returned,Not Applicable,3.6,Positive,Decent quality for the price.,Referral,Unknown Campaign,No Coupon,112,12,7,1040.85,119.78,184.21,19.82,1125.1,404.25,701.03,62.31,6307.92,True,4,17.476683677476483,0.6071428571428571,0.20780906099969287
ORD-793818,2021-11-02,22:13:10,Completed,Marketplace,CUST-006093,Kimberly Thomas,35,Female,Consumer,Loyal,East Janicestad,Illinois,USA,Central,74685,Credit Card,Pending,USD,Standard,WH-003,6.0,6.0,On Time,Not Returned,Not Applicable,4.5,Positive,Great quality and fast shipping. Highly recommend!,Referral,Friend_Invite,No Coupon,21,6,2,235.33,40.46,13.64,9.32,217.83,119.11,89.4,41.04,6425.17,True,7,11.078651179334845,0.3035714285714286,0.21168562075706815
ORD-284365,2023-11-02,05:40:57,Completed,Mobile App,CUST-016817,Toni Marks,31,Female,Consumer,Loyal,Port Christopherside,North Carolina,USA,South,59354,Buy Now Pay Later,Paid,USD,Same Day,WH-017,1.0,1.0,On Time,Not Returned,Not Applicable,3.9,Positive,Good value for money.,Google Ads,Google_Display,No Coupon,25,25,2,284.98,68.66,15.14,23.54,255.0,162.8,68.66,26.93,6703.72,True,6,11.782874638764323,0.2321428571428571,0.2208951364962314
ORD-676260,2023-09-25,14:08:13,Completed,Mobile App,CUST-022364,Jason Lee,22,Male,Business,Loyal,South James,Scotland,UK,North,39577,PayPal,Paid,GBP,Standard,WH-016,3.0,3.0,On Time,Not Returned,Not Applicable,3.2,Neutral,Product has some issues but it works.,Affiliate,Unknown Campaign,SAVE30,60,13,7,532.62,57.79,94.96,30.23,600.02,278.72,291.07,48.51,3443.02,True,5,14.316708840958436,0.07142857142857145,0.1130887535463496
ORD-834381,2022-04-08,22:51:32,Completed,Website,CUST-003407,Tony Wagner,54,Male,Consumer,Loyal,Riddleton,Ohio,USA,Central,78696,PayPal,Paid,USD,Standard,WH-002,3.0,3.0,On Time,Not Returned,Not Applicable,3.7,Positive,Good product. Works as expected.,Direct,Unknown Campaign,No Coupon,77,22,3,797.2,95.62,49.11,27.08,777.77,373.71,376.98,48.47,6512.41,True,6,16.159115192875635,0.6428571428571428,0.21456997959061547
ORD-701144,2023-06-24,01:24:31,Completed,Mobile App,CUST-019364,Michael Lewis,29,Female,Consumer,Loyal,Sandrabury,North Rhine,Germany,West,3733,Digital Wallet,Paid,EUR,Economy,WH-014,5.0,5.0,On Time,Not Returned,Not Applicable,3.6,Positive,Good value for money.,Direct,Unknown Campaign,SAVE18,233,143,12,2291.96,347.53,369.44,19.74,2333.61,1094.72,1219.15,52.24,14636.7,True,9,21.89597109072993,0.1964285714285714,0.4831780450170255
ORD-708118,2023-10-23,05:21:33,Completed,Social Media,CUST-010713,Douglas Rodriguez,25,Female,Consumer,Loyal,New Samuel,Pennsylvania,USA,East,30178,Debit Card,Paid,USD,Express,WH-007,1.0,1.0,On Time,Not Returned,Not Applicable,3.7,Positive,"Product is okay, nothing special but works.",TikTok,Default_Campaign,No Coupon,203,6,10,2013.33,155.34000000000003,130.04999999999998,45.72,2033.76,1141.25,846.79,41.64,12108.84,True,7,21.11305907608909,0.125,0.39960106976518134
ORD-937742,2021-05-28,19:48:22,Completed,Mobile App,CUST-009779,Michael Barnes,27,Non-Binary,Premium,Loyal,Arnoldborough,Ontario,Canada,East,86607,Credit Card,Pending,CAD,Standard,WH-005,4.0,4.0,On Time,Not Returned,Not Applicable,4.4,Positive,Good product. Works as expected.,Facebook Ads,Unknown Campaign,No Coupon,157,55,8,1544.71,160.92,179.9,8.96,1572.65,643.5600000000001,920.13,58.51,10937.22,True,9,19.58482432820395,0.1607142857142857,0.3608645670535732
ORD-413817,2021-05-06,10:48:50,Completed,Mobile App,CUST-010415,Brenda Perez,60,Female,Consumer,Loyal,South Johnborough,Quebec,Canada,East,73885,Cash on Delivery,Paid,CAD,Standard,WH-015,7.0,7.0,On Time,Not Returned,Not Applicable,3.6,Positive,Good value for money.,YouTube,Unknown Campaign,No Coupon,36,18,3,353.06,50.56,39.33,25.020000000000003,366.85,197.85,143.98,39.25,4386.58,True,8,12.609320516593947,0.75,0.14428505823435847
ORD-220019,2024-11-29,22:54:46,Completed,Mobile App,CUST-007379,Connie James,74,Male,Premium,Loyal,Frankchester,Michigan,USA,Central,82716,Debit Card,Paid,USD,Standard,WH-017,6.0,7.0,Early,Not Returned,Not Applicable,3.6,Positive,Met my expectations. Would recommend.,Email Marketing,Promo_Email,No Coupon,203,161,9,2719.2200000000003,840.55,131.5,27.33,2037.5,1635.9799999999998,374.19,18.37,11798.74,True,7,22.96551431462773,1.0,0.38934843709343653
ORD-826771,2023-06-25,10:30:19,Completed,Mobile App,CUST-002114,Phillip Morgan,34,Male,Consumer,Loyal,Lake Thomas,Texas,USA,South,59812,Bank Transfer,Pending,USD,Standard,WH-018,6.0,6.0,On Time,Not Returned,Not Applicable,4.0,Positive,Satisfied with the purchase.,Google Ads,Google_Shopping,No Coupon,75,57,6,773.72,84.47999999999999,48.25,17.7,755.19,286.13,451.36,59.77,6869.11,True,6,16.01648500747653,0.2857142857142857,0.22636331746230645
ORD-119979,2021-09-02,20:18:21,Completed,Marketplace,CUST-020586,Chris Norris,51,Female,Consumer,Loyal,Angelaland,North Carolina,USA,South,74727,Digital Wallet,Paid,USD,Express,WH-008,3.0,3.0,On Time,Not Returned,Not Applicable,3.8,Positive,Decent quality for the price.,Email Marketing,Unknown Campaign,No Coupon,85,31,5,863.77,99.7,53.48,34.23,851.78,420.22,397.33,46.65,10303.7,True,11,16.546724215815317,0.5892857142857143,0.3399189112967084
ORD-142064,2024-08-25,17:59:22,Returned,Mobile App,CUST-020937,Oscar Barker,20,Male,Consumer,Loyal,West Kyle,Scotland,UK,North,58008,Buy Now Pay Later,Refunded,GBP,Standard,WH-016,,,Cancelled,Returned,Defective Product,,,,Organic Search,Unknown Campaign,No Coupon,0,0,2,122.0,0.0,24.4,5.11,151.51,49.2,97.2,64.15,5509.570000000001,True,4,8.8886020409855,0.0357142857142857,0.18141373918902703
ORD-459211,2025-02-22,12:13:13,Completed,Social Media,CUST-005452,Peter Payne,53,Male,Premium,Loyal,Lake Emily,England,UK,North,48231,Credit Card,Paid,GBP,Standard,WH-006,5.0,3.0,Delayed,Not Returned,Not Applicable,4.2,Positive,Good product. Works as expected.,Organic Search,Unknown Campaign,SAVE48,248,124,7,2411.4,346.91,412.9,11.46,2488.85,1316.0,1161.39,46.66,15168.63,True,12,22.209360253443513,0.625,0.5007648973133209
ORD-230274,2025-09-04,04:04:06,Completed,Mobile App,CUST-013441,Victoria Long,45,Female,Consumer,Loyal,Gregoryville,Maharashtra,India,West,81282,Debit Card,Paid,INR,Express,WH-009,3.0,3.0,On Time,Not Returned,Not Applicable,3.6,Positive,Decent quality for the price.,Facebook Ads,FB_Dynamic,No Coupon,33,9,2,324.99,55.46,48.52,12.9,330.95,114.05,204.0,61.64,6446.53,True,6,12.28478406747859,0.4821428571428571,0.21239183241094906
ORD-421478,2022-07-04,23:56:26,Pending,Website,CUST-001069,Luis Diaz,36,Female,Premium,Loyal,New Elizabeth,Lower Saxony,Germany,North,77935,Credit Card,Paid,EUR,Standard,WH-018,,,Cancelled,Not Returned,Not Applicable,,,,Facebook Ads,Unknown Campaign,No Coupon,0,0,8,957.1,262.27,132.03,13.2,840.0600000000001,331.85,495.01,58.93,21884.7,True,12,17.053336886100503,0.3214285714285714,0.7228139095923446
ORD-694039,2024-04-11,04:32:05,Completed,Website,CUST-018666,Savannah Nelson,36,Male,Consumer,Loyal,South Morgan,North Carolina,USA,South,93420,Debit Card,Pending,USD,Economy,WH-007,9.0,9.0,On Time,Not Returned,Not Applicable,3.7,Positive,Decent quality for the price.,Referral,Unknown Campaign,No Coupon,239,237,10,2742.83,532.51,154.72,26.4,2391.44,1722.66,642.38,26.86,8768.68,True,5,23.02075322191184,0.3214285714285714,0.2891675530129879
ORD-859178,2024-01-25,11:12:00,Cancelled,Website,CUST-016785,Angela Jordan,23,Male,Premium,Loyal,Amandaland,New York,USA,East,17642,Debit Card,Failed,USD,Express,WH-004,,,Cancelled,Not Returned,Not Applicable,,,,Referral,Referral_Program,No Coupon,0,0,6,605.6,0.0,42.38999999999999,26.17,674.16,383.3,264.69,39.26,9831.95,True,8,14.88455031245252,0.0892857142857143,0.3243217508230044
ORD-242378,2022-09-30,18:44:19,Completed,Website,CUST-022095,Sabrina Schneider,59,Female,Premium,Loyal,Rubioshire,Texas,USA,South,10035,Digital Wallet,Paid,USD,Express,WH-007,3.0,3.0,On Time,Not Returned,Not Applicable,4.0,Positive,Good value for money.,Direct,Unknown Campaign,No Coupon,120,82,9,1221.84,134.18,76.14,39.68,1203.48,477.31,686.49,57.04,8422.36,True,6,18.30930640372673,0.7321428571428572,0.27771740226523345
ORD-865148,2021-03-09,04:36:44,Completed,Marketplace,CUST-016851,Timothy Jones,25,Male,VIP,Returning,Prestonchester,Ajman,UAE,North,15546,PayPal,Paid,AED,Standard,WH-006,3.0,3.0,On Time,Not Returned,Not Applicable,3.7,Positive,Satisfied with the purchase.,Direct,Default_Campaign,SAVE39,69,25,3,769.65,121.84,32.39,12.11,692.3100000000001,371.32,308.88,44.62,1248.37,True,2,15.991425676671469,0.125,0.04052848172098754
ORD-685844,2022-11-20,11:08:47,Completed,Mobile App,CUST-003499,Michael Flores,66,Female,Consumer,Loyal,Cohenchester,Florida,USA,South,36910,Digital Wallet,Paid,USD,Express,WH-011,2.0,2.0,On Time,Not Returned,Not Applicable,3.8,Positive,Decent quality for the price.,Organic Search,Unknown Campaign,SAVE31,106,93,8,1646.6,675.84,67.95,21.54,1060.25,1044.25,-5.539999999999999,-0.52,13475.27,True,11,19.94462300907556,0.8571428571428572,0.44477844758411805
ORD-434594,2024-12-11,19:41:38,Completed,Website,CUST-013705,Stephanie Miller,45,Female,Consumer,Loyal,Patriciaborough,Pennsylvania,USA,East,20209,Debit Card,Pending,USD,Standard,WH-004,3.0,3.0,On Time,Not Returned,Not Applicable,3.9,Positive,"Product is okay, nothing special but works.",Organic Search,Default_Campaign,No Coupon,300,114,15,4492.74,1729.1600000000003,193.45,48.04999999999999,3005.08,1883.32,1073.71,35.73,9049.42,True,8,26.366818723786867,0.4821428571428571,0.29844947528407995
ORD-683460,2023-09-18,02:28:37,Completed,Mobile App,CUST-013575,Carolyn Hebert,66,Male,VIP,Loyal,South Justinchester,Florida,USA,South,82383,Cash on Delivery,Paid,USD,Economy,WH-008,6.0,6.0,On Time,Not Returned,Not Applicable,3.6,Positive,"Product is okay, nothing special but works.",Direct,Default_Campaign,No Coupon,256,220,5,3220.02,845.52,166.22,20.6,2561.32,1808.21,732.51,28.6,13829.42,True,8,24.066192582758895,0.8571428571428572,0.45648747648027554
ORD-961227,2024-09-06,20:18:11,Completed,Mobile App,CUST-003293,Joseph Delgado,73,Male,Business,Loyal,New Matthewhaven,Michigan,USA,Central,44700,PayPal,Paid,USD,Standard,WH-011,3.0,3.0,On Time,Not Returned,Not Applicable,3.4,Neutral,Not what I expected but it's okay.,Organic Search,Unknown Campaign,No Coupon,152,115,8,1711.67,316.33,97.67,33.870000000000005,1526.88,987.77,505.24,33.09,4955.860000000001,True,7,20.165571129239133,0.9821428571428572,0.16310678905464515
ORD-347708,2023-02-02,20:20:26,Returned,Marketplace,CUST-022347,Kevin Buchanan,44,Male,VIP,Loyal,North Amytown,Wales,UK,West,31922,Cash on Delivery,Refunded,GBP,Standard,WH-006,,,Cancelled,Returned,Other,,,,Organic Search,Unknown Campaign,No Coupon,0,0,2,2499.34,0.0,499.87,2.17,3001.38,1697.6,1301.61,43.37,11846.93,True,8,22.432585100450382,0.4642857142857143,0.3909417114193036
ORD-201812,2024-02-29,15:57:21,Completed,Website,CUST-015863,John Phillips,56,Male,Premium,Loyal,Lake Julieburgh,North Carolina,USA,South,10399,Digital Wallet,Paid,USD,Standard,WH-013,5.0,5.0,On Time,Not Returned,Not Applicable,4.2,Positive,"Product is okay, nothing special but works.",Facebook Ads,FB_Retargeting,No Coupon,26,4,5,261.29,19.3,16.94,3.5,262.43,116.98,141.95,54.09,4690.17,True,6,11.459684996096314,0.6785714285714286,0.15432245505091768
ORD-390387,2021-06-10,08:15:53,Completed,Mobile App,CUST-016324,Matthew Casey,60,Male,Consumer,Loyal,South Kathrynshire,Victoria,Australia,South,95924,Debit Card,Paid,AUD,Express,WH-010,4.0,2.0,Delayed,Not Returned,Not Applicable,3.9,Positive,"Product is okay, nothing special but works.",TikTok,Unknown Campaign,No Coupon,128,95,3,1221.67,88.69999999999999,113.3,37.16,1283.4299999999998,713.37,532.9,41.52,5034.15,True,8,18.308570108034427,0.75,0.16569523991524138
ORD-872942,2021-02-23,17:00:36,Completed,Marketplace,CUST-007843,Pamela Bailey,19,Female,Consumer,Loyal,Lake Cindy,Victoria,Australia,South,48673,Cash on Delivery,Paid,AUD,Standard,WH-019,6.0,6.0,On Time,Not Returned,Not Applicable,4.1,Positive,Good product. Works as expected.,Direct,Default_Campaign,No Coupon,34,33,2,326.61,25.7,30.09,14.34,345.34,167.36,163.64,47.39,17532.12,True,11,12.304085918396671,0.01785714285714285,0.5789074151893033
ORD-593528,2023-12-07,13:34:17,Completed,Website,CUST-019491,Sarah Roberson,36,Female,Business,Loyal,Hendrixstad,Texas,USA,South,22512,Debit Card,Paid,USD,Standard,WH-008,4.0,4.0,On Time,Not Returned,Not Applicable,3.9,Positive,Good value for money.,Organic Search,Default_Campaign,SAVE42,89,79,3,887.3,72.13,57.06,20.07,892.3,576.36,295.87,33.16,3866.18,True,5,16.678256830842304,0.3214285714285714,0.12707941475684795
ORD-541462,2022-12-24,13:49:38,Completed,Social Media,CUST-014781,Danielle Smith,20,Female,Consumer,Loyal,Amberville,Lower Saxony,Germany,North,9783,Bank Transfer,Paid,EUR,Standard,WH-006,4.0,5.0,Early,Not Returned,Not Applicable,4.2,Positive,Decent quality for the price.,Organic Search,Unknown Campaign,No Coupon,42,3,6,478.04,136.2,64.95,13.52,420.31,185.63,221.16000000000005,52.62,6556.05,True,9,13.851700516101547,0.0357142857142857,0.21601282025425605
ORD-972774,2024-06-21,09:47:52,Completed,Website,CUST-008941,Jennifer Cooper,66,Female,VIP,Loyal,New Darrell,California,USA,West,79062,Cash on Delivery,Paid,USD,Standard,WH-001,6.0,6.0,On Time,Not Returned,Not Applicable,3.9,Positive,Decent quality for the price.,Organic Search,Unknown Campaign,No Coupon,68,25,6,755.13,132.43,43.59,17.84,684.1299999999999,303.84000000000003,362.45,52.98,2842.13,True,5,15.901189824772029,0.8571428571428572,0.09322192205288059
ORD-478287,2022-09-24,01:45:13,Completed,Website,CUST-002136,Ralph Smith,60,Male,Consumer,Loyal,North Jeffrey,Pennsylvania,USA,East,59385,Debit Card,Paid,USD,Standard,WH-003,7.0,4.0,Delayed,Not Returned,Not Applicable,2.8,Neutral,Mixed feelings about this purchase.,Instagram,Insta_Reels,No Coupon,96,88,7,1002.55,128.26,61.2,30.27,965.76,434.49,501.0,51.88,8473.26,True,8,17.28644729160305,0.75,0.2794002755415695
ORD-805530,2021-12-26,00:09:09,Completed,Social Media,CUST-018292,Julie Ortiz,73,Female,Business,Loyal,Port Johnfort,Michigan,USA,Central,31081,Digital Wallet,Paid,USD,Standard,WH-007,7.0,7.0,On Time,Not Returned,Not Applicable,3.6,Positive,"Product is okay, nothing special but works.",Instagram,Unknown Campaign,No Coupon,65,33,7,855.06,255.73,41.95,12.29,653.57,297.97,343.31,52.53,10470.86,True,9,16.497339407934852,0.9821428571428572,0.34544561261050677
ORD-251513,2021-06-04,00:44:19,Completed,Website,CUST-000468,David Johnson,45,Female,VIP,Returning,Catherinebury,Northern Ireland,UK,West,78667,Debit Card,Paid,GBP,Standard,WH-018,5.0,4.0,Delayed,Not Returned,Not Applicable,3.8,Positive,Satisfied with the purchase.,Organic Search,Unknown Campaign,SAVE22,80,31,4,702.52,38.85,132.73,3.6600000000000006,800.06,358.88,437.52,54.69,4181.77,True,3,15.562681029323391,0.4821428571428571,0.137513559693565
ORD-674320,2022-06-17,11:08:34,Cancelled,Website,CUST-003955,Randy Yoder,21,Female,Consumer,Loyal,Scottmouth,New South Wales,Australia,East,57536,Cash on Delivery,Failed,AUD,Express,WH-002,,,Cancelled,Not Returned,Not Applicable,,,,Facebook Ads,Unknown Campaign,No Coupon,0,0,4,1291.41,0.0,129.14,32.97,1453.5200000000002,728.07,692.4799999999999,47.64,14109.78,True,7,18.604253072884973,0.0535714285714286,0.46575683506089594
ORD-439863,2024-03-17,03:29:50,Completed,Mobile App,CUST-000040,Rodney Tucker,54,Female,Consumer,Loyal,New Garrett,England,UK,North,38359,Cash on Delivery,Paid,GBP,Express,WH-008,2.0,2.0,On Time,Not Returned,Not Applicable,3.4,Neutral,Average product. Could be better.,Facebook Ads,Unknown Campaign,No Coupon,43,27,4,347.81000000000006,5.02,68.56,24.57,435.92,112.07,299.28,68.65,8565.01,True,7,12.550162721554674,0.6428571428571428,0.2824337455436094
ORD-684858,2023-10-30,02:01:34,Cancelled,Mobile App,CUST-003677,Christopher Cobb,36,Female,Consumer,Loyal,Port Jacquelineland,Scotland,UK,North,65448,Debit Card,Failed,GBP,Standard,WH-001,,,Cancelled,Not Returned,Not Applicable,,,,Direct,Unknown Campaign,No Coupon,0,0,1,64.03,0.0,12.81,4.56,81.4,19.54,57.3,70.39,13337.97,True,8,7.04367742976557,0.3214285714285714,0.4402389878426457
ORD-872264,2024-11-13,12:43:09,Returned,Website,CUST-023135,John Mitchell,46,Male,Consumer,Loyal,Mcguirechester,Illinois,USA,Central,33546,Cash on Delivery,Refunded,USD,Standard,WH-001,,,Cancelled,Returned,Defective Product,,,,Facebook Ads,Unknown Campaign,No Coupon,0,0,8,891.37,0.0,62.38999999999999,39.34,993.1,440.5,513.26,51.68,4214.54,True,5,16.700736448450204,0.5,0.13859701268502927
ORD-370535,2024-07-02,08:32:27,Completed,Social Media,CUST-019760,Robert Logan,37,Female,Consumer,Loyal,Cherylbury,Georgia,USA,South,88387,PayPal,Paid,USD,Economy,WH-005,10.0,10.0,On Time,Not Returned,Not Applicable,3.6,Positive,"Product is okay, nothing special but works.",Facebook Ads,Unknown Campaign,No Coupon,123,61,5,1466.94,320.2,80.27000000000001,7.25,1234.26,718.0500000000001,508.96,41.24,11650.81,True,7,19.29776508345845,0.3392857142857143,0.3844575246421911
ORD-572637,2022-04-22,08:14:19,Completed,Social Media,CUST-011020,Eddie Yates,48,Male,Premium,Loyal,New Roberthaven,New York,USA,East,51137,Debit Card,Paid,USD,Economy,WH-017,3.0,5.0,Early,Not Returned,Not Applicable,4.3,Positive,"Product is okay, nothing special but works.",Direct,Unknown Campaign,No Coupon,121,53,7,1453.94,315.42,79.69,0.7600000000000002,1218.97,807.76,410.4500000000001,33.67,8877.82,True,7,19.24864999864898,0.5357142857142857,0.2927759771658232
ORD-875894,2021-03-27,08:17:04,Completed,Mobile App,CUST-019299,Edward Graves,48,Female,Consumer,Loyal,Charlesside,Texas,USA,South,9444,Digital Wallet,Paid,USD,Express,WH-019,5.0,3.0,Delayed,Not Returned,Not Applicable,2.3,Negative,Product broke within a week.,Google Ads,Unknown Campaign,No Coupon,247,33,6,2425.12,148.54000000000002,159.36,36.400000000000006,2472.3400000000006,1306.13,1129.81,45.7,6609.790000000001,True,4,22.244592735261655,0.5357142857142857,0.21778959058569614
ORD-816833,2022-09-21,02:41:54,Completed,Social Media,CUST-011659,Wyatt Willis,36,Female,Business,Loyal,New Olivia,Quebec,Canada,East,2059,Credit Card,Paid,CAD,Standard,WH-006,6.0,4.0,Delayed,Not Returned,Not Applicable,2.9,Neutral,Product has some issues but it works.,Instagram,Insta_Influencer,No Coupon,88,52,2,865.86,92.82,100.49,13.93,887.46,389.95,483.58,54.49,5793.27,True,5,16.55851754657334,0.3214285714285714,0.19079352599642466
ORD-559775,2021-12-01,21:26:49,Completed,Mobile App,CUST-022192,Michael Gilbert,37,Male,Consumer,Loyal,East Susanton,Illinois,USA,Central,18191,PayPal,Pending,USD,Same Day,WH-003,1.0,1.0,On Time,Not Returned,Not Applicable,3.5,Positive,Met my expectations. Would recommend.,Referral,Friend_Invite,No Coupon,94,82,5,1240.0700000000002,381.76,60.08,27.52,945.91,657.42,260.97,27.59,8472.57,True,6,18.387812070280276,0.3392857142857143,0.2793774625246604
ORD-242807,2025-08-01,10:54:19,Completed,Marketplace,CUST-010556,Angela Grant,18,Female,Consumer,Loyal,Thomasmouth,Texas,USA,South,48147,PayPal,Paid,USD,Economy,WH-015,9.0,9.0,On Time,Not Returned,Not Applicable,4.0,Positive,Met my expectations. Would recommend.,Facebook Ads,Unknown Campaign,No Coupon,31,11,2,319.28000000000003,41.71,19.43,17.98,314.98,151.19,145.81,46.29,4798.219999999999,True,4,12.216158072481438,0.0,0.15789484124950529
ORD-215624,2025-11-01,12:57:25,Completed,Website,CUST-006221,Herbert Mendoza,22,Male,Business,Loyal,Woodsview,North Carolina,USA,South,31565,Cash on Delivery,Paid,USD,Express,WH-003,7.0,3.0,Delayed,Not Returned,Not Applicable,3.4,Neutral,Not what I expected but it's okay.,Instagram,Unknown Campaign,No Coupon,18,4,2,186.78,31.63,10.86,14.83,180.84,78.06,87.95,48.63,1852.14,True,4,10.269681744416157,0.07142857142857145,0.060490532763294455
ORD-960618,2024-05-17,21:33:18,Completed,Website,CUST-020243,Michael Thomas,25,Male,Premium,Loyal,North Lauraport,Lower Saxony,Germany,North,55722,Buy Now Pay Later,Paid,EUR,Standard,WH-002,7.0,7.0,On Time,Not Returned,Not Applicable,3.5,Positive,Met my expectations. Would recommend.,Facebook Ads,Unknown Campaign,No Coupon,150,55,2,1306.65,49.18,238.91,3.72,1500.1,512.9300000000001,983.45,65.56,12219.71,True,9,18.667232667206296,0.125,0.403266691772006
ORD-308546,2024-10-16,10:28:39,Completed,Website,CUST-010115,James Thomas,56,Male,Premium,Loyal,Ryanstad,New York,USA,East,88260,Credit Card,Paid,USD,Standard,WH-017,3.0,3.0,On Time,Not Returned,Not Applicable,4.2,Positive,Met my expectations. Would recommend.,Facebook Ads,FB_Dynamic,SAVE15,188,27,10,2020.33,285.17,121.47,29.63,1886.26,826.35,1030.28,54.62,8459.630000000001,True,5,21.133714865350296,0.6785714285714286,0.2789496358017569
ORD-581653,2024-07-19,12:13:08,Completed,Website,CUST-019873,Tyler Brown,34,Female,Premium,Loyal,Patrickmouth,Texas,USA,South,92685,Cash on Delivery,Paid,USD,Express,WH-018,1.0,1.0,On Time,Not Returned,Not Applicable,3.9,Positive,Satisfied with the purchase.,Facebook Ads,Unknown Campaign,No Coupon,485,262,15,6080.04,1576.4,315.26,34.19,4853.09,3329.34,1489.56,30.69,7857.42,True,5,28.618112852276187,0.2857142857142857,0.2590391620150705
ORD-604352,2021-06-11,07:54:20,Completed,Website,CUST-012839,Cory Taylor,49,Female,Consumer,Loyal,Johnsonshire,Bavaria,Germany,South,92831,Debit Card,Paid,EUR,Standard,WH-019,7.0,7.0,On Time,Not Returned,Not Applicable,3.7,Positive,Good value for money.,Email Marketing,Unknown Campaign,No Coupon,29,20,3,241.57,13.84,43.27,22.24,293.24,130.57,140.43,47.89,11014.38,True,7,11.173071333227453,0.5535714285714286,0.363415657466188
ORD-151168,2022-10-07,14:25:41,Completed,Website,CUST-022861,Derek Mendez,74,Male,Consumer,Returning,North Candicestad,Florida,USA,South,4478,Digital Wallet,Paid,USD,Economy,WH-013,7.0,7.0,On Time,Not Returned,Not Applicable,3.7,Positive,"Product is okay, nothing special but works.",Direct,Default_Campaign,No Coupon,96,22,8,1002.48,139.14,60.440000000000005,36.63,960.41,552.38,371.4,38.67,1328.31,True,2,17.28609454625769,1.0,0.04317148544810551
ORD-312609,2025-04-04,22:13:25,Returned,Mobile App,CUST-016469,Clinton White,28,Non-Binary,Consumer,Loyal,Chadborough,Georgia,USA,South,98812,Buy Now Pay Later,Refunded,USD,Standard,WH-003,,,Cancelled,Returned,Size Issue,,,,Instagram,Insta_Stories,No Coupon,0,0,4,697.45,0.0,48.82,15.81,762.0799999999999,277.45,468.82,61.52,3565.53,True,4,15.529044760193685,0.1785714285714286,0.11713922122972742
ORD-627942,2023-12-10,00:31:06,Completed,Website,CUST-003797,Paul King,27,Male,Consumer,Loyal,East Victoria,Uttar Pradesh,India,North,28355,Cash on Delivery,Paid,INR,Standard,WH-004,7.0,7.0,On Time,Not Returned,Not Applicable,3.6,Positive,Decent quality for the price.,TikTok,Unknown Campaign,SAVE15,49,40,4,499.34,95.8,72.63000000000001,19.82,495.99,250.24,225.93,45.55,2245.11,True,5,14.03778092955302,0.1607142857142857,0.07348304182816245
ORD-435840,2022-03-20,05:09:00,Completed,Marketplace,CUST-011223,Amy Sanchez,28,Female,Consumer,Loyal,East Sean,New York,USA,East,68822,Debit Card,Paid,USD,Economy,WH-017,12.0,8.0,Delayed,Not Returned,Not Applicable,2.6,Neutral,Mixed feelings about this purchase.,Referral,Referral_Program,No Coupon,18,8,2,173.14,4.38,11.81,3.43,184.0,113.94,66.63,36.21,2653.0600000000004,True,4,10.013592664102609,0.1785714285714286,0.08697082479636079
ORD-338789,2025-11-27,04:05:31,Completed,Marketplace,CUST-012102,Hannah Hawkins,42,Female,Consumer,Loyal,Smithberg,Sharjah,UAE,North,77326,Debit Card,Paid,AED,Standard,WH-015,4.0,4.0,On Time,Not Returned,Not Applicable,3.7,Positive,"Product is okay, nothing special but works.",Google Ads,Google_Display,No Coupon,36,36,3,378.42,40.0,16.92,7.59,362.93,229.2,126.14,34.76,5134.12,True,7,12.885951444223503,0.4285714285714286,0.16900048237958942
ORD-632651,2024-02-16,04:52:34,Completed,Marketplace,CUST-017085,Kelly Whitehead,23,Female,Consumer,Loyal,Lake Kimberlyborough,Michigan,USA,Central,19762,Cash on Delivery,Paid,USD,Economy,WH-013,7.0,7.0,On Time,Not Returned,Not Applicable,2.6,Neutral,Quality could be improved.,Direct,Default_Campaign,No Coupon,31,26,4,325.54,53.79,19.02,23.98,314.75,129.77,161.0,51.15,7716.0,True,5,12.29134540745799,0.0892857142857143,0.25436348541901066
ORD-224879,2025-06-09,22:57:40,Completed,Website,CUST-007716,Kimberly Williamson,69,Male,Consumer,Loyal,Cherylville,Ohio,USA,Central,83158,PayPal,Paid,USD,Standard,WH-010,6.0,6.0,On Time,Not Returned,Not Applicable,3.1,Neutral,Quality could be improved.,Direct,Default_Campaign,No Coupon,288,166,10,2942.7,281.89,186.26,36.45,2883.52,1690.14,1156.93,40.12,5794.860000000001,True,4,23.47436330720863,0.9107142857142856,0.19084609512234557
ORD-710087,2023-10-23,02:06:21,Completed,Mobile App,CUST-022757,Christine Rose,30,Male,Business,Returning,Alicialand,Pennsylvania,USA,East,88948,Debit Card,Paid,USD,Economy,WH-001,10.0,10.0,On Time,Not Returned,Not Applicable,4.0,Positive,"Product is okay, nothing special but works.",Direct,Unknown Campaign,No Coupon,44,37,4,471.38,71.73,27.98,18.73,446.36,213.6,214.03,47.95,1413.64,True,3,13.792215980599964,0.2142857142857143,0.04599269520586103
ORD-393607,2025-11-18,11:51:07,Completed,Marketplace,CUST-006697,Nicole Henderson,39,Non-Binary,Premium,Loyal,Lopezchester,New South Wales,Australia,East,56957,Credit Card,Paid,AUD,Express,WH-010,3.0,3.0,On Time,Not Returned,Not Applicable,4.1,Positive,Decent quality for the price.,Direct,Unknown Campaign,No Coupon,5,0,1,38.7,6.94,3.18,18.99,53.93,14.88,20.06,37.2,16712.449999999997,True,7,5.784610123090017,0.375,0.5518072042184904
ORD-373034,2022-11-17,12:10:21,Completed,Website,CUST-010232,Kelly Keller,73,Non-Binary,Consumer,Loyal,Brooksview,Texas,USA,South,77218,Credit Card,Paid,USD,Economy,WH-005,5.0,5.0,On Time,Not Returned,Not Applicable,4.2,Positive,Decent quality for the price.,Referral,Referral_Program,No Coupon,76,45,11,1094.8200000000002,399.71,48.65,24.7,768.46,452.35,291.41,37.92,3439.49,True,6,17.735857153730404,0.9821428571428572,0.11297204347433651
ORD-636620,2024-04-25,01:47:31,Completed,Mobile App,CUST-008272,Michael Parker,53,Male,Consumer,Loyal,New Kellifort,South Australia,Australia,South,84579,Debit Card,Paid,AUD,Economy,WH-010,5.0,5.0,On Time,Not Returned,Not Applicable,4.0,Positive,"Product is okay, nothing special but works.",Google Ads,Google_Shopping,No Coupon,105,18,4,980.41,70.89,90.95,51.16,1051.63,419.09,581.38,55.28,7109.25,True,7,17.173926378625524,0.625,0.23430290859353123
ORD-688775,2021-03-03,16:24:55,Returned,Website,CUST-010201,Paul Silva,29,Female,Consumer,Loyal,East Tinatown,Georgia,USA,South,78255,Buy Now Pay Later,Refunded,USD,Express,WH-013,,,Cancelled,Returned,Late Delivery,,,,Direct,Default_Campaign,No Coupon,0,0,4,478.21,0.0,33.47,22.42,534.1,214.03,297.65,55.73,11688.57,True,6,13.853210563521596,0.1964285714285714,0.3857059587269543
ORD-399901,2021-06-13,15:53:20,Completed,Website,CUST-008576,Nathan Moore,48,Male,Consumer,Loyal,North Frank,Michigan,USA,Central,59614,PayPal,Paid,USD,Standard,WH-018,5.0,6.0,Early,Not Returned,Not Applicable,4.3,Positive,Satisfied with the purchase.,Email Marketing,Unknown Campaign,SAVE11,326,81,7,3189.88,169.54999999999998,211.42,34.29,3266.04,1871.49,1360.2599999999998,41.65,11355.12,True,5,24.003806628796948,0.5357142857142857,0.3746813203380691
ORD-406103,2024-10-21,11:47:39,Completed,Mobile App,CUST-024399,Tina Gregory,23,Male,Business,Loyal,Lake Amberview,California,USA,West,87701,Credit Card,Paid,USD,Standard,WH-001,4.0,4.0,On Time,Not Returned,Not Applicable,3.8,Positive,Good product. Works as expected.,Instagram,Unknown Campaign,No Coupon,513,205,7,5378.32,586.0400000000001,335.46,11.98,5139.719999999999,2795.32,2332.42,45.38,12100.76,True,6,27.686289027348572,0.0892857142857143,0.39933392603094175
ORD-860743,2022-05-08,11:05:17,Completed,Marketplace,CUST-012065,Roy Leonard,66,Female,Business,Loyal,Theresastad,Baden-Württemberg,Germany,South,8475,Credit Card,Paid,EUR,Express,WH-006,2.0,2.0,On Time,Not Returned,Not Applicable,3.2,Neutral,Product has some issues but it works.,Direct,Unknown Campaign,No Coupon,94,29,6,833.97,60.75,146.91,20.85,940.98,425.0799999999999,495.05,52.61,9604.47,True,7,16.37614580334914,0.8571428571428572,0.3168007289585461
ORD-375189,2024-11-29,15:40:06,Pending,Website,CUST-001639,Kenneth Wallace,44,Female,VIP,Loyal,Lyonsshire,Texas,USA,South,36584,Debit Card,Pending,USD,Standard,WH-015,,,Cancelled,Not Returned,Not Applicable,,,,Instagram,Unknown Campaign,No Coupon,0,0,8,2160.19,353.23,126.49,7.02,1940.47,1184.89,748.5600000000001,38.58,7389.32,True,7,21.53537246513875,0.4642857142857143,0.24356267909458112
ORD-175838,2023-05-29,18:40:32,Completed,Mobile App,CUST-019912,Raymond Rogers,34,Female,VIP,Loyal,Arthurmouth,New York,USA,East,19555,Credit Card,Paid,USD,Economy,WH-003,7.0,6.0,Delayed,Not Returned,Not Applicable,2.6,Neutral,Average product. Could be better.,Affiliate,Affiliate_Partner,No Coupon,163,149,3,1592.16,84.02,105.57,21.56,1635.27,967.93,645.7800000000001,39.49,5220.889999999999,True,6,19.75457353826249,0.2857142857142857,0.17186930191176386
ORD-172219,2021-11-02,22:49:23,Completed,Website,CUST-000923,Curtis Brown,65,Male,Consumer,Loyal,West Melissafurt,Scotland,UK,North,13061,Bank Transfer,Paid,GBP,Express,WH-009,2.0,2.0,On Time,Not Returned,Not Applicable,3.4,Neutral,Quality could be improved.,Google Ads,Google_Shopping,No Coupon,56,1,7,723.04,285.43,87.52,38.1,563.23,278.09000000000003,247.04,43.86,5796.79,True,5,15.69694930217938,0.8392857142857142,0.19090990544500427
ORD-601232,2025-05-21,18:16:10,Completed,Mobile App,CUST-015980,Jonathan Diaz,35,Female,Consumer,Loyal,Jamesport,Georgia,USA,South,84715,Credit Card,Paid,USD,Standard,WH-015,3.0,3.0,On Time,Not Returned,Not Applicable,4.2,Positive,"Product is okay, nothing special but works.",Facebook Ads,FB_Retargeting,No Coupon,134,92,7,1524.5600000000002,292.4,86.25,26.26,1344.67,633.0699999999999,685.3399999999999,50.97,14277.04,True,9,19.511529708462803,0.3035714285714286,0.4712868426090289
ORD-168728,2023-11-29,15:34:36,Completed,Mobile App,CUST-023803,Jenny Rubio,36,Female,Consumer,Loyal,New Susanburgh,Florida,USA,South,91173,Cash on Delivery,Paid,USD,Economy,WH-012,6.0,6.0,On Time,Not Returned,Not Applicable,3.6,Positive,Satisfied with the purchase.,Affiliate,Unknown Campaign,No Coupon,145,30,4,1959.04,604.14,94.84,3.14,1452.88,1242.12,207.62,14.29,12858.4,True,8,20.95096299645093,0.3214285714285714,0.42438327984397217
ORD-129315,2025-03-17,04:42:18,Completed,Social Media,CUST-023336,Sarah Smith,61,Female,Premium,Loyal,Kingchester,North Carolina,USA,South,24502,Buy Now Pay Later,Paid,USD,Express,WH-019,1.0,3.0,Early,Not Returned,Not Applicable,4.3,Positive,Decent quality for the price.,Facebook Ads,Unknown Campaign,No Coupon,222,144,10,2308.1,261.23,143.29000000000002,39.07,2229.23,1240.9899999999998,949.17,42.58,15409.75,True,8,21.93903959673382,0.7678571428571428,0.5087368895410253
ORD-649206,2024-11-04,16:09:59,Completed,Mobile App,CUST-004966,Anna Mcmahon,29,Male,Consumer,Loyal,Blaketon,New York,USA,East,28445,PayPal,Paid,USD,Economy,WH-009,6.0,6.0,On Time,Not Returned,Not Applicable,3.4,Neutral,Mixed feelings about this purchase.,Google Ads,Unknown Campaign,SAVE40,119,11,7,1399.08,298.68,77.03,15.33,1192.76,775.64,401.79,33.69,10554.57,True,8,19.037603801180687,0.1964285714285714,0.34821326137204095
ORD-610288,2022-02-19,13:42:54,Completed,Website,CUST-024808,Stephanie Blanchard,34,Female,Consumer,Loyal,West Justinborough,California,USA,West,80903,Debit Card,Paid,USD,Express,WH-004,2.0,2.0,On Time,Not Returned,Not Applicable,3.9,Positive,Good product. Works as expected.,Instagram,Unknown Campaign,SAVE28,170,45,3,1743.72,174.20000000000002,109.87,21.75,1701.14,971.66,707.7299999999999,41.6,20900.29,True,14,20.272041793411308,0.2857142857142857,0.6902670081786318
ORD-752915,2022-12-11,22:53:55,Completed,Website,CUST-019174,Austin Davenport,62,Female,Premium,Loyal,Lake Michael,Scotland,UK,North,30612,Credit Card,Paid,GBP,Economy,WH-003,5.0,5.0,On Time,Not Returned,Not Applicable,3.7,Positive,Good value for money.,Organic Search,Unknown Campaign,No Coupon,435,47,12,7316.099999999999,3704.08,722.4100000000001,18.92,4353.35,3747.33,587.1,13.49,10832.92,True,7,30.076008321848544,0.7857142857142856,0.3574161646425349
ORD-262884,2021-05-22,07:20:25,Completed,Website,CUST-009957,Aaron Schwartz,68,Male,Consumer,Loyal,East Beth,Texas,USA,South,74229,Digital Wallet,Paid,USD,Standard,WH-007,6.0,6.0,On Time,Not Returned,Not Applicable,4.4,Positive,Good product. Works as expected.,Direct,Default_Campaign,No Coupon,286,189,14,3018.86,367.87,185.58,26.16,2862.73,1585.78,1250.79,43.69,9404.5,True,6,23.64100900128362,0.8928571428571428,0.3101892521595496
ORD-156576,2021-04-03,18:53:48,Returned,Mobile App,CUST-010552,Joshua Smith,27,Female,Consumer,Loyal,East Sarahchester,Karnataka,India,South,83538,Debit Card,Refunded,INR,Same Day,WH-004,,,Cancelled,Returned,Other,,,,Referral,Unknown Campaign,SAVE36,0,0,2,177.67000000000002,0.0,31.98,20.03,229.68,83.45,126.2,54.95,2668.6400000000003,True,5,10.10030378726406,0.1607142857142857,0.087485936105699
ORD-408969,2025-03-18,12:21:47,Completed,Mobile App,CUST-015781,David Yang,26,Male,Premium,Loyal,Courtneyfort,Michigan,USA,Central,54509,Debit Card,Paid,USD,Standard,WH-015,4.0,4.0,On Time,Not Returned,Not Applicable,4.1,Positive,Satisfied with the purchase.,Organic Search,Unknown Campaign,No Coupon,149,126,6,1609.84,236.87,96.1,23.84,1492.91,886.1200000000001,582.95,39.05,3488.96,True,4,19.816832455350788,0.14285714285714285,0.1146076375996871
ORD-310018,2021-01-16,20:39:30,Completed,Mobile App,CUST-011303,Jamie Powell,27,Male,Consumer,Loyal,Dustinmouth,Georgia,USA,South,72121,Digital Wallet,Paid,USD,Same Day,WH-007,3.0,0.0,Delayed,Not Returned,Not Applicable,2.9,Neutral,Mixed feelings about this purchase.,TikTok,Unknown Campaign,No Coupon,169,80,2,1872.56,307.34,109.57,23.81,1698.6,1213.9,460.89,27.13,11995.16,True,12,20.68550456370597,0.1607142857142857,0.395842542573553
ORD-967091,2022-11-16,10:06:35,Completed,Mobile App,CUST-012346,Jonathan Long,32,Male,Consumer,Loyal,New Jennifer,Pennsylvania,USA,East,9865,Buy Now Pay Later,Paid,USD,Economy,WH-012,9.0,9.0,On Time,Not Returned,Not Applicable,3.8,Positive,"Product is okay, nothing special but works.",Google Ads,Google_Search_Q1,No Coupon,144,50,16,1918.22,587.46,93.16,20.88,1444.8,759.8,664.12,45.97,8188.099999999999,True,6,20.826804625133576,0.25,0.26997221771288593
ORD-324213,2023-10-17,13:56:56,Completed,Website,CUST-006906,Deborah Adams,52,Female,Consumer,Loyal,Adamtown,New York,USA,East,30011,Credit Card,Paid,USD,Standard,WH-019,5.0,5.0,On Time,Not Returned,Not Applicable,4.5,Positive,Best purchase I've made this year!,Direct,Unknown Campaign,No Coupon,25,23,2,236.92,13.52,15.64,11.57,250.61,108.48,130.56,52.1,1679.3,True,5,11.102890447204695,0.6071428571428571,0.054776037339288076
ORD-442763,2024-11-12,13:12:50,Cancelled,Mobile App,CUST-013579,Nicholas Campos,50,Male,VIP,Loyal,North Cathy,Georgia,USA,South,13794,Credit Card,Failed,USD,Economy,WH-009,,,Cancelled,Not Returned,Not Applicable,,,,Organic Search,Unknown Campaign,No Coupon,0,0,4,1919.77,0.0,134.38,25.29,2079.44,966.61,1087.54,52.3,10089.6,True,7,20.83155588365003,0.5714285714285714,0.3328402635862261
ORD-606718,2021-12-14,05:05:25,Completed,Marketplace,CUST-006789,Dana Shields,54,Female,Premium,Loyal,Port Nicholasmouth,California,USA,West,29376,Debit Card,Paid,USD,Standard,WH-016,6.0,5.0,Delayed,Not Returned,Not Applicable,3.4,Neutral,Average product. Could be better.,Organic Search,Unknown Campaign,No Coupon,78,71,8,1479.09,754.56,50.71,7.04,782.28,758.72,16.52,2.11,5441.76,True,7,19.343368446876347,0.6428571428571428,0.17917178168670192
ORD-179993,2024-05-25,08:21:56,Completed,Website,CUST-004518,Timothy Gonzalez,40,Male,Consumer,Loyal,North Bryan,Karnataka,India,South,87704,Cash on Delivery,Paid,INR,Economy,WH-011,6.0,6.0,On Time,Not Returned,Not Applicable,3.2,Neutral,Not what I expected but it's okay.,Facebook Ads,Unknown Campaign,SAVE37,20,1,4,170.0,2.49,30.15,6.25,203.91,82.84,114.82,56.31,8245.630000000001,True,7,9.952463511833797,0.3928571428571428,0.2718742943256092
ORD-185158,2024-09-17,18:40:54,Completed,Mobile App,CUST-003851,Richard Hudson,38,Male,Consumer,Loyal,Patrickhaven,Victoria,Australia,South,54655,Buy Now Pay Later,Paid,AUD,Economy,WH-002,11.0,8.0,Delayed,Not Returned,Not Applicable,2.9,Neutral,Product has some issues but it works.,Google Ads,Google_Display,No Coupon,64,32,5,706.5799999999999,131.0,57.56,14.53,647.6700000000001,317.84000000000003,315.3,48.68,9731.45,True,10,15.589482835743665,0.3571428571428571,0.32099898531668275
ORD-646152,2021-10-19,16:43:19,Completed,Website,CUST-021676,Jennifer Davis,42,Male,Consumer,Loyal,Lowerytown,Florida,USA,South,84289,Credit Card,Paid,USD,Standard,WH-017,4.0,4.0,On Time,Not Returned,Not Applicable,3.9,Positive,Satisfied with the purchase.,Direct,Default_Campaign,No Coupon,295,148,9,2973.58,234.03,191.77,26.95,2958.27,1448.2,1483.12,50.13,8167.01,True,8,23.54232531567578,0.4285714285714286,0.2692749328917086
ORD-404173,2024-04-22,02:54:12,Completed,Marketplace,CUST-003892,Stacie Hoffman,52,Male,Premium,Loyal,Baileymouth,Bavaria,Germany,South,7027,Cash on Delivery,Paid,EUR,Same Day,WH-001,1.0,1.0,On Time,Not Returned,Not Applicable,3.8,Positive,Good value for money.,Organic Search,Default_Campaign,SAVE39,692,208,8,6877.84,1075.02,1102.54,18.65,6924.01,3606.32,3299.04,47.65,17408.09,True,8,29.582332715124863,0.6071428571428571,0.574806692744039
ORD-777205,2025-08-28,22:16:00,Completed,Mobile App,CUST-009330,Curtis Richard,19,Male,Consumer,Loyal,Port Christine,England,UK,North,37225,Digital Wallet,Paid,GBP,Standard,WH-014,3.0,3.0,On Time,Not Returned,Not Applicable,3.6,Positive,Good value for money.,Instagram,Unknown Campaign,SAVE37,122,106,4,1037.64,26.76,202.18,7.58,1220.64,435.58,777.48,63.69,25834.29,True,14,17.460947312171136,0.01785714285714285,0.8533966102501861
ORD-396096,2023-11-09,20:58:53,Pending,Website,CUST-014873,Samantha Munoz,26,Male,Consumer,Loyal,Gibsonburgh,Pennsylvania,USA,East,13508,Debit Card,Paid,USD,Economy,WH-019,,,Cancelled,Not Returned,Not Applicable,,,,Referral,Unknown Campaign,No Coupon,0,0,7,1399.4299999999998,544.39,59.85,18.75,933.64,516.14,398.75,42.71,10281.54,True,6,19.03897016941616,0.14285714285714285,0.33918624976815037
ORD-362579,2023-03-27,02:26:51,Completed,Website,CUST-020499,Tara Mendoza,58,Male,Premium,Loyal,Ryanton,Scotland,UK,North,23327,Credit Card,Pending,GBP,Express,WH-004,2.0,2.0,On Time,Not Returned,Not Applicable,4.0,Positive,Decent quality for the price.,Referral,Referral_Program,No Coupon,26,25,3,240.93,28.28,42.53,9.08,264.26,64.38,190.8,72.2,5462.74,True,7,11.163473749331269,0.7142857142857142,0.17986542965011115
ORD-378771,2024-03-29,04:10:02,Completed,Mobile App,CUST-012548,Tara Smith,18,Male,Premium,Loyal,West Daniel,Northern Ireland,UK,West,69692,Cash on Delivery,Paid,GBP,Economy,WH-002,5.0,5.0,On Time,Not Returned,Not Applicable,4.5,Positive,Perfect product for my needs. Will buy again.,Instagram,Unknown Campaign,No Coupon,169,56,5,1647.0,239.79,281.44,1.8500000000000003,1690.5,773.1800000000001,915.47,54.15,4964.59,True,6,19.946001481452306,0.0,0.16339542331205995
ORD-254529,2025-10-10,13:35:08,Completed,Social Media,CUST-002197,Jennifer Coleman,53,Male,Business,Loyal,Brendafurt,Gujarat,India,West,88297,Cash on Delivery,Paid,INR,Express,WH-001,2.0,2.0,On Time,Not Returned,Not Applicable,4.0,Positive,Good value for money.,Facebook Ads,Unknown Campaign,SAVE23,33,33,3,285.47,18.07,48.13,17.95,333.48,142.18,173.35,51.98,22350.69,True,12,11.789338667060843,0.625,0.7382206309683729
ORD-369514,2025-04-22,10:14:36,Completed,Mobile App,CUST-003719,Christine Stein,21,Male,Consumer,Loyal,Kingbury,Georgia,USA,South,94937,Debit Card,Paid,USD,Standard,WH-003,2.0,3.0,Early,Not Returned,Not Applicable,3.6,Positive,Good product. Works as expected.,Referral,Referral_Program,No Coupon,329,120,8,3338.3100000000004,276.28,214.34,19.02,3295.39,1736.7500000000002,1539.62,46.72,16930.39,True,9,24.306800362772975,0.0535714285714286,0.5590128113274233
ORD-303954,2023-01-06,14:15:46,Completed,Website,CUST-017750,Maureen Garner,74,Male,Premium,Loyal,Carsonchester,Pennsylvania,USA,East,40586,Buy Now Pay Later,Paid,USD,Express,WH-019,1.0,1.0,On Time,Not Returned,Not Applicable,3.8,Positive,"Product is okay, nothing special but works.",Facebook Ads,FB_Dynamic,No Coupon,31,30,3,312.64,41.2,19.0,24.36,314.8,143.16,147.28,46.79,9615.3,True,8,12.135162881377942,1.0,0.3171587941369885
ORD-255602,2025-06-26,00:33:59,Completed,Website,CUST-000206,Andrew Walker,52,Male,Premium,Loyal,East Jessica,England,UK,North,77793,Cash on Delivery,Paid,GBP,Standard,WH-007,4.0,4.0,On Time,Not Returned,Not Applicable,4.2,Positive,"Product is okay, nothing special but works.",Organic Search,Unknown Campaign,No Coupon,92,77,6,951.52,193.52,151.6,18.06,927.66,533.7,375.9,40.52,4949.959999999999,True,4,17.024136861759338,0.6071428571428571,0.16291172122890082
ORD-386800,2025-03-17,01:52:41,Cancelled,Marketplace,CUST-010370,Richard Moore,23,Female,Premium,Loyal,Justinchester,Pennsylvania,USA,East,79223,Debit Card,Failed,USD,Standard,WH-007,,,Cancelled,Not Returned,Not Applicable,,,,Facebook Ads,Unknown Campaign,No Coupon,0,0,5,299.36,0.0,20.950000000000003,15.02,335.33,138.73,181.58,54.15,7970.83,True,10,11.969137483854835,0.0892857142857143,0.2627887623739953
ORD-438193,2024-01-07,00:14:08,Completed,Website,CUST-013864,April Bowers,35,Non-Binary,VIP,Loyal,South Kim,Manitoba,Canada,Central,5004,Digital Wallet,Paid,CAD,Standard,WH-002,6.0,6.0,On Time,Not Returned,Not Applicable,4.1,Positive,Satisfied with the purchase.,Organic Search,Unknown Campaign,No Coupon,139,16,3,1384.11,157.58,159.45,4.35,1390.33,568.32,817.66,58.81,9416.02,True,10,18.97891577005305,0.3035714285714286,0.31057013035490116
ORD-683443,2025-11-23,09:25:53,Completed,Website,CUST-002278,Jonathan Johnson,67,Female,Consumer,Loyal,Davidside,Manitoba,Canada,Central,53879,Credit Card,Pending,CAD,Economy,WH-006,7.0,7.0,On Time,Not Returned,Not Applicable,3.2,Neutral,Mixed feelings about this purchase.,Direct,Default_Campaign,No Coupon,22,14,3,258.63,66.09,25.03,4.61,222.18,116.52,101.05,45.48,3655.14,True,5,11.422011970955774,0.875,0.12010193781700589
ORD-672763,2025-07-21,05:10:56,Completed,Mobile App,CUST-022740,Molly Steele,33,Male,Premium,Loyal,Taylorborough,Wales,UK,West,24648,Digital Wallet,Paid,GBP,Express,WH-016,1.0,1.0,On Time,Not Returned,Not Applicable,4.1,Positive,Met my expectations. Would recommend.,Affiliate,Unknown Campaign,No Coupon,126,50,4,1398.2,353.52,208.94,9.47,1263.09,521.32,732.3,57.98,5185.74,True,5,19.034167204519193,0.2678571428571429,0.17070716054313495
ORD-989260,2023-12-01,11:08:12,Pending,Social Media,CUST-008160,Jacqueline Davis,69,Male,Consumer,Returning,Thomashaven,Pennsylvania,USA,East,65824,Cash on Delivery,Paid,USD,Express,WH-015,,,Cancelled,Not Returned,Not Applicable,,,,Organic Search,Default_Campaign,No Coupon,0,0,2,506.12,119.63,27.05,14.65,428.19,253.42,160.12,37.39,4129.22,True,3,14.095735915409266,0.9107142857142856,0.13577613355070722
ORD-573619,2023-10-02,16:06:59,Completed,Mobile App,CUST-005327,Robert Moore,49,Female,Consumer,Loyal,Port Francistown,South Australia,Australia,South,14666,Cash on Delivery,Paid,AUD,Standard,WH-008,3.0,3.0,On Time,Not Returned,Not Applicable,3.6,Positive,Good value for money.,Facebook Ads,FB_Retargeting,No Coupon,149,59,4,1570.44,238.95,133.15,31.29,1495.93,894.58,570.0600000000001,38.11,7532.990000000001,True,5,19.677359292188374,0.5535714285714286,0.24831274596317057
ORD-128147,2021-11-19,02:06:11,Pending,Website,CUST-016457,Eric Beck,19,Female,Consumer,Loyal,Lake Jaredstad,South Australia,Australia,South,90032,Cash on Delivery,Paid,AUD,Express,WH-018,,,Cancelled,Not Returned,Not Applicable,,,,Google Ads,Google_Search_Q1,No Coupon,0,0,5,1522.96,634.56,88.83999999999999,39.8,1017.04,839.36,137.88,13.56,6544.85,True,7,19.505678070910804,0.01785714285714285,0.21564252200877543
ORD-145701,2025-12-14,04:17:55,Completed,Social Media,CUST-002305,Phyllis Choi,45,Female,Consumer,Loyal,East Rachelshire,Pennsylvania,USA,East,80455,Cash on Delivery,Pending,USD,Standard,WH-016,7.0,7.0,On Time,Not Returned,Not Applicable,3.9,Positive,Met my expectations. Would recommend.,Organic Search,Unknown Campaign,No Coupon,173,19,6,2469.63,872.98,111.76,30.16,1738.57,1618.53,89.88,5.17,9229.28,True,5,22.357852275282852,0.4821428571428571,0.3043960683583786
ORD-683756,2025-03-23,09:53:37,Completed,Mobile App,CUST-008564,Jesse Mason,29,Male,Premium,Loyal,East Kevinport,California,USA,West,41118,Digital Wallet,Paid,USD,Express,WH-003,3.0,3.0,On Time,Not Returned,Not Applicable,3.6,Positive,Met my expectations. Would recommend.,Google Ads,Unknown Campaign,SAVE48,171,11,4,1838.6,256.27,110.76,24.05,1717.14,956.42,736.6700000000001,42.9,5362.43,True,5,20.578691070459875,0.1964285714285714,0.1765489459890253
ORD-645337,2024-07-23,13:08:26,Completed,Social Media,CUST-019711,Heather Jones,68,Male,Consumer,Loyal,Jasonton,British Columbia,Canada,West,32877,PayPal,Paid,CAD,Standard,WH-001,7.0,7.0,On Time,Not Returned,Not Applicable,4.5,Positive,Excellent customer service and amazing product.,Instagram,Insta_Reels,No Coupon,56,43,1,570.29,77.38,64.08,6.83,563.82,289.35,267.64,47.47,7816.860000000001,True,6,14.61676895037014,0.8928571428571428,0.2576981533689371
ORD-515821,2025-11-12,19:28:05,Completed,Website,CUST-011968,Catherine Rodriguez,48,Female,Premium,Loyal,New Markview,Illinois,USA,Central,23035,Credit Card,Paid,USD,Standard,WH-018,5.0,5.0,On Time,Not Returned,Not Applicable,3.5,Positive,Decent quality for the price.,Organic Search,Unknown Campaign,SAVE21,66,66,1,728.7,108.0,43.45,3.27,667.42,457.41,206.74,30.98,4017.36,True,4,15.733470321220901,0.5357142857142857,0.13207777982396948
ORD-236893,2025-09-05,05:59:17,Completed,Marketplace,CUST-012331,Briana Perez,61,Non-Binary,Consumer,Loyal,Jameston,Ontario,Canada,East,78449,Digital Wallet,Pending,CAD,Express,WH-017,3.0,3.0,On Time,Not Returned,Not Applicable,4.0,Positive,Decent quality for the price.,Email Marketing,Unknown Campaign,No Coupon,161,147,6,1634.79,240.7,181.23,34.97,1610.29,809.76,765.56,47.54,16042.3,True,12,19.90380759973427,0.7678571428571428,0.529650474824844
ORD-129924,2025-06-30,01:39:13,Completed,Mobile App,CUST-020945,Paul Chen,51,Female,Consumer,Returning,West Kyle,Ohio,USA,Central,82728,Credit Card,Pending,USD,Standard,WH-007,3.0,3.0,On Time,Not Returned,Not Applicable,3.7,Positive,Decent quality for the price.,Google Ads,Google_Search_Q1,No Coupon,484,109,8,5117.05,618.7099999999999,314.88,33.419999999999995,4846.64,2728.78,2084.44,43.01,6484.55,True,2,27.31548799810265,0.5892857142857143,0.2136488627049824
ORD-539975,2023-12-23,18:19:58,Completed,Social Media,CUST-017030,Amanda Silva,22,Male,Consumer,Loyal,Andreahaven,Northern Ireland,UK,West,44573,Debit Card,Paid,GBP,Express,WH-005,1.0,1.0,On Time,Not Returned,Not Applicable,2.7,Neutral,Product has some issues but it works.,Referral,Friend_Invite,No Coupon,110,104,5,1322.1,423.1,179.79999999999998,24.81,1103.61,566.88,511.92,46.39,14448.61,True,8,18.73050862714738,0.07142857142857145,0.4769593488569852
ORD-477811,2022-12-15,11:09:59,Completed,Mobile App,CUST-007092,Robert Mckenzie,50,Male,Consumer,Loyal,New Maureen,Texas,USA,South,94205,Cash on Delivery,Paid,USD,Standard,WH-011,3.0,3.0,On Time,Not Returned,Not Applicable,4.3,Positive,Decent quality for the price.,Email Marketing,Unknown Campaign,No Coupon,264,153,8,3226.33,768.0600000000001,172.07999999999998,17.31,2647.66,1694.25,936.1,35.36,18246.39,True,10,24.079196837650223,0.5714285714285714,0.6025228551713968
ORD-640509,2022-04-24,00:30:48,Completed,Social Media,CUST-018891,Amy Hodges,53,Male,Business,Loyal,Daviston,New South Wales,Australia,East,47189,Credit Card,Paid,AUD,Express,WH-016,2.0,2.0,On Time,Not Returned,Not Applicable,3.5,Positive,Met my expectations. Would recommend.,Direct,Default_Campaign,SAVE40,49,15,6,454.12,61.790000000000006,39.23,67.53,499.09,203.35,228.21,45.73,14643.54,True,7,13.635004518915611,0.625,0.48340419144551544
ORD-454495,2024-06-28,04:25:54,Completed,Website,CUST-018263,Ashley Fry,68,Female,Consumer,Loyal,West Jessica,British Columbia,Canada,West,73948,PayPal,Paid,CAD,Standard,WH-010,4.0,4.0,On Time,Not Returned,Not Applicable,3.9,Positive,Met my expectations. Would recommend.,Instagram,Unknown Campaign,No Coupon,8,5,1,83.94,13.61,9.14,6.76,86.23,29.64,49.83,57.79,6408.280000000001,True,4,7.784712113631296,0.8928571428571428,0.21112719777794606
ORD-446176,2024-07-12,00:14:57,Completed,Mobile App,CUST-023743,Zachary Hansen,56,Male,Premium,Returning,Andrewfort,Michigan,USA,Central,30423,Debit Card,Paid,USD,Express,WH-009,2.0,2.0,On Time,Not Returned,Not Applicable,4.1,Positive,Good product. Works as expected.,Instagram,Insta_Influencer,No Coupon,161,28,4,2096.65,599.1899999999999,104.82,17.68,1619.96,1139.11,463.17,28.59,4668.01,True,3,21.355441223451017,0.6785714285714286,0.15358979352235957
ORD-239308,2025-03-10,05:34:14,Returned,Mobile App,CUST-020791,Kathleen Lopez,28,Male,Consumer,Loyal,East Brittany,Ohio,USA,Central,40087,Credit Card,Refunded,USD,Standard,WH-013,,,Cancelled,Returned,Wrong Product,,,,Direct,Default_Campaign,No Coupon,0,0,4,596.39,0.0,41.74,12.4,650.53,388.93,249.2,38.31,12599.51,True,10,14.815881365037933,0.1785714285714286,0.41582376977500085
ORD-962959,2021-11-21,00:32:29,Completed,Mobile App,CUST-010099,Cassandra Williams,31,Female,Consumer,Loyal,Stacyview,Texas,USA,South,7101,Credit Card,Paid,USD,Standard,WH-013,6.0,6.0,On Time,Not Returned,Not Applicable,3.4,Neutral,Mixed feelings about this purchase.,Direct,Default_Campaign,No Coupon,11,9,1,135.38,29.15,7.44,5.73,119.4,41.67,72.0,60.3,16004.06,True,8,9.213429114309806,0.2321428571428571,0.5283861708152744
ORD-372111,2024-09-18,01:37:11,Completed,Mobile App,CUST-004627,Mark Kim,42,Female,Consumer,Loyal,Garciaberg,Florida,USA,South,22633,Buy Now Pay Later,Paid,USD,Express,WH-008,5.0,2.0,Delayed,Not Returned,Not Applicable,3.7,Positive,Good product. Works as expected.,Instagram,Unknown Campaign,No Coupon,94,46,3,1046.0,198.31,59.34,36.03,943.06,609.2900000000001,297.74,31.57,13570.62,True,10,17.501853046073332,0.4285714285714286,0.44793094202220535
ORD-455792,2025-06-04,18:04:30,Returned,Website,CUST-003436,Laura Watson,60,Female,Consumer,Loyal,South Christinaton,California,USA,West,41775,Debit Card,Refunded,USD,Express,WH-001,,,Cancelled,Returned,Defective Product,,,,Direct,Unknown Campaign,No Coupon,0,0,2,471.26,0.0,32.99,14.5,518.75,231.02,273.23,52.67,16744.08,True,9,13.791138302099558,0.75,0.5528529661385398
ORD-104716,2025-11-23,17:36:54,Completed,Website,CUST-015278,Anthony Williams,25,Female,Consumer,Loyal,Espinozaview,Scotland,UK,North,58654,PayPal,Paid,GBP,Standard,WH-015,4.0,4.0,On Time,Not Returned,Not Applicable,3.9,Positive,Decent quality for the price.,Organic Search,Unknown Campaign,No Coupon,120,86,3,1812.84,815.64,199.44,4.63,1201.27,1024.32,172.32,14.34,4208.43,True,7,20.496656857079365,0.125,0.13839500176718228
ORD-213472,2025-12-06,20:40:12,Completed,Mobile App,CUST-004413,Bob Moore,62,Female,Business,Loyal,Catherinefurt,Ohio,USA,Central,66164,Credit Card,Paid,USD,Standard,WH-005,7.0,7.0,On Time,Not Returned,Not Applicable,3.4,Neutral,Product has some issues but it works.,Referral,Unknown Campaign,No Coupon,145,116,6,1863.88,513.65,94.51,12.27,1457.01,967.72,477.02,32.74,6295.37,True,8,20.65834559649866,0.7857142857142856,0.20739412859069448
ORD-339411,2022-05-16,14:17:38,Completed,Marketplace,CUST-010755,Elizabeth Howell,52,Female,Consumer,Loyal,Hernandezside,New York,USA,East,82262,Credit Card,Paid,USD,Standard,WH-019,3.0,3.0,On Time,Not Returned,Not Applicable,2.8,Neutral,Not what I expected but it's okay.,Organic Search,Default_Campaign,No Coupon,78,32,4,725.0,0.99,50.68,6.39,781.08,298.32,476.37,60.99,15208.23,True,13,15.70962085161904,0.6071428571428571,0.5020741661098417
ORD-921501,2024-11-22,13:24:40,Returned,Mobile App,CUST-024518,Andrea Hernandez,59,Female,VIP,Loyal,South Davidside,Florida,USA,South,26928,Digital Wallet,Refunded,USD,Standard,WH-002,,,Cancelled,Returned,Product Not as Expected,,,,Affiliate,Unknown Campaign,No Coupon,0,0,1,62.54,0.0,4.38,3.03,69.95,17.47,49.45,70.69,9704.19,True,10,6.981429773380247,0.7321428571428572,0.32009770583705754
ORD-814154,2022-12-07,17:37:07,Completed,Website,CUST-007901,Thomas Pratt,65,Male,Premium,Loyal,Port Kellyberg,North Rhine,Germany,West,88137,PayPal,Paid,EUR,Express,WH-005,3.0,3.0,On Time,Not Returned,Not Applicable,3.5,Positive,Decent quality for the price.,Google Ads,Unknown Campaign,No Coupon,211,1,6,2689.3100000000004,919.63,336.24,9.36,2115.28,1456.52,649.4,30.7,7844.65,True,6,22.895005939753574,0.8392857142857142,0.25861695589053585
ORD-809193,2023-03-18,12:12:28,Completed,Marketplace,CUST-022648,Matthew Ross,19,Male,Premium,Loyal,Port Nicolemouth,Pennsylvania,USA,East,73316,Credit Card,Pending,USD,Standard,WH-013,6.0,6.0,On Time,Not Returned,Not Applicable,3.2,Neutral,Average product. Could be better.,Organic Search,Unknown Campaign,No Coupon,92,29,4,890.0699999999999,50.31,58.78,23.39,921.93,380.65,517.89,56.17,6879.530000000001,True,6,16.693564783455816,0.01785714285714285,0.22670782707997686
ORD-779644,2025-02-13,11:28:46,Completed,Mobile App,CUST-020969,Gerald Hawkins,26,Male,Premium,Loyal,Annabury,Sharjah,UAE,North,38510,Credit Card,Pending,AED,Standard,WH-005,5.0,7.0,Early,Not Returned,Not Applicable,3.7,Positive,Met my expectations. Would recommend.,Google Ads,Google_Search_Q1,No Coupon,157,14,3,1534.44,52.8,74.08,22.0,1577.72,998.77,556.95,35.3,8665.8,True,7,19.54755978753266,0.14285714285714285,0.28576609912950157
ORD-957457,2022-03-22,04:59:52,Completed,Mobile App,CUST-004922,William Robinson,65,Female,Premium,Loyal,East Joannaland,California,USA,West,2558,Credit Card,Paid,USD,Standard,WH-010,6.0,6.0,On Time,Not Returned,Not Applicable,3.3,Neutral,Product has some issues but it works.,Direct,Unknown Campaign,No Coupon,165,83,8,1872.45,340.86,107.2,17.380000000000003,1656.1699999999998,949.6,689.1899999999999,41.61,4997.93,True,5,20.68516098682406,0.8392857142857142,0.16449772183923173
ORD-759153,2021-08-28,11:17:45,Completed,Mobile App,CUST-011705,Marie Compton,33,Male,VIP,Loyal,South Bruce,California,USA,West,1918,Credit Card,Pending,USD,Standard,WH-004,7.0,4.0,Delayed,Not Returned,Not Applicable,2.6,Neutral,Not what I expected but it's okay.,Google Ads,Google_Shopping,SAVE48,11,3,2,114.24,6.92,7.51,3.45,118.28,38.12,76.71,64.85,5032.81,True,7,8.687509746520597,0.2678571428571429,0.1656509363751571
ORD-153979,2023-11-26,00:54:06,Completed,Mobile App,CUST-015182,Taylor Greene,73,Female,Consumer,Loyal,South Joshuamouth,Florida,USA,South,94060,Credit Card,Paid,USD,Standard,WH-008,5.0,5.0,On Time,Not Returned,Not Applicable,3.5,Positive,Good value for money.,TikTok,Default_Campaign,SAVE10,68,63,5,1106.2,475.06,44.18,5.78,681.1,562.45,112.87,16.57,4575.02,True,6,17.789251948813888,0.9821428571428572,0.15051532621457
ORD-481597,2023-10-16,06:39:32,Returned,Marketplace,CUST-024990,Cody Liu,38,Male,VIP,Loyal,Lake Ericafurt,Florida,USA,South,49820,Credit Card,Refunded,USD,Standard,WH-006,,,Cancelled,Returned,Late Delivery,,,,Organic Search,Unknown Campaign,No Coupon,0,0,1,119.97,0.0,8.4,2.66,131.03,64.39,63.98,48.83,12493.22,True,8,8.836964853952768,0.3571428571428571,0.412309573300703
ORD-151892,2021-07-03,12:17:07,Completed,Website,CUST-021471,Amy Gibbs,30,Non-Binary,Consumer,Loyal,New Traceymouth,Texas,USA,South,95727,Credit Card,Paid,USD,Express,WH-019,2.0,2.0,On Time,Not Returned,Not Applicable,4.5,Positive,Absolutely love this product! Exceeded all expectations.,Organic Search,Default_Campaign,No Coupon,40,10,2,435.42,86.69999999999999,24.41,29.6,402.73,161.25,211.88,52.61,6460.22,True,6,13.459426178688652,0.2142857142857143,0.21284445589136244
ORD-354133,2023-12-26,17:21:18,Cancelled,Marketplace,CUST-011435,Randy Stewart,48,Non-Binary,Consumer,Loyal,Gomezburgh,Pennsylvania,USA,East,81933,Buy Now Pay Later,Failed,USD,Same Day,WH-009,,,Cancelled,Not Returned,Not Applicable,,,,Organic Search,Unknown Campaign,No Coupon,0,0,5,994.33,0.0,69.61,27.89,1091.83,385.59,678.35,62.13,7856.09,True,6,17.24489538043379,0.5357142857142857,0.2589951890984197
ORD-889131,2021-05-15,17:47:47,Completed,Mobile App,CUST-012686,Savannah Good,59,Male,Consumer,Loyal,Jenningsville,Texas,USA,South,62097,Buy Now Pay Later,Paid,USD,Standard,WH-014,7.0,7.0,On Time,Not Returned,Not Applicable,3.6,Positive,"Product is okay, nothing special but works.",YouTube,Unknown Campaign,No Coupon,47,34,2,539.9,105.62,30.4,5.65,470.33,315.96,148.72,31.62,9029.31,True,4,14.375936511142802,0.7321428571428572,0.29778459155938214
ORD-147892,2024-09-28,22:20:31,Completed,Website,CUST-020415,Paul Carter,34,Female,Premium,Loyal,Esparzaville,Northern Ireland,UK,West,3586,Debit Card,Paid,GBP,Standard,WH-013,7.0,4.0,Delayed,Not Returned,Not Applicable,3.6,Positive,Satisfied with the purchase.,Facebook Ads,Unknown Campaign,No Coupon,353,213,12,3589.99,644.78,589.03,3.5400000000000005,3537.78,1921.57,1612.67,45.58,13256.62,True,12,24.797776981071163,0.2857142857142857,0.4375493662114093
ORD-978457,2025-05-02,03:27:29,Completed,Mobile App,CUST-005256,Tiffany Cook,30,Female,Consumer,Loyal,Port Miguel,England,UK,North,3313,Buy Now Pay Later,Paid,GBP,Same Day,WH-019,1.0,1.0,On Time,Not Returned,Not Applicable,3.4,Neutral,Quality could be improved.,Organic Search,Default_Campaign,No Coupon,179,143,12,1573.12,118.2,290.99,44.89,1790.8000000000002,783.9499999999999,961.96,53.72,10360.02,True,6,19.686930696493363,0.2142857142857143,0.3417809824739824
ORD-567671,2021-07-01,00:29:33,Completed,Website,CUST-005803,Maria Howard,62,Male,Consumer,Loyal,South Erikamouth,Northern Ireland,UK,West,82413,Debit Card,Paid,GBP,Economy,WH-001,8.0,8.0,On Time,Not Returned,Not Applicable,3.8,Positive,Satisfied with the purchase.,Google Ads,Unknown Campaign,No Coupon,39,25,2,355.33000000000004,36.79,63.71,7.75,390.0,172.39999999999998,209.85,53.81,3765.49,True,4,12.6346908121038,0.7857142857142856,0.12375036740529044
ORD-199438,2023-10-18,20:39:12,Completed,Marketplace,CUST-005231,Beth Flores,26,Male,Consumer,Loyal,Port Chadburgh,Maharashtra,India,West,11410,PayPal,Paid,INR,Express,WH-004,2.0,2.0,On Time,Not Returned,Not Applicable,3.6,Positive,Met my expectations. Would recommend.,Referral,Unknown Campaign,SAVE34,496,458,8,4349.55,162.52,753.67,19.86,4960.56,2210.35,2730.35,55.04,16806.940000000002,True,8,26.13512459424722,0.14285714285714285,0.5549312650412999
ORD-897102,2024-12-17,02:58:17,Completed,Mobile App,CUST-024051,Donna Martin,66,Male,Consumer,Loyal,West Kaylabury,California,USA,West,53754,Cash on Delivery,Paid,USD,Express,WH-019,1.0,1.0,On Time,Not Returned,Not Applicable,2.8,Neutral,Mixed feelings about this purchase.,Email Marketing,Weekly_Newsletter,No Coupon,13,12,4,186.7,77.83,7.62,21.69,138.18,80.38000000000001,36.11,26.13,15094.4,True,12,10.268222159105749,0.8571428571428572,0.4983106795667114
ORD-662444,2022-06-29,15:08:29,Completed,Mobile App,CUST-009783,Claudia Stewart,55,Female,Consumer,Loyal,Sarahstad,California,USA,West,96681,Credit Card,Paid,USD,Economy,WH-016,10.0,10.0,On Time,Not Returned,Not Applicable,3.9,Positive,"Product is okay, nothing special but works.",Organic Search,Unknown Campaign,No Coupon,51,27,9,541.23,71.3,32.9,12.93,515.76,236.93,265.9,51.55,15134.41,True,10,14.386690807210941,0.6607142857142857,0.49963350392400424
ORD-395001,2025-05-22,04:31:12,Completed,Website,CUST-006422,Sharon Cook,38,Male,Consumer,Loyal,New Edgar,Florida,USA,South,21497,Digital Wallet,Paid,USD,Standard,WH-002,7.0,3.0,Delayed,Not Returned,Not Applicable,2.9,Neutral,Product has some issues but it works.,Instagram,Insta_Stories,No Coupon,99,98,8,1004.94,123.61,61.7,48.99,992.02,363.63000000000005,579.4,58.41,5493.79,True,5,17.298479728620617,0.3571428571428571,0.18089201541101949
ORD-243710,2021-08-24,09:35:50,Pending,Website,CUST-016648,Cynthia Thomas,33,Male,Premium,Loyal,Port Garrettfort,Georgia,USA,South,99554,PayPal,Failed,USD,Express,WH-018,,,Cancelled,Not Returned,Not Applicable,,,,Facebook Ads,FB_Prospecting,SAVE12,0,0,5,1120.0,144.32999999999998,68.3,26.25,1070.2199999999998,494.35,549.6199999999999,51.36,12709.55,True,12,17.85344007252748,0.2678571428571429,0.419461950036848
ORD-341636,2023-02-17,17:27:45,Cancelled,Website,CUST-014319,Michael Beard,36,Male,VIP,Returning,Markmouth,Ohio,USA,Central,44624,Bank Transfer,Failed,USD,Standard,WH-012,,,Cancelled,Not Returned,Not Applicable,,,,Direct,Default_Campaign,No Coupon,0,0,2,204.28,0.0,14.3,3.75,222.33,102.29,116.29,52.31,4024.63,True,3,10.57805731603417,0.3214285714285714,0.13231814306009843
ORD-169566,2021-12-22,05:32:18,Completed,Website,CUST-022184,Andrea Young,62,Male,Consumer,Loyal,Ryanland,Pennsylvania,USA,East,76733,Credit Card,Paid,USD,Standard,WH-013,5.0,5.0,On Time,Not Returned,Not Applicable,3.8,Positive,"Product is okay, nothing special but works.",Affiliate,Unknown Campaign,SAVE11,13,11,4,203.56,78.71,8.74,6.02,139.61,64.56,69.03,49.44,4967.44,True,8,10.565777011063513,0.7857142857142856,0.1634896509905974
ORD-929039,2025-09-12,12:51:15,Completed,Mobile App,CUST-000147,Brian Rivera,56,Female,Premium,Loyal,South Heidi,Georgia,USA,South,95139,Credit Card,Paid,USD,Same Day,WH-001,5.0,1.0,Delayed,Not Returned,Not Applicable,2.8,Neutral,Product has some issues but it works.,Direct,Default_Campaign,No Coupon,91,6,5,1015.67,202.35,56.94,43.98,914.24,580.52,289.74,31.69,5082.86,True,8,17.352231412311138,0.6785714285714286,0.16730570665964864
ORD-864270,2021-06-05,23:51:51,Pending,Social Media,CUST-012987,Madison Guerrero,25,Female,Consumer,Loyal,Andersonhaven,Northern Ireland,UK,West,84994,Credit Card,Failed,GBP,Standard,WH-015,,,Cancelled,Not Returned,Not Applicable,,,,Direct,Unknown Campaign,No Coupon,0,0,3,923.87,132.97,158.18,19.6,968.68,431.92,517.1600000000001,53.39,8683.5,True,8,16.877479290390067,0.125,0.28635130260673436
ORD-434232,2022-11-19,07:38:09,Cancelled,Website,CUST-011047,Christopher Wells,43,Male,Business,Returning,Michaelborough,Manitoba,Canada,Central,56735,Cash on Delivery,Failed,CAD,Same Day,WH-012,,,Cancelled,Not Returned,Not Applicable,,,,Affiliate,Unknown Campaign,SAVE18,0,0,3,1680.85,0.0,218.51,45.02,1944.38,687.01,1212.35,62.35,3366.25,True,3,20.061737120416353,0.4464285714285714,0.11055055744764
ORD-617905,2022-09-20,15:24:43,Completed,Mobile App,CUST-012258,Amy Green,59,Male,Consumer,Loyal,South Lisaburgh,Ohio,USA,Central,80865,Digital Wallet,Paid,USD,Standard,WH-012,8.0,5.0,Delayed,Not Returned,Not Applicable,2.5,Neutral,Quality could be improved.,Instagram,Unknown Campaign,No Coupon,205,35,3,2205.81,306.01,132.98,20.86,2053.64,1201.69,831.09,40.47,11373.85,True,7,21.662074816823846,0.7321428571428572,0.37530057802894873
ORD-915318,2023-03-11,10:33:06,Completed,Mobile App,CUST-010859,Samantha Nelson,65,Male,Business,Loyal,North Samuelshire,Illinois,USA,Central,11009,Digital Wallet,Pending,USD,Standard,WH-012,5.0,5.0,On Time,Not Returned,Not Applicable,3.9,Positive,Good product. Works as expected.,Email Marketing,Unknown Campaign,No Coupon,75,39,5,847.06,155.65,48.400000000000006,18.84,758.65,445.42,294.39,38.8,9860.66,True,7,16.451639733999734,0.8392857142857142,0.32527097070048194
ORD-422728,2021-11-25,05:23:24,Completed,Mobile App,CUST-005430,John Blake,38,Male,Consumer,Returning,Jamesberg,Queensland,Australia,North,46913,Cash on Delivery,Paid,AUD,Standard,WH-014,4.0,4.0,On Time,Not Returned,Not Applicable,3.8,Positive,Satisfied with the purchase.,Facebook Ads,Unknown Campaign,No Coupon,21,12,3,228.84,44.5,18.43,8.84,211.61,109.11,93.66,44.26,2085.42,True,2,10.978392220774634,0.3571428571428571,0.06820331621916235
ORD-735109,2022-02-02,20:51:56,Completed,Website,CUST-020001,Jeff Powell,54,Female,VIP,Loyal,Escobarborough,Pennsylvania,USA,East,12983,PayPal,Pending,USD,Standard,WH-014,6.0,3.0,Delayed,Not Returned,Not Applicable,3.4,Neutral,Average product. Could be better.,Organic Search,Unknown Campaign,SAVE12,58,54,5,662.6300000000001,124.29,37.69,6.39,582.4200000000001,257.06,318.97,54.77,8909.130000000001,True,6,15.292832166261396,0.6428571428571428,0.29381115913600164
ORD-299724,2022-03-30,05:47:52,Completed,Marketplace,CUST-023904,Holly Camacho,18,Female,Premium,Loyal,New Scott,North Carolina,USA,South,74504,Credit Card,Paid,USD,Standard,WH-001,7.0,7.0,On Time,Not Returned,Not Applicable,3.1,Neutral,Product has some issues but it works.,Direct,Unknown Campaign,No Coupon,65,0,5,670.54,84.01,41.06,26.56,654.15,347.86,279.73,42.76,12069.84,True,8,15.34731185915546,0.0,0.39831163837466843
ORD-647622,2021-06-24,08:15:45,Completed,Mobile App,CUST-022696,David Franco,64,Male,Consumer,Loyal,New Kim,Michigan,USA,Central,82573,Debit Card,Paid,USD,Express,WH-017,2.0,2.0,On Time,Not Returned,Not Applicable,3.7,Positive,Good value for money.,Organic Search,Default_Campaign,SAVE24,232,129,10,2255.01,106.54,150.39,24.38,2323.24,1052.58,1246.28,53.64,9279.16,True,6,21.796491112788356,0.8214285714285714,0.30604521804450124
ORD-317824,2021-03-22,02:19:18,Completed,Mobile App,CUST-012167,Kyle Joseph,28,Male,VIP,Loyal,Jeanbury,Michigan,USA,Central,62860,Buy Now Pay Later,Paid,USD,Express,WH-005,3.0,3.0,On Time,Not Returned,Not Applicable,3.1,Neutral,Not what I expected but it's okay.,Google Ads,Google_Shopping,No Coupon,371,169,9,4021.49,585.6,240.52,37.03,3713.44,2180.64,1495.77,40.28,6369.89,True,5,25.581404361474252,0.1785714285714286,0.2098579344168745
ORD-926563,2022-03-11,20:25:30,Completed,Marketplace,CUST-000002,Joseph James,61,Male,Consumer,Loyal,Lake Peter,Lower Saxony,Germany,North,47778,Credit Card,Paid,EUR,Standard,WH-001,7.0,7.0,On Time,Not Returned,Not Applicable,4.4,Positive,Good value for money.,Email Marketing,Unknown Campaign,No Coupon,44,39,2,439.72,77.72,68.78,10.17,440.9500000000001,230.4,200.38,45.44,18138.96,True,10,13.500303595119718,0.7678571428571428,0.5989709676256839
ORD-207116,2021-12-24,19:00:04,Cancelled,Marketplace,CUST-005175,Arthur Watson,49,Female,Consumer,Loyal,New Christian,Georgia,USA,South,14660,Debit Card,Failed,USD,Standard,WH-005,,,Cancelled,Not Returned,Not Applicable,,,,Affiliate,Unknown Campaign,SAVE34,0,0,2,714.95,0.0,50.04,30.26,795.25,380.63,384.36,48.33,7033.35,True,7,15.644366854707126,0.5535714285714286,0.23179347673353307
ORD-469918,2022-04-21,09:01:15,Completed,Website,CUST-005728,Miguel Acevedo,22,Female,Premium,Loyal,Port Allisonview,Victoria,Australia,South,63429,Cash on Delivery,Paid,AUD,Economy,WH-007,8.0,8.0,On Time,Not Returned,Not Applicable,3.6,Positive,Decent quality for the price.,Organic Search,Default_Campaign,No Coupon,341,135,12,3580.83,510.24,307.06,36.6,3414.25,1750.87,1626.7800000000002,47.65,17997.49,True,12,24.780377397764223,0.07142857142857145,0.5942936379124569
ORD-262756,2022-12-04,22:15:53,Completed,Mobile App,CUST-022936,Joshua Duke,56,Female,Premium,Returning,Whiteton,Abu Dhabi,UAE,South,96069,Buy Now Pay Later,Paid,AED,Standard,WH-011,6.0,6.0,On Time,Not Returned,Not Applicable,4.0,Positive,"Product is okay, nothing special but works.",Direct,Unknown Campaign,No Coupon,84,31,7,1075.32,296.94,38.91,26.47,843.76,488.4699999999999,328.82,38.97,1182.84,True,2,17.643367220864455,0.6785714285714286,0.03836190636149242
ORD-682911,2022-02-17,07:49:02,Completed,Mobile App,CUST-010623,Nicole Perkins,25,Male,Consumer,Loyal,West Lynn,California,USA,West,54281,Credit Card,Paid,USD,Express,WH-011,0.0,1.0,Early,Not Returned,Not Applicable,3.9,Positive,Met my expectations. Would recommend.,Referral,Friend_Invite,No Coupon,15,8,2,125.71,11.63,7.99,29.99,152.06,46.370000000000005,75.7,49.78,10696.39,True,9,8.981297861835328,0.125,0.35290216290543935
ORD-725134,2024-08-15,18:48:25,Pending,Website,CUST-019337,Randall Stanley,58,Female,Consumer,Loyal,Kristiside,Alberta,Canada,Central,81778,Credit Card,Pending,CAD,Express,WH-007,,,Cancelled,Not Returned,Not Applicable,,,,Facebook Ads,Unknown Campaign,No Coupon,0,0,1,882.09,169.99,92.57,17.13,821.8,495.49,309.18,37.62,9091.07,True,7,16.6493652124735,0.7142857142857142,0.299826521884461
ORD-656083,2024-09-21,20:13:19,Completed,Mobile App,CUST-020646,Tracy Wood,60,Male,Business,Loyal,Barkerhaven,South Australia,Australia,South,29561,Debit Card,Paid,AUD,Standard,WH-005,6.0,6.0,On Time,Not Returned,Not Applicable,3.8,Positive,Good value for money.,Facebook Ads,FB_Dynamic,No Coupon,97,42,6,1053.51,211.43,84.19999999999999,44.92,971.2,458.56000000000006,467.72,48.16,6047.22,True,8,17.538386831304837,0.75,0.19918970808926437
ORD-190974,2022-12-09,23:22:35,Cancelled,Mobile App,CUST-009038,Kelsey Martin,71,Female,Consumer,Loyal,Lake Matthew,New York,USA,East,90010,Buy Now Pay Later,Failed,USD,Standard,WH-008,,,Cancelled,Not Returned,Not Applicable,,,,Referral,Unknown Campaign,No Coupon,0,0,7,813.3299999999999,0.0,56.94,36.27,906.54,321.72,548.55,60.51,4384.56,True,5,16.255244518945023,0.9464285714285714,0.1442182723007986
ORD-391560,2024-04-05,01:33:30,Completed,Website,CUST-023925,Ernest Cole,66,Non-Binary,Consumer,Loyal,East Amberside,Baden-Württemberg,Germany,South,62553,Credit Card,Paid,EUR,Standard,WH-003,6.0,6.0,On Time,Not Returned,Not Applicable,3.4,Neutral,Not what I expected but it's okay.,Affiliate,Unknown Campaign,No Coupon,161,84,8,1370.91,41.17,252.66,29.71,1612.11,830.31,752.09,46.65,5007.34,True,6,18.92676225487197,0.8571428571428572,0.16480883849012215
ORD-358747,2023-04-13,05:38:43,Completed,Marketplace,CUST-016392,Lauren Flores,27,Male,Premium,Loyal,Jamesside,Georgia,USA,South,10791,Digital Wallet,Paid,USD,Economy,WH-019,7.0,7.0,On Time,Not Returned,Not Applicable,3.8,Positive,"Product is okay, nothing special but works.",Referral,Friend_Invite,No Coupon,158,57,5,1658.15,189.36,102.81,13.72,1585.32,742.49,829.11,52.3,18793.43,True,13,19.98432365187438,0.1607142857142857,0.6206092794756577
ORD-967890,2021-01-22,23:50:34,Completed,Mobile App,CUST-011410,Claudia Spence,21,Male,Premium,Loyal,North Justin,Illinois,USA,Central,60566,PayPal,Paid,USD,Express,WH-016,3.0,3.0,On Time,Not Returned,Not Applicable,3.2,Neutral,Product has some issues but it works.,Google Ads,Google_Display,No Coupon,81,41,9,915.42,181.35,51.38,27.62,813.0699999999999,385.44,400.01,49.2,9700.44,True,7,16.831989955521877,0.0535714285714286,0.31997372204950825
ORD-199083,2023-04-25,07:42:59,Completed,Mobile App,CUST-002595,Debra Davidson,70,Female,Premium,Loyal,New Williamton,Texas,USA,South,63754,Debit Card,Paid,USD,Express,WH-011,2.0,2.0,On Time,Not Returned,Not Applicable,3.5,Positive,Good value for money.,Instagram,Insta_Influencer,No Coupon,89,8,5,973.46,150.56,57.6,15.81,896.3100000000001,604.96,275.54,30.74,6303.6900000000005,True,7,17.13820375720295,0.9285714285714286,0.20766920728733726
ORD-178250,2025-01-22,06:47:28,Completed,Website,CUST-017964,Jodi Lane,20,Female,Consumer,Loyal,Mcdanielfurt,Ajman,UAE,North,12348,Debit Card,Paid,AED,Express,WH-012,1.0,1.0,On Time,Not Returned,Not Applicable,3.2,Neutral,Mixed feelings about this purchase.,Referral,Unknown Campaign,No Coupon,64,58,2,663.98,76.39,29.380000000000003,28.04,645.01,312.74,304.23,47.17,10467.14,True,6,15.302165326288021,0.0357142857142857,0.3453226206932578
ORD-232119,2024-06-09,16:22:30,Completed,Website,CUST-008174,Amber Buchanan,42,Male,Consumer,Returning,Port Jennifer,Florida,USA,South,63134,Credit Card,Paid,USD,Standard,WH-014,3.0,3.0,On Time,Not Returned,Not Applicable,3.6,Positive,Good product. Works as expected.,Direct,Unknown Campaign,No Coupon,25,9,2,250.58,23.95,15.87,11.83,254.33,145.87,96.63,37.99,4245.49,True,3,11.306164286989574,0.4285714285714286,0.13962029221160296
ORD-996506,2025-12-30,11:10:13,Pending,Website,CUST-019898,Melissa Leon,30,Female,VIP,Loyal,East Jeremy,England,UK,North,40669,Credit Card,Pending,GBP,Economy,WH-010,,,Cancelled,Not Returned,Not Applicable,,,,Direct,Unknown Campaign,SAVE18,0,0,8,580.1600000000001,78.27,100.39,2.72,605.0,220.22,382.06000000000006,63.15,12129.7,True,9,14.692870083980907,0.2142857142857143,0.400290750247389
ORD-392293,2025-10-31,15:24:34,Completed,Marketplace,CUST-013882,Lori Boyd,20,Female,Premium,Loyal,West Amy,North Carolina,USA,South,8764,Debit Card,Paid,USD,Standard,WH-011,4.0,4.0,On Time,Not Returned,Not Applicable,3.2,Neutral,Quality could be improved.,Google Ads,Unknown Campaign,No Coupon,112,78,2,1326.62,280.48,73.23,6.25,1125.62,787.0300000000001,332.34000000000003,29.53,7902.400000000001,True,5,18.748913348621954,0.0357142857142857,0.26052630621879536
ORD-299147,2024-11-13,11:08:48,Pending,Website,CUST-023528,Tammy Villegas,46,Female,Consumer,Loyal,Johnsonberg,Illinois,USA,Central,17490,PayPal,Paid,USD,Economy,WH-017,,,Cancelled,Not Returned,Not Applicable,,,,Affiliate,Influencer_Program,No Coupon,0,0,15,4797.24,1989.28,196.57,25.22,3029.75,2600.79,403.74,13.33,9432.48,True,8,26.841330494721788,0.5,0.31111433652638426
ORD-387866,2023-09-02,17:29:47,Cancelled,Mobile App,CUST-022039,Cynthia Cox,73,Female,Premium,Loyal,South Cynthia,California,USA,West,40990,PayPal,Failed,USD,Standard,WH-003,,,Cancelled,Not Returned,Not Applicable,,,,Direct,Default_Campaign,SAVE30,0,0,7,1601.67,0.0,112.12,15.81,1729.6,998.74,715.05,41.34,7748.26,True,7,19.78812775930516,0.9821428571428572,0.25543007661536826
ORD-585663,2025-06-30,08:47:07,Completed,Website,CUST-021262,Cindy Marshall,55,Male,Consumer,Loyal,South Laura,Florida,USA,South,34259,Buy Now Pay Later,Paid,USD,Same Day,WH-006,2.0,0.0,Delayed,Not Returned,Not Applicable,2.8,Neutral,Mixed feelings about this purchase.,Organic Search,Unknown Campaign,SAVE29,244,198,8,2499.61,252.02,157.34,44.57,2449.5,1289.85,1115.08,45.52,8709.05,True,9,22.433261135085242,0.6607142857142857,0.287196045479237
ORD-487423,2021-02-20,22:46:16,Completed,Social Media,CUST-017034,Andrew Butler,27,Male,Consumer,Loyal,New Timothymouth,England,UK,North,94689,Credit Card,Paid,GBP,Express,WH-012,1.0,1.0,On Time,Not Returned,Not Applicable,4.0,Positive,Good value for money.,Referral,Unknown Campaign,No Coupon,30,9,5,277.24,38.3,47.79,17.75,304.48,116.39,170.34,55.94,12579.7,True,10,11.679622624611742,0.1607142857142857,0.41516880475330703
ORD-839411,2022-03-04,03:29:39,Completed,Mobile App,CUST-011719,Paul Cannon,71,Male,Business,Loyal,Ariasburgh,Illinois,USA,Central,68372,Buy Now Pay Later,Paid,USD,Standard,WH-003,3.0,3.0,On Time,Not Returned,Not Applicable,3.4,Neutral,Average product. Could be better.,Instagram,Insta_Influencer,No Coupon,68,38,5,690.58,64.69,43.81,11.4,681.1,260.58000000000004,409.12,60.07,10532.01,True,7,15.48316663634532,0.9464285714285714,0.34746737490614427
ORD-850948,2021-10-27,18:29:15,Returned,Social Media,CUST-005339,Alejandro Taylor,19,Male,Premium,Loyal,Port Tammy,Michigan,USA,Central,33680,Credit Card,Refunded,USD,Standard,WH-003,,,Cancelled,Returned,Size Issue,,,,Instagram,Unknown Campaign,No Coupon,0,0,8,1699.48,0.0,118.97,29.8,1848.25,790.59,1027.86,55.61,15667.86,True,11,20.12467492865981,0.01785714285714285,0.5172706109821863
ORD-204969,2021-01-11,22:21:16,Completed,Website,CUST-016833,Jeremy Davis,40,Male,Business,Loyal,Longborough,Illinois,USA,Central,29366,Credit Card,Paid,USD,Standard,WH-001,3.0,3.0,On Time,Not Returned,Not Applicable,3.1,Neutral,Mixed feelings about this purchase.,Instagram,Insta_Reels,No Coupon,180,9,7,1735.1999999999998,78.74,115.96,33.04,1805.46,877.9799999999999,894.4399999999999,49.54,13903.8,True,9,20.24388538959993,0.3928571428571428,0.458946653578387
ORD-561477,2023-04-03,19:25:40,Completed,Website,CUST-015245,Charles Paul,19,Female,Consumer,Loyal,Matthewville,Sharjah,UAE,North,35167,Credit Card,Paid,AED,Standard,WH-009,6.0,6.0,On Time,Not Returned,Not Applicable,3.4,Neutral,Not what I expected but it's okay.,Organic Search,Unknown Campaign,No Coupon,98,41,4,1000.1,72.59,46.38,15.44,989.33,414.1,559.79,56.58,6621.650000000001,True,5,17.274089968716822,0.01785714285714285,0.21818170997778544
ORD-544068,2024-08-18,23:33:14,Cancelled,Mobile App,CUST-010780,Amber Young,63,Female,Consumer,Loyal,Lake Susan,New York,USA,East,3998,Debit Card,Failed,USD,Express,WH-006,,,Cancelled,Not Returned,Not Applicable,,,,Email Marketing,Unknown Campaign,SAVE36,0,0,11,2137.15,0.0,149.6,45.31,2332.0600000000004,1094.65,1192.1,51.12,7846.51,True,8,21.470602389373642,0.8035714285714286,0.25867845184916033
ORD-174630,2023-10-29,23:11:02,Completed,Marketplace,CUST-003959,Adam Parsons,65,Male,Premium,Loyal,Newtonhaven,Georgia,USA,South,32487,Cash on Delivery,Paid,USD,Standard,WH-010,11.0,7.0,Delayed,Not Returned,Not Applicable,3.5,Positive,Satisfied with the purchase.,Facebook Ads,Unknown Campaign,No Coupon,63,57,3,677.06,116.61,39.24,35.72,635.41,310.5,289.19,45.51,7364.059999999999,True,8,15.391849280322333,0.8392857142857142,0.24272752430164887
ORD-921513,2022-03-30,16:23:41,Completed,Marketplace,CUST-024876,Amy Garner,71,Female,Consumer,Returning,Mccallshire,Northern Ireland,UK,West,51419,Credit Card,Paid,GBP,Standard,WH-005,3.0,3.0,On Time,Not Returned,Not Applicable,3.1,Neutral,Quality could be improved.,Google Ads,Unknown Campaign,SAVE24,286,194,3,2533.89,166.82999999999998,473.41,22.83,2863.3,1334.74,1505.73,52.59,4713.6,True,3,22.518641972065403,0.9464285714285714,0.15509710575552582
ORD-333496,2025-11-05,00:36:34,Completed,Website,CUST-021541,Deborah Alexander,45,Male,Consumer,Loyal,Matthewport,New York,USA,East,47674,PayPal,Pending,USD,Express,WH-002,3.0,3.0,On Time,Not Returned,Not Applicable,4.6,Positive,Product arrived quickly and works perfectly.,Direct,Unknown Campaign,No Coupon,112,11,2,1286.78,248.84,72.66,15.25,1125.85,672.6,438.0,38.9,4448.08,True,5,18.5850068486876,0.4821428571428571,0.14631839235016725
ORD-380206,2022-08-24,12:58:47,Completed,Social Media,CUST-021969,Kelly Morgan,56,Female,Business,Loyal,West Georgeberg,England,UK,North,9914,Credit Card,Paid,GBP,Express,WH-011,2.0,2.0,On Time,Not Returned,Not Applicable,3.3,Neutral,Average product. Could be better.,Organic Search,Unknown Campaign,No Coupon,17,6,3,134.82999999999998,16.36,23.69,32.57,174.73,52.31,89.85,51.42,7857.320000000001,True,6,9.200572697650113,0.6785714285714286,0.25903585578073585
ORD-212401,2022-04-21,18:33:34,Completed,Mobile App,CUST-024919,Christopher Nelson,44,Male,Consumer,Loyal,Port Eric,England,UK,North,99024,Credit Card,Paid,GBP,Standard,WH-019,3.0,3.0,On Time,Not Returned,Not Applicable,4.1,Positive,Satisfied with the purchase.,YouTube,Unknown Campaign,No Coupon,266,104,12,2356.41,164.0,438.49,34.75,2665.65,1043.4299999999998,1587.47,59.55,5687.02,True,5,22.066588415024626,0.4642857142857143,0.1872806520158607
ORD-137343,2025-09-26,08:03:34,Completed,Mobile App,CUST-012448,Joe Zimmerman,62,Male,Consumer,Loyal,Michaelstad,Ohio,USA,Central,13841,Credit Card,Paid,USD,Standard,WH-011,10.0,7.0,Delayed,Not Returned,Not Applicable,2.7,Neutral,Product has some issues but it works.,Organic Search,Unknown Campaign,No Coupon,158,118,9,1730.19,306.42,99.66,62.64000000000001,1586.07,680.22,843.21,53.16,6517.02,True,5,20.22727917759338,0.7857142857142856,0.21472239699344278
ORD-630543,2025-10-27,08:41:45,Completed,Website,CUST-024153,Charles Martinez,38,Female,Consumer,Loyal,West Timothyport,Maharashtra,India,West,93517,Digital Wallet,Paid,INR,Same Day,WH-013,1.0,1.0,On Time,Not Returned,Not Applicable,3.6,Positive,Decent quality for the price.,Organic Search,Unknown Campaign,No Coupon,157,106,6,1451.23,141.51999999999998,235.75,30.76,1576.22,713.92,831.5400000000001,52.76,2841.24,True,4,19.238369074713784,0.3571428571428571,0.0931924965673022
ORD-391040,2023-11-02,01:11:53,Completed,Website,CUST-019630,Krista Flynn,57,Female,Consumer,Loyal,Christopherborough,Michigan,USA,Central,67909,PayPal,Paid,USD,Standard,WH-006,3.0,3.0,On Time,Not Returned,Not Applicable,3.7,Positive,"Product is okay, nothing special but works.",Organic Search,Default_Campaign,No Coupon,57,38,4,615.22,83.74000000000001,37.2,9.17,577.85,310.88,257.8,44.61,10629.009999999998,True,10,14.955427709829166,0.6964285714285714,0.35067442221075323
ORD-574505,2022-12-02,20:28:37,Completed,Website,CUST-000938,Alejandro Howard,44,Female,Business,Loyal,East Kellyborough,Florida,USA,South,83251,Digital Wallet,Paid,USD,Economy,WH-011,9.0,9.0,On Time,Not Returned,Not Applicable,4.0,Positive,Met my expectations. Would recommend.,Organic Search,Default_Campaign,SAVE12,162,127,5,2187.5,677.97,105.67,7.29,1622.49,1235.96,379.24,23.37,24263.13,True,9,21.611464923782524,0.4642857142857143,0.8014503788779236
ORD-808925,2021-01-09,06:19:01,Completed,Mobile App,CUST-013918,Gary Ramos,64,Male,Consumer,Loyal,Ashleyview,Hesse,Germany,Central,82401,Debit Card,Paid,EUR,Standard,WH-013,5.0,3.0,Delayed,Not Returned,Not Applicable,3.5,Positive,Good value for money.,TikTok,Unknown Campaign,No Coupon,335,115,10,3297.8500000000004,488.91,533.7,17.049999999999997,3359.69,1883.4,1459.24,43.43,9641.48,True,5,24.225247971900274,0.8214285714285714,0.3180243662857995
ORD-260449,2022-02-26,16:33:31,Completed,Website,CUST-011604,Dominique Lopez,35,Female,Consumer,Loyal,East Tamaratown,Michigan,USA,Central,5763,Credit Card,Paid,USD,Standard,WH-010,4.0,5.0,Early,Not Returned,Not Applicable,3.7,Positive,Good value for money.,Google Ads,Unknown Campaign,No Coupon,27,4,1,291.57,39.18,17.67,5.65,275.71,91.25,178.81,64.85,8895.869999999999,True,10,11.8691066838109,0.3035714285714286,0.2933727524632272
ORD-268437,2023-10-23,13:59:36,Completed,Website,CUST-000889,Emily Sanchez,73,Male,Consumer,Loyal,West Ashley,Wales,UK,West,58956,PayPal,Paid,GBP,Standard,WH-018,9.0,6.0,Delayed,Not Returned,Not Applicable,2.6,Neutral,Product has some issues but it works.,Organic Search,Default_Campaign,No Coupon,122,90,10,1074.95,88.29,197.32,37.92999999999999,1221.91,591.9,592.08,48.46,6746.01,True,6,17.641599913581924,0.9821428571428572,0.22229334299635423
ORD-194851,2023-04-09,16:11:04,Completed,Website,CUST-008550,Jacob Jenkins,24,Female,Business,Loyal,Sarahburgh,Northern Ireland,UK,West,90801,Digital Wallet,Paid,GBP,Standard,WH-009,5.0,5.0,On Time,Not Returned,Not Applicable,3.6,Positive,Satisfied with the purchase.,Instagram,Insta_Reels,No Coupon,56,42,8,515.1999999999999,52.66,92.51,12.739999999999998,567.79,241.84,313.21000000000004,55.16,6078.33,True,7,14.172427273249156,0.10714285714285715,0.20021827759077349
ORD-956362,2024-09-17,23:57:34,Completed,Mobile App,CUST-013865,Cesar Orozco,52,Non-Binary,Consumer,Loyal,Lake Rebeccaland,England,UK,North,34109,PayPal,Paid,GBP,Standard,WH-019,7.0,7.0,On Time,Not Returned,Not Applicable,3.7,Positive,"Product is okay, nothing special but works.",Direct,Default_Campaign,SAVE28,263,262,6,2500.08,323.43,435.33,24.880000000000003,2636.86,1089.66,1522.32,57.73,11632.44,True,10,22.43443780276529,0.6071428571428571,0.3838501693949162
ORD-285670,2024-08-05,04:33:25,Pending,Website,CUST-022774,Emily Baker,73,Male,Premium,Loyal,South Scott,Sharjah,UAE,North,62823,Debit Card,Pending,AED,Standard,WH-006,,,Cancelled,Not Returned,Not Applicable,,,,Referral,Unknown Campaign,No Coupon,0,0,3,316.64,69.39,12.36,34.23,293.84000000000003,170.17999999999998,89.42999999999999,30.43,14948.93,True,10,12.184111032211622,0.9821428571428572,0.4935011004800983
ORD-870854,2025-07-04,23:49:05,Completed,Mobile App,CUST-007955,Christopher Villa,40,Female,Consumer,Loyal,Snydershire,California,USA,West,47272,Digital Wallet,Paid,USD,Standard,WH-018,4.0,4.0,On Time,Not Returned,Not Applicable,3.9,Positive,"Product is okay, nothing special but works.",Facebook Ads,Unknown Campaign,No Coupon,70,0,5,876.24,251.55,43.73,32.83,701.25,423.23,245.19,34.96,7764.03,True,6,16.61676840127383,0.3928571428571428,0.2559514697699423
ORD-975024,2022-10-05,19:30:02,Cancelled,Marketplace,CUST-003703,Jerome Arnold,64,Male,Premium,Loyal,East Angela,British Columbia,Canada,West,37713,Digital Wallet,Failed,CAD,Express,WH-014,,,Cancelled,Not Returned,Not Applicable,,,,TikTok,Default_Campaign,No Coupon,0,0,1,217.38,0.0,28.26,14.71,260.35,97.45,148.19,56.92,4281.83,True,6,10.79590949185009,0.8214285714285714,0.14082177776881422
ORD-417190,2023-10-19,12:59:52,Completed,Mobile App,CUST-020640,Michael Baldwin,63,Female,Consumer,Loyal,Daybury,Illinois,USA,Central,6032,Bank Transfer,Paid,USD,Economy,WH-016,5.0,5.0,On Time,Not Returned,Not Applicable,3.7,Positive,Decent quality for the price.,Email Marketing,Abandoned_Cart,No Coupon,46,39,6,426.09,21.410000000000004,28.33,30.95,463.96,177.67,255.34,55.03,11297.66,True,9,13.369657464993288,0.8035714285714286,0.37278155808938007
ORD-139005,2022-02-02,16:52:27,Completed,Mobile App,CUST-010676,Ariel Mcmillan,23,Male,Premium,Loyal,Thomasmouth,North Rhine,Germany,West,90537,Buy Now Pay Later,Paid,EUR,Standard,WH-013,3.0,3.0,On Time,Not Returned,Not Applicable,3.5,Positive,Good product. Works as expected.,Google Ads,Unknown Campaign,SAVE16,137,68,8,1261.46,111.28,218.53,4.370000000000001,1373.08,603.78,764.9300000000001,55.71,12933.51,True,11,18.478807291680194,0.0892857142857143,0.4268665924527267
ORD-458567,2025-08-14,22:39:45,Completed,Marketplace,CUST-007705,Michael Walters,58,Female,Business,Loyal,Port Paul,Florida,USA,South,68979,Debit Card,Paid,USD,Standard,WH-016,7.0,7.0,On Time,Not Returned,Not Applicable,4.0,Positive,Satisfied with the purchase.,Email Marketing,Weekly_Newsletter,No Coupon,82,80,3,850.53,88.38,53.35,6.14,821.64,360.9,454.6,55.33,10767.7,True,6,16.47150237151622,0.7142857142857142,0.35525983860947724
ORD-551259,2023-08-24,05:12:48,Completed,Marketplace,CUST-014490,Michael Yoder,51,Male,Premium,Loyal,Stephaniemouth,British Columbia,Canada,West,12366,Cash on Delivery,Paid,CAD,Express,WH-003,6.0,3.0,Delayed,Not Returned,Not Applicable,3.2,Neutral,Quality could be improved.,Referral,Friend_Invite,No Coupon,354,308,11,3238.25,133.51,403.62,35.370000000000005,3543.73,1595.9499999999998,1912.41,53.97,11461.45,True,6,24.103709678799383,0.5892857142857143,0.3781968393061008
ORD-226098,2021-05-27,18:11:20,Completed,Marketplace,CUST-013640,Stephanie Harper,22,Male,Consumer,Loyal,Terranceville,South Australia,Australia,South,45415,Cash on Delivery,Paid,AUD,Express,WH-018,2.0,2.0,On Time,Not Returned,Not Applicable,3.5,Positive,"Product is okay, nothing special but works.",Instagram,Unknown Campaign,No Coupon,24,24,3,195.44,31.630000000000003,16.39,67.78999999999999,247.99,79.52000000000001,100.68,40.6,4669.8,True,6,10.42492629147706,0.07142857142857145,0.15364897511694978
ORD-929221,2023-02-27,18:15:39,Completed,Mobile App,CUST-020195,Lindsay Gonzalez,63,Male,VIP,Loyal,Kennethtown,Michigan,USA,Central,75374,Debit Card,Paid,USD,Express,WH-004,3.0,3.0,On Time,Not Returned,Not Applicable,3.8,Positive,Met my expectations. Would recommend.,Direct,Default_Campaign,No Coupon,112,24,2,1394.22,355.21,72.73,11.71,1123.45,660.32,451.42,40.18,5106.78,True,6,19.018603702202924,0.8035714285714286,0.16809655791249653
ORD-535647,2021-01-15,22:19:33,Completed,Mobile App,CUST-022121,Matthew Page,30,Female,Premium,Loyal,Johnsonview,Ohio,USA,Central,82960,Debit Card,Paid,USD,Express,WH-008,1.0,1.0,On Time,Not Returned,Not Applicable,4.0,Positive,Met my expectations. Would recommend.,Instagram,Insta_Influencer,No Coupon,144,46,6,1692.29,375.8,92.15,35.92,1444.56,874.3499999999999,534.29,36.99,9185.76,True,10,20.10044781055583,0.2142857142857143,0.3029571951759396
ORD-150750,2023-12-29,10:41:54,Completed,Mobile App,CUST-001776,Clarence Dawson,49,Female,Consumer,Loyal,Phelpsberg,North Rhine,Germany,West,94333,Credit Card,Paid,EUR,Economy,WH-011,5.0,5.0,On Time,Not Returned,Not Applicable,3.7,Positive,Satisfied with the purchase.,Affiliate,Unknown Campaign,No Coupon,55,42,5,586.55,146.13,83.69,28.71,552.8199999999999,246.69000000000003,277.42,50.18,11172.41,True,8,14.741612168462709,0.5535714285714286,0.36864049958523293
ORD-153098,2024-09-29,20:40:25,Returned,Mobile App,CUST-023472,Christina Castillo,26,Female,Business,Loyal,Clarktown,Queensland,Australia,North,28640,Digital Wallet,Refunded,AUD,Economy,WH-008,,,Cancelled,Returned,Size Issue,,,,Organic Search,Unknown Campaign,SAVE29,0,0,7,1356.74,0.0,135.68,73.14,1565.56,852.77,639.6500000000001,40.86,5719.24,True,6,18.870346600562453,0.14285714285714285,0.1883459207184844
ORD-293632,2022-08-14,06:22:54,Completed,Social Media,CUST-016873,Joshua Dudley,25,Male,Consumer,Loyal,Port Robertton,Manitoba,Canada,Central,35721,Debit Card,Paid,CAD,Economy,WH-017,6.0,6.0,On Time,Not Returned,Not Applicable,3.7,Positive,"Product is okay, nothing special but works.",Direct,Unknown Campaign,No Coupon,48,16,4,492.94,68.55,55.17,8.73,488.29,225.31,254.25,52.07,6358.3,True,10,13.98251874801551,0.125,0.20947474185748874
ORD-843310,2022-06-10,03:45:10,Completed,Social Media,CUST-019207,Becky Burgess,53,Male,Consumer,Loyal,Port Meganport,California,USA,West,78061,Credit Card,Paid,USD,Economy,WH-011,11.0,7.0,Delayed,Not Returned,Not Applicable,2.9,Neutral,Average product. Could be better.,Email Marketing,Unknown Campaign,No Coupon,117,102,4,1213.81,129.21,75.92,15.33,1175.85,554.61,605.9100000000001,51.53,10691.66,True,6,18.274441280434278,0.625,0.3527457780214105
ORD-247027,2024-06-27,22:53:20,Returned,Mobile App,CUST-009533,Amber Mendez,25,Female,VIP,Returning,Mckinneyhaven,New York,USA,East,61715,Cash on Delivery,Refunded,USD,Standard,WH-010,,,Cancelled,Returned,Wrong Product,,,,Instagram,Unknown Campaign,No Coupon,0,0,1,35.47,0.0,2.48,2.6,40.55,18.28,19.67,48.51,220.47,True,2,5.581370118809945,0.125,0.006543698995136198
ORD-855102,2022-04-09,15:53:05,Completed,Website,CUST-021910,Kari Hamilton,30,Female,Consumer,Loyal,Lake Michael,Illinois,USA,Central,18697,Digital Wallet,Paid,USD,Standard,WH-003,7.0,7.0,On Time,Not Returned,Not Applicable,3.6,Positive,Met my expectations. Would recommend.,Direct,Unknown Campaign,SAVE30,54,37,1,579.4,75.01,35.31,5.81,545.51,267.18,272.52,49.96,4334.54,True,5,14.687045594585591,0.2142857142857143,0.1425644938866074
ORD-394149,2024-12-16,23:28:10,Pending,Mobile App,CUST-000559,Chloe Berger,23,Female,Consumer,Loyal,South Shawnfort,Ohio,USA,Central,75731,Bank Transfer,Paid,USD,Standard,WH-004,,,Cancelled,Not Returned,Not Applicable,,,,Affiliate,Unknown Campaign,No Coupon,0,0,7,2063.86,733.8100000000001,93.1,36.04,1459.1899999999998,1180.99,242.16,16.6,9802.15,True,6,21.260949078458818,0.0892857142857143,0.32333649299127915
ORD-164916,2023-12-02,12:41:13,Completed,Marketplace,CUST-009656,Jessica Delacruz,47,Male,Business,Loyal,Port Markstad,Michigan,USA,Central,52792,Credit Card,Paid,USD,Standard,WH-005,6.0,4.0,Delayed,Not Returned,Not Applicable,3.1,Neutral,Mixed feelings about this purchase.,Organic Search,Unknown Campaign,No Coupon,28,24,4,389.46,150.13000000000002,16.759999999999998,29.72,285.81,163.76,92.33,32.3,8037.36,True,10,13.001956233076607,0.5178571428571428,0.2649884000768369
ORD-391136,2021-09-09,10:08:17,Completed,Website,CUST-003195,Michael Johnson,58,Female,Consumer,Loyal,South James,Lower Saxony,Germany,North,55304,PayPal,Paid,EUR,Economy,WH-015,5.0,5.0,On Time,Not Returned,Not Applicable,4.3,Positive,Met my expectations. Would recommend.,Google Ads,Google_Display,No Coupon,245,212,6,2476.0,434.25,387.93,27.44,2457.12,1207.77,1221.91,49.73,7064.759999999999,True,6,22.373933173719703,0.7142857142857142,0.23283196493804612
ORD-432500,2022-09-07,14:11:39,Completed,Website,CUST-007313,Matthew Dodson,49,Male,Consumer,Loyal,Allenstad,Illinois,USA,Central,77842,Buy Now Pay Later,Paid,USD,Express,WH-002,2.0,1.0,Delayed,Not Returned,Not Applicable,3.3,Neutral,Product has some issues but it works.,Instagram,Unknown Campaign,No Coupon,36,31,4,334.4,28.76,21.4,39.0,366.04,105.84,221.2,60.43,5323.66,True,5,12.39589106442296,0.5535714285714286,0.1752671189374821
ORD-672362,2024-01-14,15:52:54,Completed,Marketplace,CUST-022151,Daniel Thomas,60,Male,Consumer,Loyal,North Cindy,Northern Ireland,UK,West,86045,Credit Card,Paid,GBP,Express,WH-019,1.0,1.0,On Time,Not Returned,Not Applicable,4.2,Positive,Decent quality for the price.,Referral,Unknown Campaign,SAVE25,41,16,4,355.0,16.2,67.76,12.31,418.87,119.48,287.08,68.54,6869.63,True,7,12.631010342000408,0.75,0.22638050988084663
ORD-406748,2022-03-07,22:02:02,Completed,Mobile App,CUST-001145,Lori Gonzalez,45,Male,Consumer,Loyal,Lake Jessicaburgh,Illinois,USA,Central,25230,PayPal,Paid,USD,Same Day,WH-005,0.0,0.0,On Time,Not Returned,Not Applicable,3.5,Positive,Good product. Works as expected.,Facebook Ads,FB_Prospecting,No Coupon,56,47,2,539.08,33.94,35.36,23.64,564.14,246.78,293.72,52.07,4378.639999999999,True,7,14.369295931520181,0.4821428571428571,0.14402254322818736
ORD-650769,2021-06-28,08:18:53,Completed,Website,CUST-021875,Vickie Williams,22,Non-Binary,Consumer,Loyal,Dixonfurt,Scotland,UK,North,62120,Debit Card,Paid,GBP,Express,WH-016,3.0,3.0,On Time,Not Returned,Not Applicable,4.0,Positive,Satisfied with the purchase.,Affiliate,Unknown Campaign,No Coupon,116,90,5,1165.93,211.07,190.97000000000003,16.189999999999998,1162.0200000000002,496.54,649.2900000000001,55.88,7950.08,True,6,18.062805196379884,0.07142857142857145,0.2621027187495557
ORD-812509,2023-12-17,01:50:10,Completed,Mobile App,CUST-020943,Carl Vargas,40,Female,VIP,Loyal,Lake Susantown,Florida,USA,South,40166,Digital Wallet,Paid,USD,Express,WH-015,2.0,2.0,On Time,Not Returned,Not Applicable,3.5,Positive,Decent quality for the price.,Affiliate,Affiliate_Partner,No Coupon,86,44,10,1416.0500000000002,628.01,55.16,18.49,861.6899999999999,706.99,136.21,15.81,10982.05,True,7,19.10355402854573,0.3928571428571428,0.3623467519057961
ORD-494139,2021-10-15,02:34:46,Completed,Website,CUST-017058,Steven Phillips,51,Female,Business,Loyal,South Johnberg,Baden-Württemberg,Germany,South,87470,Credit Card,Paid,EUR,Standard,WH-008,5.0,5.0,On Time,Not Returned,Not Applicable,3.9,Positive,Decent quality for the price.,Affiliate,Affiliate_Partner,No Coupon,116,6,8,1104.98,146.37,182.14,27.14,1167.89,544.71,596.04,51.04,8920.09,True,8,17.78354790802156,0.5892857142857143,0.2941735224190791
ORD-286216,2023-04-11,21:49:45,Completed,Website,CUST-002678,Brandon Sanchez,68,Female,Business,Loyal,Dixonbury,New York,USA,East,2328,Debit Card,Paid,USD,Same Day,WH-009,1.0,1.0,On Time,Not Returned,Not Applicable,3.7,Positive,Met my expectations. Would recommend.,Facebook Ads,Unknown Campaign,No Coupon,196,176,6,2073.23,270.43,126.2,38.44,1967.44,1111.95,817.0500000000001,41.53,10639.65,True,9,21.288067552840324,0.8928571428571428,0.35102620554395986
ORD-302359,2023-08-10,23:45:56,Pending,Mobile App,CUST-015942,Courtney Murray,73,Female,Premium,Loyal,New Susanton,Baden-Württemberg,Germany,South,45267,Credit Card,Paid,EUR,Same Day,WH-013,,,Cancelled,Not Returned,Not Applicable,,,,Facebook Ads,FB_Dynamic,No Coupon,0,0,3,608.52,74.12,101.54,16.49,652.43,323.91,312.03,47.83,5459.67,True,7,14.906154594275666,0.9821428571428572,0.17976392825603743
ORD-809592,2021-05-27,13:26:53,Completed,Mobile App,CUST-012060,Jesus Newman,60,Female,Consumer,Loyal,New Ericbury,Pennsylvania,USA,East,98498,PayPal,Paid,USD,Standard,WH-004,6.0,6.0,On Time,Not Returned,Not Applicable,3.6,Positive,"Product is okay, nothing special but works.",Direct,Unknown Campaign,No Coupon,267,231,11,2671.6800000000003,206.35,172.56,39.97,2677.86,1329.5700000000002,1308.32,48.86,8403.47,True,8,22.853164157928344,0.75,0.2770928545994183
ORD-828454,2022-11-23,19:02:27,Completed,Social Media,CUST-000285,Maurice Gutierrez,74,Female,Premium,Loyal,East Jack,Ajman,UAE,North,81357,Cash on Delivery,Paid,AED,Standard,WH-014,10.0,6.0,Delayed,Not Returned,Not Applicable,3.5,Positive,Good product. Works as expected.,Google Ads,Unknown Campaign,No Coupon,135,131,10,2512.3100000000004,1243.96,63.42,26.42,1358.19,1245.29,86.47999999999999,6.37,5851.55,True,7,22.46499682707142,1.0,0.19272039936665777
ORD-142048,2021-04-19,11:05:17,Completed,Mobile App,CUST-004487,Charles Tucker,57,Female,Business,Loyal,Lake Timothy,Victoria,Australia,South,75752,Debit Card,Paid,AUD,Same Day,WH-007,0.0,0.0,On Time,Not Returned,Not Applicable,4.1,Positive,"Product is okay, nothing special but works.",Instagram,Insta_Reels,No Coupon,109,48,4,1101.41,175.75,92.57,76.22,1094.45,578.46,439.77,40.18,5471.5,True,4,17.766828831321575,0.6964285714285714,0.18015505577782634
ORD-242101,2024-10-25,18:44:07,Completed,Website,CUST-014179,Jessica Petty,74,Male,Premium,Loyal,Mezaborough,Wales,UK,West,57924,Credit Card,Paid,GBP,Standard,WH-012,4.0,3.0,Delayed,Not Returned,Not Applicable,2.9,Neutral,Product has some issues but it works.,Organic Search,Default_Campaign,No Coupon,74,73,3,733.93,133.22,120.14,19.51,740.3599999999999,468.75999999999993,252.09000000000003,34.05,10563.77,True,6,15.767024224598032,1.0,0.34851743493082865
ORD-121482,2023-07-19,08:57:51,Completed,Marketplace,CUST-004191,Kristen Hood,23,Male,Consumer,Loyal,Port Jillshire,Georgia,USA,South,62812,Debit Card,Paid,USD,Same Day,WH-015,0.0,0.0,On Time,Not Returned,Not Applicable,4.2,Positive,Good product. Works as expected.,Direct,Unknown Campaign,SAVE40,24,20,4,254.86,54.52,14.03,33.89,248.26,140.20999999999998,74.16,29.87,14023.53,True,10,11.368106774160111,0.0892857142857143,0.46290520794726164
ORD-414044,2025-03-11,23:38:01,Completed,Website,CUST-003291,Julie Gray,58,Female,Consumer,Loyal,South Anita,British Columbia,Canada,West,5935,Bank Transfer,Paid,CAD,Economy,WH-004,14.0,10.0,Delayed,Not Returned,Not Applicable,3.9,Positive,Met my expectations. Would recommend.,Organic Search,Unknown Campaign,SAVE49,45,24,6,402.16,54.41,45.2,66.18,459.13,163.73999999999998,229.21,49.92,6135.48,True,8,13.132330440489744,0.7142857142857142,0.20210779051302508
ORD-164721,2025-11-30,06:40:28,Completed,Website,CUST-017753,Michael Turner,74,Female,Consumer,Loyal,Joseton,Ohio,USA,Central,76885,Credit Card,Pending,USD,Standard,WH-015,3.0,3.0,On Time,Not Returned,Not Applicable,4.0,Positive,Met my expectations. Would recommend.,Google Ads,Google_Shopping,SAVE34,488,260,18,6681.030000000001,2149.4,317.23,36.91,4885.77,3675.4,1173.46,24.02,9773.3,True,5,29.35276858607984,1.0,0.32238264438573305
ORD-741784,2022-03-23,03:14:48,Completed,Mobile App,CUST-019185,Jeanette Dudley,47,Male,VIP,Loyal,Cunninghamtown,Michigan,USA,Central,66018,Cash on Delivery,Paid,USD,Standard,WH-015,6.0,5.0,Delayed,Not Returned,Not Applicable,3.2,Neutral,Mixed feelings about this purchase.,Direct,Default_Campaign,No Coupon,3,2,2,33.4,6.55,1.88,2.72,31.45,10.18,18.55,58.98,8983.4,True,10,5.443544263075997,0.5178571428571428,0.29626669937634503
ORD-671547,2024-12-06,14:02:43,Completed,Mobile App,CUST-024094,Derek Palmer,48,Female,Consumer,Loyal,Lindseystad,North Carolina,USA,South,93931,Cash on Delivery,Paid,USD,Standard,WH-008,5.0,5.0,On Time,Not Returned,Not Applicable,3.9,Positive,Satisfied with the purchase.,Referral,Unknown Campaign,No Coupon,54,18,7,622.85,126.89,34.72,12.45,543.13,307.06,223.62,41.17,5464.780000000001,True,6,15.011042414071703,0.5357142857142857,0.179932876830538
ORD-498133,2022-08-04,19:30:29,Cancelled,Mobile App,CUST-015277,Christopher Bates,56,Male,Consumer,Loyal,Nancyport,Pennsylvania,USA,East,87342,Debit Card,Failed,USD,Economy,WH-006,,,Cancelled,Not Returned,Not Applicable,,,,Direct,Default_Campaign,SAVE39,0,0,6,3026.12,0.0,211.83,32.1,3270.05,1717.07,1520.88,46.51,11599.55,True,9,23.656725926737966,0.6785714285714286,0.38276274892225026
ORD-994500,2022-11-19,23:29:41,Completed,Social Media,CUST-008216,Drew Stewart,22,Female,Consumer,Loyal,Nelsonmouth,Victoria,Australia,South,86384,Debit Card,Paid,AUD,Economy,WH-008,9.0,5.0,Delayed,Not Returned,Not Applicable,3.5,Positive,Decent quality for the price.,Organic Search,Unknown Campaign,No Coupon,23,21,2,353.12,142.22,21.09,5.11,237.1,162.1,69.89,29.48,10620.65,True,7,12.609992701631791,0.07142857142857145,0.35039802102037665
ORD-401668,2023-01-27,13:55:32,Completed,Marketplace,CUST-003532,Kimberly Mercado,22,Female,Premium,Loyal,Lorraineshire,Florida,USA,South,41449,Credit Card,Paid,USD,Standard,WH-005,4.0,4.0,On Time,Not Returned,Not Applicable,3.1,Neutral,Quality could be improved.,Google Ads,Unknown Campaign,No Coupon,138,65,8,1450.32,181.34,88.82000000000001,29.78,1387.58,613.78,744.02,53.62,23525.92,True,13,19.23491351232434,0.07142857142857145,0.7770764887394617
ORD-833218,2024-09-20,11:52:32,Completed,Website,CUST-019229,Andrew Coleman,35,Female,Consumer,Loyal,Kyleview,Scotland,UK,North,31515,Debit Card,Paid,GBP,Standard,WH-012,4.0,4.0,On Time,Not Returned,Not Applicable,4.3,Positive,"Product is okay, nothing special but works.",Affiliate,Influencer_Program,No Coupon,369,51,4,3394.78,325.67,613.8199999999999,8.19,3691.12,1709.03,1973.9,53.48,6794.37,True,4,24.41936719086837,0.3035714285714286,0.2238922379205902
ORD-167369,2024-04-13,09:31:23,Completed,Marketplace,CUST-009290,Sherry Patterson,52,Female,Premium,Loyal,Vanessafurt,England,UK,North,46817,Digital Wallet,Paid,GBP,Same Day,WH-005,1.0,1.0,On Time,Not Returned,Not Applicable,3.8,Positive,Good value for money.,Facebook Ads,Unknown Campaign,No Coupon,60,51,6,520.4,36.50999999999999,96.77,22.92,603.58,234.95,345.71,57.28,9572.8,True,10,14.215882490667834,0.6071428571428571,0.31575364454476296
ORD-583767,2022-03-03,09:09:09,Completed,Social Media,CUST-011899,Gina Cruz,19,Female,Premium,Loyal,South Josephmouth,Victoria,Australia,South,72515,Credit Card,Paid,AUD,Economy,WH-011,5.0,5.0,On Time,Not Returned,Not Applicable,3.6,Positive,Met my expectations. Would recommend.,YouTube,Unknown Campaign,SAVE26,408,34,5,4361.56,650.99,371.06,8.19,4089.82,2333.87,1747.76,42.73,8089.299999999999,True,5,26.15478034258514,0.01785714285714285,0.26670565819025327
ORD-356111,2025-07-08,05:07:15,Completed,Mobile App,CUST-009582,Crystal Cobb,58,Female,Premium,Loyal,West Jeffrey,Georgia,USA,South,33083,Credit Card,Paid,USD,Express,WH-009,3.0,1.0,Delayed,Not Returned,Not Applicable,2.8,Neutral,Not what I expected but it's okay.,Organic Search,Unknown Campaign,No Coupon,146,130,8,1804.16,453.7,94.52,15.32,1460.3000000000002,875.17,569.81,39.02,8280.95,True,7,20.468813888982144,0.7142857142857142,0.2730420562926071
ORD-805055,2024-12-22,09:24:33,Completed,Website,CUST-024780,Brandy Young,70,Female,Consumer,Loyal,New Gregory,North Rhine,Germany,West,96734,Debit Card,Paid,EUR,Standard,WH-015,4.0,4.0,On Time,Not Returned,Not Applicable,2.9,Neutral,Product has some issues but it works.,TikTok,Default_Campaign,No Coupon,20,12,4,243.82,76.2,31.840000000000003,9.2,208.66000000000005,72.81,126.65,60.7,6259.24,True,10,11.206659074654988,0.9285714285714286,0.206199586125586
ORD-651231,2025-01-16,10:55:43,Completed,Website,CUST-010421,Tony Jensen,57,Male,Consumer,Loyal,East Daniellechester,Texas,USA,South,842,Bank Transfer,Paid,USD,Standard,WH-008,6.0,6.0,On Time,Not Returned,Not Applicable,3.9,Positive,Good product. Works as expected.,Google Ads,Google_Shopping,No Coupon,203,60,8,2194.13,303.49,132.34,15.48,2038.46,1143.12,879.8599999999999,43.16,6328.700000000001,True,5,21.62982795088599,0.6964285714285714,0.20849609649443282
ORD-301654,2021-10-19,08:54:02,Completed,Mobile App,CUST-002694,Kathy Lyons,74,Male,Consumer,Loyal,North Amy,Michigan,USA,Central,49710,Debit Card,Paid,USD,Standard,WH-015,7.0,3.0,Delayed,Not Returned,Not Applicable,3.7,Positive,Decent quality for the price.,Organic Search,Unknown Campaign,No Coupon,318,305,11,3457.67,531.02,204.87,56.28,3187.8,1548.0000000000002,1583.52,49.67,10741.66,True,8,24.543056723463916,1.0,0.35439889518873474
ORD-478735,2024-10-27,12:33:46,Returned,Website,CUST-003209,Erika Adams,73,Female,Consumer,Loyal,North Roberttown,Texas,USA,South,9866,Cash on Delivery,Refunded,USD,Economy,WH-015,,,Cancelled,Returned,Defective Product,,,,Affiliate,Unknown Campaign,No Coupon,0,0,1,142.43,0.0,9.97,3.51,155.91,87.06,65.34,41.91,7262.26,True,8,9.37478552102695,0.9821428571428572,0.23936177774897682
ORD-212138,2025-05-08,00:44:18,Completed,Mobile App,CUST-014316,Andrew Warner,19,Female,Consumer,Loyal,New Adam,California,USA,West,13352,Credit Card,Paid,USD,Standard,WH-008,3.0,4.0,Early,Not Returned,Not Applicable,4.1,Positive,Satisfied with the purchase.,Referral,Referral_Program,No Coupon,52,39,2,503.26,20.1,33.82,11.92,528.9,258.59000000000003,258.39,48.85,4414.09,True,6,14.071361753396307,0.01785714285714285,0.14519460329982026
ORD-175212,2025-10-28,08:10:08,Completed,Website,CUST-007034,Katherine Kemp,68,Female,Consumer,Loyal,Delacruzmouth,Wales,UK,West,43511,Cash on Delivery,Paid,GBP,Express,WH-009,1.0,1.0,On Time,Not Returned,Not Applicable,3.7,Positive,Decent quality for the price.,Instagram,Unknown Campaign,No Coupon,491,383,7,4324.82,261.99,812.57,35.17,4910.57,2218.51,2656.89,54.11,13409.96,True,8,26.094519866475444,0.8928571428571428,0.4426191459401591
ORD-365289,2025-10-03,13:44:16,Completed,Social Media,CUST-014461,Tara Romero,40,Female,Consumer,Loyal,New Pamela,Manitoba,Canada,Central,28640,Cash on Delivery,Paid,CAD,Standard,WH-001,1.0,3.0,Early,Not Returned,Not Applicable,3.8,Positive,Satisfied with the purchase.,TikTok,Default_Campaign,No Coupon,213,42,12,1984.77,131.14,240.98,45.35,2139.96,1039.8200000000002,1054.79,49.29,9405.31,True,8,21.0282092656762,0.3928571428571428,0.31021603265766023
ORD-722443,2022-03-15,08:11:48,Completed,Website,CUST-010399,Bryan Kirby,34,Female,Consumer,Loyal,New Marieshire,Pennsylvania,USA,East,58289,Credit Card,Paid,USD,Standard,WH-006,5.0,6.0,Early,Not Returned,Not Applicable,4.3,Positive,Met my expectations. Would recommend.,Google Ads,Unknown Campaign,No Coupon,163,53,2,1582.89,67.23,106.1,12.07,1633.83,812.24,809.52,49.55,13831.58,True,13,19.721718103248342,0.2857142857142857,0.4565588911419039
ORD-225150,2025-12-06,14:11:16,Completed,Mobile App,CUST-009013,Sheri Allen,68,Male,Premium,Loyal,Kariview,England,UK,North,46429,Credit Card,Paid,GBP,Standard,WH-001,7.0,7.0,On Time,Not Returned,Not Applicable,3.0,Neutral,Mixed feelings about this purchase.,Direct,Unknown Campaign,No Coupon,84,60,4,948.46,246.55,140.38,3.5600000000000005,845.8499999999999,404.8,437.49,51.72,1455.1,True,4,17.008068247356007,0.8928571428571428,0.04736345996100627
ORD-744311,2023-06-23,08:06:46,Completed,Website,CUST-004504,Adam Cox,31,Female,Premium,Loyal,South Moniquemouth,Illinois,USA,Central,61122,Debit Card,Pending,USD,Standard,WH-008,1.0,3.0,Early,Not Returned,Not Applicable,4.1,Positive,"Product is okay, nothing special but works.",TikTok,Default_Campaign,No Coupon,203,17,11,2256.15,391.73,130.5,41.48,2036.4,981.0,1013.92,49.79,11792.57,True,12,21.79957890876739,0.2321428571428571,0.3891444424349887
ORD-590144,2023-11-10,15:56:10,Completed,Marketplace,CUST-019635,Ian Garcia,48,Male,Consumer,Loyal,Patriciaburgh,Northern Ireland,UK,West,84728,PayPal,Pending,GBP,Same Day,WH-015,0.0,0.0,Early,Not Returned,Not Applicable,3.1,Neutral,Mixed feelings about this purchase.,Organic Search,Unknown Campaign,No Coupon,119,27,3,1751.91,768.89,196.6,20.0,1199.62,1198.53,-18.91,-1.58,16031.12,True,9,20.299008518979804,0.5357142857142857,0.5292808378262303
ORD-905674,2023-05-06,17:21:02,Completed,Website,CUST-015647,Christopher Combs,70,Female,VIP,Loyal,Stewartville,Illinois,USA,Central,13633,PayPal,Paid,USD,Same Day,WH-003,0.0,1.0,Early,Not Returned,Not Applicable,3.9,Positive,"Product is okay, nothing special but works.",Google Ads,Unknown Campaign,No Coupon,34,15,2,345.69,62.45,19.83,42.27,345.34000000000003,169.47,133.60000000000002,38.69,5125.29,True,7,12.526080373085442,0.9285714285714286,0.16870854188783999
ORD-973924,2025-12-31,13:55:41,Completed,Website,CUST-005283,Jennifer Woods,21,Female,Business,Loyal,East Mark,Scotland,UK,North,43949,PayPal,Paid,GBP,Express,WH-001,1.0,1.0,On Time,Not Returned,Not Applicable,3.4,Neutral,Quality could be improved.,Google Ads,Unknown Campaign,SAVE40,61,57,5,696.99,215.06,96.38,32.85,611.1600000000001,285.73,292.58,47.87,6159.0,True,8,15.525983696213828,0.0535714285714286,0.2028854168285344
ORD-987944,2021-02-04,23:43:14,Cancelled,Website,CUST-016042,Amy Horne,64,Female,Business,Loyal,South Carolfort,California,USA,West,83244,Debit Card,Failed,USD,Express,WH-001,,,Cancelled,Not Returned,Not Applicable,,,,Organic Search,Unknown Campaign,No Coupon,0,0,4,427.62,0.0,29.93,20.74,478.29,195.91,261.64,54.7,4527.33,True,6,13.38448086112446,0.8214285714285714,0.14893858306037613
ORD-900764,2021-04-20,19:21:25,Completed,Mobile App,CUST-007410,Ronald Newman,22,Male,Consumer,Loyal,Sanchezchester,New York,USA,East,82467,PayPal,Paid,USD,Economy,WH-005,6.0,6.0,On Time,Not Returned,Not Applicable,3.6,Positive,Decent quality for the price.,Google Ads,Google_Search_Q1,No Coupon,12,0,2,141.78,24.7,8.2,4.02,129.3,71.28,54.0,41.76,9331.8,True,8,9.360167956613036,0.07142857142857145,0.3077856197982602
ORD-667753,2025-05-15,15:22:38,Completed,Mobile App,CUST-017400,Matthew Sutton,52,Male,VIP,Loyal,Danielport,British Columbia,Canada,West,85214,Credit Card,Paid,CAD,Same Day,WH-018,1.0,1.0,On Time,Not Returned,Not Applicable,4.5,Positive,Super satisfied with everything. Great value.,Instagram,Insta_Reels,No Coupon,140,139,7,1399.93,186.16000000000005,157.79,37.91,1409.47,677.1400000000001,694.4200000000001,49.27,7345.85,True,4,19.040921670263085,0.6071428571428571,0.24212545902930946
ORD-309792,2021-06-24,09:51:50,Pending,Website,CUST-005873,Shelby Garcia,74,Male,Consumer,Loyal,East Alexandershire,Ohio,USA,Central,81477,Bank Transfer,Failed,USD,Express,WH-017,,,Cancelled,Not Returned,Not Applicable,,,,Organic Search,Default_Campaign,No Coupon,0,0,1,93.72,6.74,6.09,15.23,108.3,30.72,62.35,57.57,3144.31,True,5,8.10007996967371,1.0,0.10321270096532124
ORD-979609,2024-12-19,13:21:11,Completed,Social Media,CUST-005214,Amy Smith,47,Male,Consumer,Loyal,Lake Laurenland,Ohio,USA,Central,97058,Digital Wallet,Paid,USD,Same Day,WH-009,0.0,0.0,On Time,Not Returned,Not Applicable,3.4,Neutral,Quality could be improved.,Direct,Default_Campaign,No Coupon,42,23,8,535.04,186.55,24.4,48.3,421.19,218.96,153.93,36.55,4633.16,True,7,14.336465555369555,0.5178571428571428,0.1524375708567346
ORD-716934,2021-11-30,17:10:55,Completed,Mobile App,CUST-003280,Kevin Mcmillan,26,Female,Premium,Loyal,South Michaelport,Western Australia,Australia,West,15745,Debit Card,Paid,AUD,Standard,WH-016,7.0,7.0,On Time,Not Returned,Not Applicable,3.6,Positive,Met my expectations. Would recommend.,Organic Search,Unknown Campaign,No Coupon,39,22,2,397.77,49.43,34.84,9.11,392.29,200.43,182.75,46.59,16533.95,True,11,13.087625237601848,0.14285714285714285,0.5459055759311431
ORD-248243,2025-12-12,19:39:06,Cancelled,Mobile App,CUST-016627,Kara Foster,60,Male,Consumer,Loyal,West Samantha,North Carolina,USA,South,13308,Credit Card,Failed,USD,Standard,WH-012,,,Cancelled,Not Returned,Not Applicable,,,,Referral,Unknown Campaign,No Coupon,0,0,8,1088.16,0.0,76.17,12.25,1176.58,459.24,705.0899999999999,59.93,9209.96,True,9,17.70441113850948,0.75,0.3037573038849245
ORD-754925,2022-12-25,01:49:53,Cancelled,Mobile App,CUST-023266,Danielle Blake,65,Female,Consumer,Loyal,Lake Aliciaburgh,Ontario,Canada,East,25098,PayPal,Failed,CAD,Economy,WH-011,,,Cancelled,Not Returned,Not Applicable,,,,Instagram,Unknown Campaign,No Coupon,0,0,3,283.18,0.0,36.81,11.1,331.09000000000003,140.29,179.7,54.28,10959.66,True,8,11.759055939886425,0.8392857142857142,0.36160648603826834
ORD-269227,2022-11-25,02:34:27,Completed,Marketplace,CUST-004013,Thomas Martin,52,Male,Consumer,Loyal,Karastad,Michigan,USA,Central,68119,Credit Card,Paid,USD,Same Day,WH-004,1.0,1.0,On Time,Not Returned,Not Applicable,3.6,Positive,Good product. Works as expected.,Facebook Ads,FB_Prospecting,No Coupon,106,104,11,1506.65,547.8299999999999,67.12,38.74,1064.6799999999998,689.6700000000001,336.27,31.58,18206.18,True,13,19.44575776534751,0.6071428571428571,0.6011934183454347
ORD-931212,2025-11-23,14:02:51,Completed,Mobile App,CUST-023291,Victor Townsend,21,Female,Consumer,Loyal,Lake Jodi,Ohio,USA,Central,12355,Debit Card,Pending,USD,Standard,WH-013,5.0,5.0,On Time,Not Returned,Not Applicable,3.6,Positive,Satisfied with the purchase.,Email Marketing,Unknown Campaign,No Coupon,57,8,6,734.24,209.29,36.75,12.170000000000002,573.87,269.02,292.68,51.0,10833.11,True,12,15.769007325410263,0.0535714285714286,0.3574224464877708
ORD-905550,2021-08-10,01:11:35,Returned,Website,CUST-021055,Marcus Gonzalez,18,Male,Consumer,Loyal,Michaelport,California,USA,West,80984,Credit Card,Refunded,USD,Express,WH-014,,,Cancelled,Returned,Wrong Product,,,,Instagram,Unknown Campaign,SAVE31,0,0,4,2030.62,0.0,142.14,29.14,2201.9,1046.72,1126.04,51.14,8162.860000000001,True,7,21.163979629250456,0.0,0.2691377241668207
ORD-884195,2023-11-12,03:50:51,Completed,Marketplace,CUST-008363,Kimberly Glover,55,Female,Consumer,Loyal,North Kevin,Georgia,USA,South,97113,Credit Card,Paid,USD,Standard,WH-001,7.0,7.0,On Time,Not Returned,Not Applicable,3.7,Positive,Good value for money.,Affiliate,Unknown Campaign,SAVE47,110,75,6,1653.1799999999998,651.82,70.10000000000001,30.47,1101.93,746.31,325.15,29.51,3860.4,True,5,19.96726637879401,0.6607142857142857,0.12688831441230528
ORD-218803,2021-11-09,03:39:09,Completed,Website,CUST-024419,Lindsey Davidson,21,Male,Consumer,Loyal,West Monique,California,USA,West,47392,Digital Wallet,Paid,USD,Standard,WH-017,5.0,5.0,On Time,Not Returned,Not Applicable,3.1,Neutral,Mixed feelings about this purchase.,TikTok,Default_Campaign,No Coupon,288,96,11,4378.400000000001,1701.1699999999998,187.4,24.19,2888.82,1873.02,991.61,34.33,14767.34,True,11,26.182271275507002,0.0535714285714286,0.4874973095518102
ORD-974126,2022-05-02,15:57:48,Completed,Marketplace,CUST-009300,Jessica Rowe,45,Male,Consumer,Loyal,West Emily,Hesse,Germany,Central,81127,Debit Card,Paid,EUR,Standard,WH-017,6.0,6.0,On Time,Not Returned,Not Applicable,3.4,Neutral,Average product. Could be better.,Google Ads,Unknown Campaign,No Coupon,52,49,3,469.81,38.56,81.94,7.699999999999999,520.89,222.32,290.87,55.84,10608.18,True,8,13.77809971743842,0.4821428571428571,0.349985733598846
ORD-579910,2021-05-03,16:47:43,Completed,Mobile App,CUST-019523,Brandon Ward,38,Female,Consumer,Returning,Kayleeton,Georgia,USA,South,36627,Credit Card,Paid,USD,Express,WH-016,3.0,3.0,On Time,Not Returned,Not Applicable,3.4,Neutral,Average product. Could be better.,Google Ads,Unknown Campaign,No Coupon,715,578,13,6758.32,125.31,464.31,60.06,7157.380000000001,4196.039999999999,2901.28,40.54,8534.640000000001,True,3,29.44353113946566,0.3571428571428571,0.2814296421761767
ORD-693191,2022-04-08,20:40:06,Completed,Social Media,CUST-022118,Lori Cunningham,66,Male,Premium,Loyal,West Jenniferton,Bavaria,Germany,South,40410,Debit Card,Paid,EUR,Economy,WH-016,5.0,5.0,On Time,Not Returned,Not Applicable,3.2,Neutral,Mixed feelings about this purchase.,Organic Search,Default_Campaign,No Coupon,161,160,9,1387.5800000000002,48.56999999999999,254.41,20.0,1613.4199999999998,757.75,835.6700000000001,51.79,8403.63,True,6,18.992562583045306,0.8571428571428572,0.2770981445743537
ORD-478936,2021-03-26,01:04:05,Completed,Marketplace,CUST-001047,Carrie Hatfield,45,Male,VIP,Loyal,Sarahfort,California,USA,West,99710,Digital Wallet,Paid,USD,Economy,WH-018,8.0,8.0,On Time,Not Returned,Not Applicable,4.1,Positive,Decent quality for the price.,TikTok,Unknown Campaign,No Coupon,287,57,4,2969.84,306.91,186.4,21.8,2871.13,1605.02,1244.3100000000002,43.34,9011.76,True,8,23.534123007107777,0.4821428571428571,0.2972043474336513
ORD-548183,2024-10-05,06:53:29,Cancelled,Social Media,CUST-012327,Rachel Howard,26,Non-Binary,Consumer,Loyal,Lake Michaelland,Alberta,Canada,Central,62779,Digital Wallet,Failed,CAD,Standard,WH-009,,,Cancelled,Not Returned,Not Applicable,,,,Facebook Ads,Unknown Campaign,No Coupon,0,0,5,1339.8,0.0,174.17,29.04,1543.01,834.4200000000001,679.5500000000001,44.04,12481.23,True,12,18.802307516848774,0.14285714285714285,0.41191315580397864
ORD-905258,2025-11-24,13:31:27,Completed,Mobile App,CUST-009614,Brandon Oconnor,39,Male,Consumer,Loyal,West Dylanville,Northern Ireland,UK,West,38331,Cash on Delivery,Paid,GBP,Express,WH-006,3.0,3.0,On Time,Not Returned,Not Applicable,3.4,Neutral,Mixed feelings about this purchase.,Organic Search,Unknown Campaign,No Coupon,157,65,13,2099.0,828.28,254.15,46.95,1571.8200000000002,986.04,538.83,34.28,15584.98,True,6,21.36216974443393,0.375,0.5145304039656297
ORD-306362,2021-07-03,11:33:12,Completed,Mobile App,CUST-015733,Matthew Wilcox,50,Male,Business,Loyal,Lake Shelbyport,New South Wales,Australia,East,94086,Credit Card,Paid,AUD,Economy,WH-016,7.0,7.0,On Time,Not Returned,Not Applicable,2.9,Neutral,Not what I expected but it's okay.,Email Marketing,Unknown Campaign,SAVE19,2,2,4,25.84,7.05,1.88,5.43,26.1,10.24,10.43,39.96,22104.53,True,11,4.876679240859984,0.5714285714285714,0.7300820045302022
ORD-276497,2022-11-04,11:16:06,Completed,Website,CUST-024142,Danielle Johnson,24,Female,Consumer,Loyal,Wallfurt,New York,USA,East,18761,Bank Transfer,Paid,USD,Economy,WH-018,7.0,5.0,Delayed,Not Returned,Not Applicable,3.3,Neutral,Not what I expected but it's okay.,Referral,Unknown Campaign,No Coupon,428,42,7,5119.339999999999,1131.37,279.16,13.29,4280.419999999999,2494.1600000000003,1772.97,41.42,12371.04,True,11,27.318800328893825,0.10714285714285715,0.4082700161906296
ORD-361716,2024-07-31,18:43:41,Completed,Mobile App,CUST-005473,Molly Anderson,68,Male,Consumer,Loyal,North Thomas,Wales,UK,West,85678,Debit Card,Paid,GBP,Standard,WH-018,7.0,3.0,Delayed,Not Returned,Not Applicable,3.3,Neutral,Quality could be improved.,Google Ads,Unknown Campaign,No Coupon,404,39,13,4087.99,741.97,669.21,24.81,4040.04,1945.25,2069.98,51.24,10170.58,True,4,25.696370476167026,0.8928571428571428,0.3355176521504244
ORD-740992,2021-12-23,16:22:48,Completed,Website,CUST-001634,Lisa Clayton,47,Male,Premium,Loyal,West Reginaldhaven,New York,USA,East,82980,Debit Card,Paid,USD,Same Day,WH-015,0.0,0.0,On Time,Not Returned,Not Applicable,3.2,Neutral,Quality could be improved.,Email Marketing,Promo_Email,No Coupon,84,22,14,1217.14,468.66,52.400000000000006,48.36,849.24,595.8399999999999,205.04,24.14,12975.42,True,9,18.288921036352484,0.5178571428571428,0.4282522352623778
ORD-788776,2023-11-26,22:14:00,Completed,Website,CUST-015426,Aaron Sullivan,50,Male,Premium,Loyal,Martinstad,Northern Ireland,UK,West,89460,Debit Card,Paid,GBP,Standard,WH-011,3.0,3.0,On Time,Not Returned,Not Applicable,4.1,Positive,Decent quality for the price.,Direct,Default_Campaign,No Coupon,129,112,12,1914.69,863.31,210.28,31.48,1293.14,764.6700000000001,496.99000000000007,38.43,6507.830000000001,True,5,20.815973037398923,0.5714285714285714,0.2144185540580886
ORD-463250,2024-03-23,11:27:42,Completed,Website,CUST-012580,Molly Carrillo,32,Male,Consumer,Loyal,Richardsville,Michigan,USA,Central,21098,Credit Card,Pending,USD,Standard,WH-014,6.0,6.0,On Time,Not Returned,Not Applicable,4.0,Positive,Met my expectations. Would recommend.,Direct,Default_Campaign,No Coupon,24,11,1,270.24,47.07,15.62,5.98,244.77,123.14,115.65,47.25,13411.57,True,11,11.584324010235417,0.25,0.442672376312947
ORD-550396,2025-12-31,23:53:46,Cancelled,Mobile App,CUST-004698,Matthew Rivera,42,Female,VIP,Loyal,Port Autumn,North Carolina,USA,South,63975,Debit Card,Failed,USD,Standard,WH-012,,,Cancelled,Not Returned,Not Applicable,,,,Organic Search,Default_Campaign,No Coupon,0,0,2,595.8,0.0,41.71,6.15,643.66,328.04,309.47,48.08,18362.46,True,11,14.811454777551655,0.4285714285714286,0.6063604013636232
ORD-817562,2022-10-07,06:23:04,Completed,Mobile App,CUST-002950,Shane Williams,62,Male,Premium,Loyal,Sloantown,Ohio,USA,Central,86173,Credit Card,Paid,USD,Standard,WH-003,4.0,4.0,On Time,Not Returned,Not Applicable,4.3,Positive,"Product is okay, nothing special but works.",Organic Search,Unknown Campaign,SAVE20,44,31,2,506.12,97.4,28.61,3.42,440.75,253.42,183.91,41.73,9745.71,True,10,14.095735915409266,0.7857142857142856,0.3214704543328035
ORD-487852,2023-03-03,04:12:31,Completed,Website,CUST-016605,Melissa Le,37,Male,Consumer,Loyal,Stevenburgh,Abu Dhabi,UAE,South,61403,Cash on Delivery,Paid,AED,Standard,WH-013,3.0,4.0,Early,Not Returned,Not Applicable,4.1,Positive,"Product is okay, nothing special but works.",Facebook Ads,Unknown Campaign,No Coupon,71,51,6,690.12,32.85,32.87,28.06,718.2,297.27,392.87,54.7,4370.900000000001,True,7,15.480082277655253,0.3392857142857143,0.1437666406906856
ORD-901796,2023-08-01,10:09:39,Completed,Website,CUST-011741,Ryan Brown,45,Female,Premium,Returning,Port Jeremiah,Ontario,Canada,East,19668,PayPal,Paid,CAD,Express,WH-013,3.0,3.0,On Time,Not Returned,Not Applicable,3.3,Neutral,Quality could be improved.,YouTube,Unknown Campaign,No Coupon,99,6,4,953.68,94.12,111.74,18.72,990.02,439.71,531.5899999999999,53.69,3425.4300000000003,True,3,17.035455609462552,0.4821428571428571,0.11250718692688495
ORD-260438,2021-09-06,06:07:29,Completed,Marketplace,CUST-001725,Cody Powell,35,Male,Premium,Loyal,East Jeremyburgh,Ohio,USA,Central,96187,Debit Card,Pending,USD,Economy,WH-015,8.0,8.0,On Time,Not Returned,Not Applicable,3.7,Positive,Satisfied with the purchase.,Instagram,Unknown Campaign,No Coupon,29,9,1,291.89,16.99,19.24,0.8399999999999999,294.98,126.34,167.8,56.89,12249.74,True,10,11.873255834360622,0.3035714285714286,0.40425955394270097
ORD-269774,2021-06-16,08:12:08,Completed,Marketplace,CUST-000683,Carol Jackson,53,Male,Consumer,Returning,Moniqueport,Scotland,UK,North,36081,Debit Card,Paid,GBP,Standard,WH-011,7.0,7.0,On Time,Not Returned,Not Applicable,3.4,Neutral,Product has some issues but it works.,Email Marketing,Abandoned_Cart,No Coupon,212,15,4,1816.0,62.09,350.78,17.77,2122.46,1004.99,1099.7,51.81,7041.05,True,3,20.506767895775184,0.625,0.232048056777301
ORD-639875,2025-03-04,02:13:38,Completed,Mobile App,CUST-003839,Kenneth Lawson,23,Female,Premium,Loyal,Warrenbury,Florida,USA,South,26030,Digital Wallet,Paid,USD,Standard,WH-001,5.0,5.0,On Time,Not Returned,Not Applicable,4.3,Positive,Decent quality for the price.,Facebook Ads,FB_Retargeting,No Coupon,32,24,3,364.86,67.18,20.84,3.2300000000000004,321.75,123.12,195.4,60.73,8655.95,True,9,12.739866599253084,0.0892857142857143,0.28544043504753874
ORD-936387,2025-11-21,13:01:38,Pending,Mobile App,CUST-004510,Jennifer Duke,48,Female,Consumer,Loyal,Mckayshire,Georgia,USA,South,20281,Credit Card,Pending,USD,Standard,WH-007,,,Cancelled,Not Returned,Not Applicable,,,,Referral,Referral_Program,No Coupon,0,0,8,2363.7200000000003,477.05,132.07,18.15,2036.89,1197.15,821.5899999999999,40.34,15900.39,True,10,22.085713583024543,0.5357142857142857,0.5249585976805443
ORD-643649,2022-10-05,05:53:51,Completed,Mobile App,CUST-000803,Ronald Williams,46,Male,Premium,Loyal,Teresabury,New York,USA,East,85384,Credit Card,Paid,USD,Standard,WH-010,7.0,7.0,On Time,Not Returned,Not Applicable,3.5,Positive,"Product is okay, nothing special but works.",Direct,Unknown Campaign,No Coupon,253,220,5,2677.5200000000004,327.41,164.50000000000003,17.01,2531.6200000000003,1458.27,1056.34,41.73,8838.28,True,6,22.867047748615242,0.5,0.2914686921099032
ORD-392877,2023-11-24,06:39:06,Completed,Mobile App,CUST-013468,Mikayla Washington,37,Female,Consumer,Loyal,South Amandaborough,Ohio,USA,Central,48229,PayPal,Paid,USD,Economy,WH-014,10.0,10.0,On Time,Not Returned,Not Applicable,4.1,Positive,Satisfied with the purchase.,Organic Search,Default_Campaign,No Coupon,130,121,4,1452.64,259.42,83.52000000000001,25.5,1302.24,756.3900000000001,520.3499999999999,39.96,10291.58,True,8,19.243720022629308,0.3392857142857143,0.339518195695349
ORD-233567,2022-12-09,23:37:10,Completed,Website,CUST-021067,Alicia Acevedo,73,Male,Consumer,Loyal,Port Amandashire,Georgia,USA,South,27909,Credit Card,Paid,USD,Same Day,WH-001,1.0,1.0,On Time,Not Returned,Not Applicable,3.6,Positive,Satisfied with the purchase.,Affiliate,Unknown Campaign,No Coupon,43,28,4,423.91,48.94,26.24,30.43,431.64,162.99,238.22,55.19,9120.87,True,8,13.348465989496352,0.9821428571428572,0.3008117797161863
ORD-780341,2024-12-15,17:01:08,Completed,Website,CUST-020936,Gary Fritz,35,Female,Consumer,Loyal,Karenstad,New York,USA,East,47241,Debit Card,Paid,USD,Same Day,WH-018,1.0,1.0,On Time,Not Returned,Not Applicable,4.6,Positive,Best purchase I've made this year!,Organic Search,Default_Campaign,SAVE19,47,32,3,694.32,270.26,29.68,24.11,477.85,337.5,116.24,24.33,1584.4900000000002,True,4,15.508185607980403,0.3035714285714286,0.0516413965666079
ORD-337609,2023-09-23,16:32:24,Completed,Marketplace,CUST-002443,Bobby Williamson,26,Male,Consumer,Loyal,South Derekmouth,Northern Ireland,UK,West,87233,Debit Card,Paid,GBP,Express,WH-014,3.0,3.0,On Time,Not Returned,Not Applicable,4.4,Positive,Good product. Works as expected.,Email Marketing,Weekly_Newsletter,No Coupon,63,13,5,603.49,89.83,102.74,15.26,631.66,293.91,322.49,51.05,13309.69,True,8,14.868889310804349,0.14285714285714285,0.4393039847728072
ORD-156979,2022-10-19,21:55:54,Returned,Mobile App,CUST-005703,Daisy Newman,65,Female,Premium,Loyal,New Joseph,Dubai,UAE,South,74429,Debit Card,Refunded,AED,Economy,WH-013,,,Cancelled,Returned,Damaged Product,,,,Instagram,Insta_Influencer,No Coupon,0,0,3,555.48,0.0,27.77,47.81,631.0600000000001,266.35,316.90000000000003,50.22,7750.87,True,8,14.50066439773482,0.8392857142857142,0.25551636933150257
ORD-955727,2025-08-30,16:49:33,Completed,Mobile App,CUST-013339,Jessica Wells,18,Female,Consumer,Loyal,East Joshua,Georgia,USA,South,68592,Credit Card,Paid,USD,Economy,WH-012,7.0,7.0,On Time,Not Returned,Not Applicable,3.9,Positive,Satisfied with the purchase.,Facebook Ads,Unknown Campaign,No Coupon,241,211,7,2665.53,420.0799999999999,157.18,15.78,2418.41,1305.67,1096.96,45.36,13143.9,True,9,22.83851845585276,0.0,0.4338225788693935
ORD-685863,2023-05-14,18:53:34,Completed,Mobile App,CUST-003710,Danielle Boyle,33,Male,Consumer,Loyal,Sueside,Quebec,Canada,East,5866,Cash on Delivery,Pending,CAD,Standard,WH-015,6.0,6.0,On Time,Not Returned,Not Applicable,4.0,Positive,Good product. Works as expected.,TikTok,Unknown Campaign,No Coupon,98,95,9,1024.62,170.78,111.0,20.61,985.45,508.35,456.49,46.32,15782.44,True,11,17.396734668493174,0.2678571428571429,0.5210588942828265
ORD-474355,2024-01-11,00:18:48,Completed,Website,CUST-006737,Christopher Wang,55,Male,Business,Loyal,Jeremystad,Bavaria,Germany,South,50164,Debit Card,Paid,EUR,Economy,WH-002,7.0,7.0,On Time,Not Returned,Not Applicable,3.8,Positive,"Product is okay, nothing special but works.",TikTok,Unknown Campaign,No Coupon,313,78,6,2720.03,97.11,498.36,11.42,3132.7,1543.64,1577.64,50.36,5272.24,True,4,22.9674154940881,0.6607142857142857,0.17356705324260585
ORD-887582,2023-02-02,23:12:04,Completed,Website,CUST-007618,Alexis Wilson,62,Male,Premium,Loyal,North Juan,Western Australia,Australia,West,40132,PayPal,Paid,AUD,Standard,WH-018,5.0,5.0,On Time,Not Returned,Not Applicable,4.0,Positive,"Product is okay, nothing special but works.",Google Ads,Unknown Campaign,No Coupon,214,172,6,2158.32,240.64000000000004,191.78,39.7,2149.16,1239.9800000000002,869.48,40.46,23095.93,True,10,21.5301352937391,0.7857142857142856,0.7628600117239069
ORD-552770,2022-11-26,02:30:13,Completed,Mobile App,CUST-009661,Andre Carter,68,Male,Premium,Loyal,East Stephenfort,Pennsylvania,USA,East,96275,Credit Card,Pending,USD,Standard,WH-003,4.0,4.0,On Time,Not Returned,Not Applicable,4.0,Positive,Decent quality for the price.,Google Ads,Google_Display,No Coupon,146,40,13,2116.98,764.3599999999999,94.67,19.05,1466.34,854.92,592.3700000000001,40.4,25039.81,True,16,21.413460130473233,0.8928571428571428,0.8271292397082711
ORD-503125,2024-08-31,22:17:32,Completed,Website,CUST-010683,Amanda James,29,Female,Consumer,Loyal,West Donald,Scotland,UK,North,81591,Credit Card,Paid,GBP,Express,WH-007,5.0,3.0,Delayed,Not Returned,Not Applicable,3.4,Neutral,Product has some issues but it works.,Direct,Unknown Campaign,No Coupon,173,56,7,1710.9,290.97,284.0,32.989999999999995,1736.92,976.29,727.64,41.89,10564.64,True,6,20.162994467247888,0.1964285714285714,0.34854619916954005
ORD-751071,2024-04-15,17:22:14,Cancelled,Marketplace,CUST-002519,Andrew Whitaker,41,Male,Consumer,Loyal,West Charlesville,Manitoba,Canada,Central,77374,PayPal,Failed,CAD,Standard,WH-019,,,Cancelled,Not Returned,Not Applicable,,,,Organic Search,Unknown Campaign,No Coupon,0,0,4,509.01,0.0,66.17,14.62,589.8000000000001,253.55,321.63,54.53,8142.26,True,5,14.120258870296244,0.4107142857142857,0.26845663989388313
ORD-543749,2022-10-24,07:42:12,Completed,Website,CUST-009729,Haley Wilson,48,Male,Premium,Loyal,East Linda,Hesse,Germany,Central,15491,Digital Wallet,Paid,EUR,Standard,WH-003,5.0,5.0,On Time,Not Returned,Not Applicable,3.5,Positive,Decent quality for the price.,Google Ads,Unknown Campaign,No Coupon,148,98,5,1450.7400000000002,225.18,232.85,27.25,1485.66,732.26,726.15,48.88,10274.6,True,8,19.236508593479197,0.5357142857142857,0.3389567971053257
ORD-849644,2023-02-09,08:49:28,Pending,Website,CUST-011087,Victoria Leach,37,Non-Binary,Premium,Loyal,Laurieside,New York,USA,East,72406,Digital Wallet,Pending,USD,Standard,WH-013,,,Cancelled,Not Returned,Not Applicable,,,,Organic Search,Unknown Campaign,No Coupon,0,0,8,1539.9699999999998,78.64,102.29,19.29,1582.91,685.44,878.1800000000001,55.48,8362.94,True,7,19.567648954223856,0.3392857142857143,0.27575283782358534
ORD-431308,2024-04-19,00:04:13,Cancelled,Website,CUST-006686,Jeremy Aguirre,40,Male,Premium,Loyal,Debrafort,California,USA,West,54044,Debit Card,Failed,USD,Express,WH-011,,,Cancelled,Not Returned,Not Applicable,,,,YouTube,Unknown Campaign,No Coupon,0,0,5,844.8199999999999,0.0,59.14,13.01,916.97,429.17,474.79,51.78,10004.74,True,10,16.438784633107925,0.3928571428571428,0.33003459312984346
ORD-309091,2022-11-13,21:42:11,Returned,Mobile App,CUST-008377,David Phillips,70,Male,Premium,Returning,Jamesfort,Michigan,USA,Central,14447,Digital Wallet,Refunded,USD,Express,WH-003,,,Cancelled,Returned,Product Not as Expected,,,,Affiliate,Affiliate_Partner,No Coupon,0,0,8,1011.46,0.0,70.8,30.28,1112.54,356.18,726.0799999999999,65.26,3432.28,True,3,17.331193581639187,0.9285714285714286,0.11273366397880838
ORD-247833,2025-01-18,22:52:56,Completed,Marketplace,CUST-005485,Stuart Horn,20,Male,Consumer,Loyal,North Toni,Uttar Pradesh,India,North,80756,Cash on Delivery,Paid,INR,Economy,WH-019,9.0,9.0,On Time,Not Returned,Not Applicable,3.4,Neutral,Product has some issues but it works.,Referral,Unknown Campaign,No Coupon,17,12,1,160.38,11.22,26.85,2.09,178.1,85.26,90.75,50.95,2991.0200000000004,True,6,9.759636205422309,0.0357142857142857,0.09814457435373866
ORD-672250,2022-05-24,07:38:56,Completed,Website,CUST-002421,James Hawkins,26,Female,Consumer,Loyal,Josephville,Pennsylvania,USA,East,64608,Credit Card,Paid,USD,Standard,WH-005,3.0,3.0,On Time,Not Returned,Not Applicable,3.9,Positive,Good value for money.,Google Ads,Unknown Campaign,SAVE32,257,225,8,2730.56,331.90000000000003,167.91,12.14,2578.71,1618.32,948.25,36.77,6787.24,True,4,22.99209147055531,0.14285714285714285,0.22365650341252977
ORD-759813,2025-05-16,16:19:55,Completed,Website,CUST-019269,Marcia Black,58,Male,Consumer,Loyal,West David,North Carolina,USA,South,3644,Credit Card,Paid,USD,Standard,WH-001,9.0,6.0,Delayed,Not Returned,Not Applicable,3.0,Neutral,Mixed feelings about this purchase.,Facebook Ads,Unknown Campaign,No Coupon,69,42,4,717.8499999999999,78.95,44.72,12.48,696.0999999999999,443.58,240.04,34.48,3205.94,True,5,15.66326807283718,0.7142857142857142,0.10525033318576509
ORD-174205,2023-01-23,21:48:24,Completed,Website,CUST-005444,Dennis Reed,60,Non-Binary,Business,Loyal,Brittanystad,Scotland,UK,North,67501,PayPal,Pending,GBP,Express,WH-004,1.0,1.0,On Time,Not Returned,Not Applicable,3.4,Neutral,Mixed feelings about this purchase.,Facebook Ads,FB_Dynamic,No Coupon,158,109,9,1532.82,242.44,258.07,33.52,1581.97,738.3,810.1500000000001,51.21,19060.72,True,9,19.541664219080214,0.75,0.6294465132287395
ORD-409536,2024-06-18,07:35:46,Completed,Website,CUST-008544,Emily Montoya,70,Male,Premium,Loyal,New Markton,Bavaria,Germany,South,19246,Debit Card,Paid,EUR,Economy,WH-015,8.0,8.0,On Time,Not Returned,Not Applicable,3.9,Positive,Satisfied with the purchase.,Instagram,Insta_Stories,No Coupon,32,28,4,366.52,91.8,52.2,0.0,326.92,148.56,178.36,54.56,6171.56,True,7,12.757971155012395,0.9285714285714286,0.20330067986096625
ORD-258283,2023-02-23,06:50:05,Completed,Social Media,CUST-017446,Rebecca Marshall,19,Female,Consumer,Loyal,Lewismouth,California,USA,West,88007,Debit Card,Paid,USD,Standard,WH-005,6.0,6.0,On Time,Not Returned,Not Applicable,3.5,Positive,Decent quality for the price.,Facebook Ads,FB_Prospecting,No Coupon,177,21,6,1834.6,194.55,114.8,23.83,1778.6800000000003,967.22,787.63,44.28,5067.2300000000005,True,4,20.56601079067505,0.01785714285714285,0.1667889422331431
ORD-500393,2024-11-12,13:08:42,Completed,Website,CUST-020231,Reginald Williams,24,Female,VIP,Loyal,West Justin,Alberta,Canada,Central,64788,Credit Card,Paid,CAD,Express,WH-003,3.0,3.0,On Time,Not Returned,Not Applicable,3.6,Positive,Good value for money.,Facebook Ads,FB_Dynamic,No Coupon,73,24,6,1325.01,702.03,80.99,28.89,732.86,525.4499999999999,178.51999999999998,24.36,10115.31,True,8,18.742363197082973,0.10714285714285715,0.3336902964336642
ORD-571922,2025-08-11,05:03:05,Completed,Mobile App,CUST-009505,Kevin Randall,29,Non-Binary,VIP,Loyal,Millerchester,Scotland,UK,North,43197,Credit Card,Paid,GBP,Express,WH-006,1.0,1.0,On Time,Not Returned,Not Applicable,4.3,Positive,Good product. Works as expected.,Organic Search,Unknown Campaign,No Coupon,335,219,6,3018.36,243.21,555.03,28.160000000000004,3358.34,1787.3900000000003,1542.7900000000002,45.94,9192.71,True,9,23.63992550371984,0.1964285714285714,0.30318697846219766
ORD-287136,2021-05-27,19:04:00,Completed,Mobile App,CUST-001521,Alejandro Butler,62,Female,Consumer,Loyal,South Carlos,California,USA,West,1235,Cash on Delivery,Paid,USD,Same Day,WH-006,0.0,0.0,On Time,Not Returned,Not Applicable,3.7,Positive,Decent quality for the price.,Organic Search,Unknown Campaign,SAVE20,130,94,6,1252.53,70.74,82.73,38.34,1302.86,797.3499999999999,467.17,35.86,7681.969999999999,True,6,18.440962919502102,0.7857142857142856,0.25323837387492976
ORD-818533,2023-07-20,21:32:17,Completed,Marketplace,CUST-006067,Michael Jimenez,21,Female,Business,Loyal,Tamaraburgh,Michigan,USA,Central,82145,Debit Card,Paid,USD,Standard,WH-014,3.0,3.0,On Time,Not Returned,Not Applicable,3.4,Neutral,Mixed feelings about this purchase.,Organic Search,Unknown Campaign,No Coupon,129,46,5,1514.05,322.04,83.44,17.18,1292.63,1013.01,262.44,20.3,8900.79,True,11,19.473005401548466,0.0535714285714286,0.293535419192492
ORD-238036,2024-09-06,18:39:37,Completed,Marketplace,CUST-008359,Meghan Patrick,45,Male,Consumer,Loyal,Wandaborough,New York,USA,East,70764,Digital Wallet,Paid,USD,Standard,WH-006,4.0,4.0,On Time,Not Returned,Not Applicable,4.1,Positive,Good product. Works as expected.,Organic Search,Unknown Campaign,No Coupon,244,173,5,2582.96,331.72,157.59,35.59,2444.42,1584.17,824.66,33.74,3009.33,True,4,22.639334221255538,0.4821428571428571,0.09874994586041277
ORD-735633,2021-03-08,19:16:53,Completed,Mobile App,CUST-024292,Isaiah Simmons,63,Male,Business,Loyal,Port Shawnview,Scotland,UK,North,79326,Debit Card,Paid,GBP,Standard,WH-010,6.0,6.0,On Time,Not Returned,Not Applicable,3.6,Positive,Good value for money.,Organic Search,Unknown Campaign,SAVE44,105,59,3,925.95,52.6,174.67000000000002,10.21,1058.2299999999998,472.5,575.5200000000001,54.39,4064.53,True,7,16.88862778293616,0.8035714285714286,0.13363733055962315
ORD-409403,2024-08-27,12:17:15,Completed,Website,CUST-020024,Rebecca Scott,40,Non-Binary,Consumer,Loyal,Lake Samuelstad,New South Wales,Australia,East,22598,PayPal,Paid,AUD,Same Day,WH-017,1.0,1.0,On Time,Not Returned,Not Applicable,3.6,Positive,"Product is okay, nothing special but works.",Facebook Ads,FB_Dynamic,No Coupon,22,0,2,179.05,12.71,16.63,44.27,227.24,98.11,84.86000000000001,37.34,6991.379999999999,True,6,10.126382493000703,0.3928571428571428,0.23040585018328108
ORD-128296,2023-01-31,17:13:32,Completed,Website,CUST-017408,Michael Cohen,22,Male,Consumer,Loyal,New Valeriestad,Dubai,UAE,South,32807,Credit Card,Paid,AED,Standard,WH-015,7.0,7.0,On Time,Not Returned,Not Applicable,3.8,Positive,Met my expectations. Would recommend.,Direct,Unknown Campaign,No Coupon,58,45,4,579.29,47.69,26.58,24.4,582.58,238.91,319.27,54.8,8027.6,True,10,14.686202091897533,0.07142857142857145,0.26466571160577523
ORD-621190,2025-06-02,18:42:16,Completed,Mobile App,CUST-024522,Mike Melendez,28,Female,Premium,Loyal,South Jose,North Carolina,USA,South,99613,Debit Card,Paid,USD,Express,WH-017,3.0,3.0,On Time,Not Returned,Not Applicable,3.8,Positive,Met my expectations. Would recommend.,Facebook Ads,Unknown Campaign,No Coupon,47,41,4,502.82,69.74000000000001,30.31,15.8,479.19,237.77,225.62,47.08,4787.08,True,6,14.067602475842884,0.1785714285714286,0.15752652674462547
ORD-877538,2022-06-29,09:37:12,Completed,Mobile App,CUST-007354,Michele Tran,33,Male,Premium,Loyal,East Jennifer,Ohio,USA,Central,59061,PayPal,Paid,USD,Standard,WH-004,4.0,4.0,On Time,Not Returned,Not Applicable,3.7,Positive,Satisfied with the purchase.,Facebook Ads,FB_Dynamic,No Coupon,45,35,7,503.7000000000001,88.06,29.090000000000003,6.529999999999999,451.26,227.16000000000005,217.57,48.21,9328.5,True,4,14.075118515465434,0.2678571428571429,0.3076765140652168
ORD-133699,2025-11-16,10:26:40,Completed,Mobile App,CUST-014691,Jessica Conrad,57,Male,Consumer,Loyal,Port Thomas,New York,USA,East,39313,Credit Card,Paid,USD,Economy,WH-008,12.0,9.0,Delayed,Not Returned,Not Applicable,2.8,Neutral,Product has some issues but it works.,Google Ads,Google_Shopping,No Coupon,180,34,12,2569.78,899.31,116.93,16.03,1803.43,1264.35,523.05,29.0,4111.12,True,6,22.60709041067621,0.6964285714285714,0.13517770513613586
ORD-362517,2024-09-07,22:18:16,Completed,Website,CUST-011451,James Bates,66,Male,Consumer,Loyal,Lake Tammystad,Northern Ireland,UK,West,20031,Cash on Delivery,Paid,GBP,Express,WH-003,3.0,3.0,On Time,Not Returned,Not Applicable,3.8,Positive,Good value for money.,Organic Search,Unknown Campaign,No Coupon,55,37,5,552.61,119.55,86.62,31.56,551.24,235.15,284.53,51.62,10090.39,True,8,14.477891251535178,0.8571428571428572,0.33286638283746983
ORD-561013,2021-12-29,01:49:36,Completed,Mobile App,CUST-021233,Alicia Sanchez,57,Male,Consumer,Loyal,Lake Stephaniechester,North Carolina,USA,South,1206,Credit Card,Paid,USD,Economy,WH-013,5.0,5.0,On Time,Not Returned,Not Applicable,3.9,Positive,Met my expectations. Would recommend.,Direct,Unknown Campaign,No Coupon,104,21,10,1444.06,512.07,65.24000000000001,47.79,1045.02,744.76,252.47,24.16,7458.03,True,7,19.21109718595858,0.6964285714285714,0.24583439270591806
ORD-644772,2021-09-24,03:25:50,Completed,Website,CUST-015645,Maria Nunez,73,Male,VIP,Loyal,Curtisfort,Texas,USA,South,62915,Debit Card,Paid,USD,Standard,WH-017,3.0,3.0,On Time,Not Returned,Not Applicable,4.3,Positive,Satisfied with the purchase.,Email Marketing,Promo_Email,No Coupon,32,31,6,358.45,81.18,19.4,27.27,323.94,189.28000000000003,107.39,33.15,13448.43,True,4,12.669359292541447,0.9821428571428572,0.4438910542886984
ORD-304827,2025-01-25,17:16:49,Completed,Marketplace,CUST-022017,Jay Melendez,19,Male,Business,Loyal,Wutown,Sharjah,UAE,North,53202,Buy Now Pay Later,Paid,AED,Same Day,WH-018,0.0,0.0,Early,Not Returned,Not Applicable,4.1,Positive,Met my expectations. Would recommend.,Google Ads,Unknown Campaign,No Coupon,133,110,6,1341.19,121.35,61.0,49.88,1330.72,691.64,589.1999999999999,44.28,13997.03,True,10,18.807915141722603,0.01785714285714285,0.4620290558485798
ORD-973231,2021-05-12,06:03:39,Completed,Website,CUST-015769,David Robinson,31,Female,Consumer,Loyal,Cainmouth,Georgia,USA,South,81134,Debit Card,Paid,USD,Same Day,WH-006,0.0,0.0,On Time,Not Returned,Not Applicable,3.7,Positive,Decent quality for the price.,Referral,Unknown Campaign,No Coupon,63,7,4,586.26,20.06,39.63,27.04,632.87,287.52,318.31,50.3,14747.09,True,13,14.739408915196464,0.2321428571428571,0.4868277970990439
ORD-391635,2022-04-30,04:59:12,Completed,Website,CUST-024884,Candace Flores,61,Non-Binary,Consumer,Loyal,Amymouth,Georgia,USA,South,4462,Credit Card,Paid,USD,Express,WH-018,5.0,3.0,Delayed,Not Returned,Not Applicable,3.5,Positive,Met my expectations. Would recommend.,YouTube,Default_Campaign,No Coupon,38,34,4,374.0,41.73,23.26,24.87,380.4,169.56,185.97,48.89,15242.68,True,10,12.838780471415893,0.7678571428571428,0.5032131638381281
ORD-550397,2022-12-16,14:46:51,Completed,Website,CUST-013241,Jeremy Powell,67,Male,Premium,Loyal,New Trevorshire,England,UK,North,96099,Buy Now Pay Later,Paid,GBP,Same Day,WH-003,1.0,1.0,On Time,Not Returned,Not Applicable,4.0,Positive,Met my expectations. Would recommend.,Organic Search,Unknown Campaign,No Coupon,32,16,3,358.41,102.45,51.19,17.21,324.36,190.74,116.41,35.89,4983.66,True,4,12.668916289526114,0.875,0.16402592219967738
ORD-978124,2024-11-13,14:28:25,Completed,Website,CUST-012227,Christopher Esparza,49,Male,Premium,Loyal,Kylemouth,North Carolina,USA,South,97918,Credit Card,Paid,USD,Standard,WH-007,2.0,4.0,Early,Not Returned,Not Applicable,3.8,Positive,Good product. Works as expected.,Facebook Ads,FB_Dynamic,SAVE39,11,3,3,259.26,150.44,7.62,3.1,119.54,85.68,30.76,25.73,6081.77,True,6,11.430961243743289,0.5535714285714286,0.20033201205188542
ORD-528512,2022-10-01,20:09:31,Completed,Mobile App,CUST-022261,Jacob Bowers,52,Male,VIP,Loyal,Carolynchester,Victoria,Australia,South,47715,PayPal,Pending,AUD,Standard,WH-004,6.0,6.0,On Time,Not Returned,Not Applicable,3.8,Positive,"Product is okay, nothing special but works.",Direct,Default_Campaign,No Coupon,36,4,3,400.03,82.64,31.74,12.21,361.34,196.94,152.19,42.12,12014.74,True,7,13.110686674126285,0.6071428571428571,0.39648990325627714
ORD-521677,2024-10-19,04:58:07,Completed,Website,CUST-021159,Jennifer Love,21,Female,Consumer,Loyal,Ashleeborough,Pennsylvania,USA,East,23721,Digital Wallet,Paid,USD,Express,WH-003,0.0,2.0,Early,Not Returned,Not Applicable,3.8,Positive,Met my expectations. Would recommend.,Organic Search,Unknown Campaign,No Coupon,16,4,1,155.1,11.96,10.02,15.38,168.54,73.32,79.84,47.37,20192.8,True,8,9.650009613891722,0.0535714285714286,0.6668757308844275
ORD-201041,2022-10-14,11:31:14,Completed,Website,CUST-015210,Jennifer Tyler,72,Male,VIP,Loyal,West Elizabethstad,North Carolina,USA,South,31930,Credit Card,Paid,USD,Express,WH-001,3.0,3.0,On Time,Not Returned,Not Applicable,3.2,Neutral,Not what I expected but it's okay.,Organic Search,Default_Campaign,No Coupon,6,3,1,50.13,3.38,3.27,11.69,61.71,31.88,18.14,29.4,8666.140000000001,True,9,6.413142501557204,0.9642857142857142,0.2857773403262394
ORD-814783,2024-03-08,06:58:12,Completed,Website,CUST-003458,Samantha Howell,28,Female,Consumer,Returning,East Jennifer,New York,USA,East,44822,Bank Transfer,Paid,USD,Standard,WH-008,5.0,5.0,On Time,Not Returned,Not Applicable,3.6,Positive,Good value for money.,TikTok,Default_Campaign,No Coupon,166,156,3,1589.84,69.30000000000001,106.44,33.92,1660.9,1029.9199999999998,597.06,35.95,3866.1,True,3,19.746364587112748,0.1785714285714286,0.12707676976938023
ORD-513809,2025-05-19,15:17:12,Completed,Marketplace,CUST-020993,Jeffrey Gomez,64,Male,Consumer,Loyal,New Kimbury,Ohio,USA,Central,58401,Cash on Delivery,Paid,USD,Same Day,WH-011,0.0,0.0,On Time,Not Returned,Not Applicable,3.8,Positive,Decent quality for the price.,Organic Search,Unknown Campaign,No Coupon,35,20,2,348.42,38.8,21.67,24.37,355.66,151.84,179.45,50.46,8671.47,True,7,12.557071251620522,0.8214285714285714,0.28595356261627614
ORD-564583,2025-02-06,17:34:47,Pending,Mobile App,CUST-002417,Hunter Moore,50,Female,Consumer,Returning,Lake Robert,North Carolina,USA,South,22939,Credit Card,Failed,USD,Express,WH-006,,,Cancelled,Not Returned,Not Applicable,,,,Organic Search,Default_Campaign,SAVE49,0,0,4,1178.9199999999998,56.63,78.56,35.39,1236.2399999999998,482.21,718.64,58.13,2990.0,True,3,18.120870809637648,0.5714285714285714,0.09811085076352523
ORD-739699,2025-12-13,04:57:48,Completed,Website,CUST-001822,James Clark,65,Male,Business,Loyal,North Sandraborough,Illinois,USA,Central,90860,Credit Card,Paid,USD,Express,WH-006,3.0,3.0,On Time,Not Returned,Not Applicable,3.4,Neutral,Average product. Could be better.,Google Ads,Google_Display,No Coupon,113,91,6,1173.76,139.13,72.43,26.83,1133.89,475.06,632.0,55.74,15297.29,True,8,18.09786441297145,0.8392857142857142,0.5050186984082796
ORD-461613,2022-12-28,22:58:37,Completed,Marketplace,CUST-008051,Xavier Martin,58,Male,Consumer,Loyal,Port Kathleen,North Carolina,USA,South,78969,Debit Card,Paid,USD,Standard,WH-006,7.0,7.0,On Time,Not Returned,Not Applicable,3.9,Positive,Satisfied with the purchase.,Instagram,Insta_Stories,No Coupon,388,208,15,4961.93,1369.1899999999998,251.5,44.65,3888.89,2523.8100000000004,1320.43,33.95,9994.5,True,7,27.088427354756885,0.7142857142857142,0.32969603473397546
ORD-265778,2023-01-06,21:49:17,Returned,Website,CUST-008966,Kenneth Johnson,43,Female,Consumer,Loyal,West Zacharyburgh,British Columbia,Canada,West,16166,Buy Now Pay Later,Refunded,CAD,Standard,WH-001,,,Cancelled,Returned,Damaged Product,,,,Direct,Unknown Campaign,No Coupon,0,0,2,172.84,0.0,22.47,6.93,202.24,57.12,138.19,68.33,5465.469999999999,True,5,10.00778914684702,0.4464285714285714,0.17995568984744703
ORD-719676,2023-12-07,05:23:23,Completed,Marketplace,CUST-020375,Noah King,26,Female,Premium,Loyal,Coreyberg,Michigan,USA,Central,20209,Debit Card,Paid,USD,Express,WH-015,3.0,3.0,On Time,Not Returned,Not Applicable,3.3,Neutral,Mixed feelings about this purchase.,Direct,Unknown Campaign,No Coupon,149,18,8,2275.1000000000004,909.51,95.59,35.7,1496.88,1016.29,444.89,29.72,8850.42,True,9,21.85073262790619,0.14285714285714285,0.29187006895812956
ORD-151200,2023-08-06,16:30:13,Completed,Mobile App,CUST-021554,Allen Cruz,66,Female,Premium,Loyal,East Johnborough,Ohio,USA,Central,64064,Credit Card,Paid,USD,Standard,WH-014,7.0,7.0,On Time,Not Returned,Not Applicable,3.3,Neutral,Product has some issues but it works.,Direct,Unknown Campaign,No Coupon,186,126,5,2307.72,568.08,121.78,3.39,1864.81,1264.77,596.65,32.0,5291.2300000000005,True,6,21.938028246753053,0.8571428571428572,0.17419490714275562
ORD-216045,2025-03-21,22:06:04,Cancelled,Mobile App,CUST-010752,Deanna Burke,25,Male,Premium,Loyal,Port Eugenetown,Northern Ireland,UK,West,41268,PayPal,Failed,GBP,Same Day,WH-016,,,Cancelled,Not Returned,Not Applicable,,,,Email Marketing,Unknown Campaign,No Coupon,0,0,1,42.23,0.0,8.45,17.34,68.02,20.01,30.67,45.09,9764.64,True,7,5.992378791866674,0.125,0.3220963244923525
ORD-417505,2025-03-04,03:08:48,Returned,Mobile App,CUST-000466,Anthony Flores,65,Female,Consumer,Loyal,Aliport,North Rhine,Germany,West,58566,PayPal,Refunded,EUR,Express,WH-006,,,Cancelled,Returned,Product Not as Expected,,,,Affiliate,Unknown Campaign,No Coupon,0,0,6,1111.18,0.0,211.12,70.27,1392.5699999999997,555.1899999999999,767.11,55.09,6712.99,True,7,17.81248582156654,0.8392857142857142,0.2212016244190533
ORD-279872,2023-11-11,20:51:21,Completed,Mobile App,CUST-019380,Abigail Johnson,37,Female,Consumer,Loyal,Port Marvinmouth,California,USA,West,72536,Cash on Delivery,Pending,USD,Standard,WH-016,6.0,6.0,On Time,Not Returned,Not Applicable,3.5,Positive,Good product. Works as expected.,Affiliate,Influencer_Program,No Coupon,151,19,6,2183.99,780.06,98.28,16.12,1518.33,906.17,596.04,39.26,4935.82,True,5,21.60172606521306,0.3392857142857143,0.16244421969398157
ORD-989626,2024-07-20,10:43:22,Cancelled,Mobile App,CUST-006213,Claudia Lin,49,Female,Premium,Loyal,Martinland,Victoria,Australia,South,35848,Credit Card,Failed,AUD,Standard,WH-003,,,Cancelled,Not Returned,Not Applicable,,,,Referral,Unknown Campaign,No Coupon,0,0,4,3231.6600000000003,0.0,323.17,11.77,3566.6,1612.51,1942.32,54.46,7771.61,True,6,24.090166252423007,0.5535714285714286,0.25620208233250863
ORD-169020,2022-06-29,19:41:41,Completed,Marketplace,CUST-023164,Kevin Burnett,51,Female,VIP,Loyal,West Roberttown,Scotland,UK,North,35425,Buy Now Pay Later,Paid,GBP,Economy,WH-007,6.0,7.0,Early,Not Returned,Not Applicable,3.9,Positive,Met my expectations. Would recommend.,Facebook Ads,FB_Prospecting,No Coupon,117,12,3,1290.17,309.1,196.22,2.1,1179.39,608.6600000000001,568.63,48.21,4448.72,True,4,18.599103762888834,0.5892857142857143,0.14633955224990902
ORD-585261,2024-05-08,03:53:35,Cancelled,Marketplace,CUST-017336,April Buchanan,52,Male,Premium,Returning,South Carrie,Ohio,USA,Central,72894,Bank Transfer,Failed,USD,Economy,WH-009,,,Cancelled,Not Returned,Not Applicable,,,,Google Ads,Unknown Campaign,No Coupon,0,0,7,421.76,0.0,29.520000000000003,4.72,456.0,171.72,279.56,61.31,2038.67,True,3,13.327484261408356,0.6071428571428571,0.0666576516677142
ORD-474916,2022-10-22,19:30:17,Completed,Website,CUST-019368,Victoria Avila,20,Male,Premium,Loyal,Thorntonberg,Baden-Württemberg,Germany,South,5025,PayPal,Paid,EUR,Express,WH-011,0.0,1.0,Early,Not Returned,Not Applicable,4.2,Positive,Good value for money.,Direct,Unknown Campaign,No Coupon,273,119,8,2461.96,172.93,434.9200000000001,13.41,2737.36,1362.4,1361.55,49.74,15850.4,True,6,22.338447368068085,0.0357142857142857,0.5233058111366535
ORD-344805,2024-09-03,03:10:04,Completed,Website,CUST-015591,Laurie Haley,32,Female,Premium,Loyal,Langmouth,Western Australia,Australia,West,96440,Buy Now Pay Later,Paid,AUD,Economy,WH-002,7.0,7.0,On Time,Not Returned,Not Applicable,4.0,Positive,Met my expectations. Would recommend.,Instagram,Insta_Influencer,No Coupon,164,114,11,1993.46,507.53,148.59,15.079999999999998,1649.6,860.9000000000001,773.62,46.9,14974.74,True,10,21.054125058698357,0.25,0.4943544395618711
ORD-611425,2023-02-28,12:04:35,Completed,Mobile App,CUST-011307,Jason Kerr,28,Male,Business,Loyal,Morrisonland,Pennsylvania,USA,East,76693,Credit Card,Paid,USD,Standard,WH-019,6.0,6.0,On Time,Not Returned,Not Applicable,3.5,Positive,"Product is okay, nothing special but works.",Email Marketing,Unknown Campaign,No Coupon,11,4,3,120.48,22.23,6.88,6.44,111.57,51.66,53.47,47.93,9657.23,True,9,8.850000288682406,0.1785714285714286,0.3185450981935066
ORD-272618,2023-02-01,14:53:06,Completed,Website,CUST-013559,Tara Weaver,59,Male,Consumer,Loyal,Danielberg,Manitoba,Canada,Central,48720,PayPal,Paid,CAD,Economy,WH-013,8.0,8.0,On Time,Not Returned,Not Applicable,3.4,Neutral,Product has some issues but it works.,Referral,Friend_Invite,No Coupon,344,240,10,3347.13,329.28000000000003,392.32,32.89,3443.06,1870.99,1539.1799999999998,44.7,16660.95,True,11,24.32447766351766,0.7321428571428572,0.5501044935361465
ORD-351526,2022-12-10,09:53:13,Completed,Website,CUST-009571,Luis Flowers,31,Male,VIP,Loyal,Tammieton,California,USA,West,66198,Credit Card,Paid,USD,Standard,WH-016,7.0,7.0,On Time,Not Returned,Not Applicable,3.7,Positive,Good product. Works as expected.,Instagram,Unknown Campaign,No Coupon,252,16,7,3057.37,711.03,164.24,15.66,2526.24,1415.16,1095.42,43.36,7186.67,True,7,23.724050244664163,0.2321428571428571,0.23686259521541606
ORD-495686,2025-08-24,05:12:40,Completed,Mobile App,CUST-016831,Bethany Neal,26,Female,Consumer,Returning,South Debra,Pennsylvania,USA,East,5868,Cash on Delivery,Paid,USD,Standard,WH-012,2.0,3.0,Early,Not Returned,Not Applicable,3.9,Positive,Satisfied with the purchase.,Email Marketing,Promo_Email,No Coupon,42,25,3,424.89,39.99,26.94,10.11,421.95,233.76,178.07999999999998,42.2,2354.78,True,3,13.35800273082575,0.14285714285714285,0.0771089890229714
ORD-760837,2024-05-06,07:27:49,Completed,Marketplace,CUST-012494,Brenda Alexander,69,Female,Premium,Loyal,Kelleyborough,Quebec,Canada,East,1845,Digital Wallet,Paid,CAD,Standard,WH-001,5.0,5.0,On Time,Not Returned,Not Applicable,3.8,Positive,Met my expectations. Would recommend.,TikTok,Default_Campaign,No Coupon,64,48,1,594.37,24.62,74.07,3.9,647.72,249.84,393.98,60.83,3840.68,True,5,14.800711988665263,0.9107142857142856,0.1262363250015126
ORD-102978,2024-12-13,15:52:22,Completed,Website,CUST-003073,Bonnie Skinner,27,Male,Business,Loyal,Port Russell,Northern Ireland,UK,West,53533,Debit Card,Paid,GBP,Economy,WH-004,5.0,6.0,Early,Not Returned,Not Applicable,3.4,Neutral,Mixed feelings about this purchase.,Organic Search,Unknown Campaign,SAVE14,132,62,6,1691.66,596.64,219.01,7.279999999999999,1321.31,902.28,411.75,31.16,3730.74,True,4,20.09832123674615,0.1607142857142857,0.1226014509740001
ORD-466660,2023-08-15,12:57:01,Completed,Website,CUST-014870,Sara Kennedy,22,Female,Consumer,Loyal,Barkerbury,California,USA,West,81290,Credit Card,Paid,USD,Standard,WH-013,6.0,6.0,On Time,Not Returned,Not Applicable,4.5,Positive,Very happy with the quality and price.,Organic Search,Unknown Campaign,No Coupon,276,31,4,2863.53,293.03000000000003,179.93,12.510000000000002,2762.94,1395.43,1355.0,49.04,5318.5,True,4,23.2975934696999,0.07142857142857145,0.17509651724581424
ORD-101975,2025-11-12,08:23:44,Completed,Website,CUST-000678,Miranda Burton,53,Female,VIP,Loyal,Mccannville,Georgia,USA,South,49417,Credit Card,Pending,USD,Economy,WH-006,6.0,6.0,On Time,Not Returned,Not Applicable,3.9,Positive,Decent quality for the price.,Instagram,Unknown Campaign,No Coupon,193,192,8,3495.36,1690.36,126.35,2.89,1934.24,1592.32,339.03,17.53,8408.06,True,8,24.616360648573274,0.625,0.27724461075537865
ORD-482573,2024-07-11,12:39:03,Completed,Marketplace,CUST-004603,Gabriella Day,46,Male,Premium,Loyal,Mollyport,Western Australia,Australia,West,36821,Bank Transfer,Pending,AUD,Express,WH-019,1.0,1.0,On Time,Not Returned,Not Applicable,4.1,Positive,Good value for money.,Instagram,Insta_Influencer,SAVE46,43,10,3,416.76,37.14,37.96,19.57,437.15,215.67,201.91,46.19,11250.9,True,12,13.278370997559398,0.5,0.37123556291449844
ORD-439514,2023-11-14,15:33:36,Completed,Mobile App,CUST-023011,Lori Hodge,28,Female,Business,Loyal,Ashleyview,New York,USA,East,38727,Digital Wallet,Paid,USD,Economy,WH-010,6.0,6.0,On Time,Not Returned,Not Applicable,3.8,Positive,Decent quality for the price.,Google Ads,Google_Display,No Coupon,69,5,6,1052.72,409.57,45.02,9.44,697.61,540.55,147.62,21.16,10086.6,True,7,17.534553131954237,0.1785714285714286,0.3327410765561867
ORD-332081,2023-10-16,08:21:35,Completed,Mobile App,CUST-010441,Kelly Reynolds,62,Male,Consumer,Returning,Jessemouth,Georgia,USA,South,2710,Buy Now Pay Later,Paid,USD,Standard,WH-001,7.0,7.0,On Time,Not Returned,Not Applicable,4.0,Positive,Good product. Works as expected.,Affiliate,Unknown Campaign,SAVE11,264,34,6,2922.13,480.62,170.90999999999997,36.26,2648.6800000000003,1802.32,810.1,30.59,5079.4,True,3,23.42878838991907,0.7857142857142856,0.16719131095166978
ORD-805720,2021-08-24,05:12:35,Completed,Website,CUST-024050,Lisa Good,41,Male,Consumer,Loyal,Lake Brandon,Michigan,USA,Central,62919,Credit Card,Paid,USD,Standard,WH-005,5.0,5.0,On Time,Not Returned,Not Applicable,3.4,Neutral,Mixed feelings about this purchase.,Organic Search,Unknown Campaign,No Coupon,141,28,6,1371.12,67.73,91.24,18.19,1412.8200000000002,706.85,687.78,48.68,5413.820000000001,True,5,18.92759497323129,0.4107142857142857,0.17824801981360114
ORD-304577,2022-08-09,19:33:06,Completed,Website,CUST-000171,Scott Mcintyre,48,Female,Business,Loyal,Figueroahaven,Ohio,USA,Central,49510,Debit Card,Paid,USD,Express,WH-005,2.0,2.0,On Time,Not Returned,Not Applicable,3.0,Neutral,Product has some issues but it works.,Direct,Unknown Campaign,No Coupon,113,78,4,1223.53,197.21,71.84,38.74,1136.9,578.8,519.36,45.68,8825.34,True,8,18.316621787074475,0.5357142857142857,0.2910408653869997
ORD-343509,2024-03-25,04:11:07,Completed,Social Media,CUST-016980,Robert Spencer,53,Male,Consumer,Loyal,Andreastad,Illinois,USA,Central,13625,Credit Card,Pending,USD,Economy,WH-009,7.0,7.0,On Time,Not Returned,Not Applicable,4.2,Positive,Good product. Works as expected.,Direct,Default_Campaign,SAVE47,373,314,6,3994.86,515.4499999999999,243.56,16.47,3739.44,2005.7,1717.27,45.92,12945.04,True,7,25.534957712538954,0.625,0.42724780127151163
ORD-202429,2021-03-24,16:35:50,Returned,Social Media,CUST-009992,Steven Jefferson,35,Female,Consumer,Loyal,Lake Joseph,Michigan,USA,Central,39513,PayPal,Refunded,USD,Standard,WH-010,,,Cancelled,Returned,Damaged Product,,,,Direct,Unknown Campaign,SAVE12,0,0,5,300.99,0.0,21.07,9.49,331.55,117.11,204.95,61.82,9578.69,True,9,11.989815510792413,0.3035714285714286,0.31594838174707374
ORD-764643,2022-02-04,16:02:25,Completed,Mobile App,CUST-013945,Heather Mccarthy,19,Male,Consumer,Loyal,Port Teresafort,Illinois,USA,Central,63169,Buy Now Pay Later,Paid,USD,Same Day,WH-014,1.0,1.0,On Time,Not Returned,Not Applicable,3.9,Positive,Decent quality for the price.,Referral,Unknown Campaign,No Coupon,8,8,1,66.4,9.85,3.96,24.23,84.74,27.69,32.82,38.73,6673.769999999999,True,7,7.140441752341352,0.01785714285714285,0.21990491931300415
ORD-486369,2024-11-14,18:38:13,Completed,Website,CUST-004910,Nathan Young,56,Female,Consumer,Loyal,New Williamshire,North Carolina,USA,South,88868,Credit Card,Paid,USD,Standard,WH-007,2.0,4.0,Early,Not Returned,Not Applicable,3.4,Neutral,Product has some issues but it works.,Google Ads,Google_Shopping,SAVE35,46,8,7,517.76,121.8,27.710000000000004,39.79,463.46,252.71,170.96,36.89,4747.87,True,5,14.19386236662271,0.6785714285714286,0.1562301522620098
ORD-931599,2022-09-29,09:29:51,Pending,Mobile App,CUST-019336,Melissa Mccarty,52,Male,Consumer,Loyal,Howardside,California,USA,West,12183,Credit Card,Pending,USD,Express,WH-007,,,Cancelled,Not Returned,Not Applicable,,,,Email Marketing,Promo_Email,No Coupon,0,0,3,611.22,25.65,40.99,20.65,647.21,256.64,369.92,57.16,8432.789999999999,True,6,14.926060646133063,0.6071428571428571,0.2780622425063372
ORD-106941,2021-09-16,00:19:12,Completed,Social Media,CUST-012654,Brittany Russo,41,Male,Consumer,Loyal,East Gabrielleview,New York,USA,East,20404,Digital Wallet,Paid,USD,Standard,WH-008,3.0,3.0,On Time,Not Returned,Not Applicable,3.4,Neutral,Product has some issues but it works.,Direct,Unknown Campaign,No Coupon,14,2,2,128.53,13.15,8.08,21.18,144.64,65.08,58.38,40.36,10207.75,True,11,9.050365387088203,0.4107142857142857,0.33674657945261327
ORD-486074,2022-05-14,21:02:47,Completed,Website,CUST-003557,Crystal Maldonado,61,Female,Consumer,Loyal,Scottton,Northern Ireland,UK,West,47356,Cash on Delivery,Paid,GBP,Economy,WH-014,5.0,5.0,On Time,Not Returned,Not Applicable,3.8,Positive,Decent quality for the price.,Direct,Unknown Campaign,No Coupon,842,832,7,7709.950000000001,702.97,1401.39,18.07,8426.44,4954.98,3453.39,40.98,15181.18,True,4,30.50069850565406,0.7678571428571428,0.5011798297223192
ORD-514368,2022-05-12,11:02:26,Completed,Mobile App,CUST-010708,Eric Gray,31,Female,Consumer,Loyal,East Derek,Baden-Württemberg,Germany,South,86814,Buy Now Pay Later,Paid,EUR,Economy,WH-019,11.0,10.0,Delayed,Not Returned,Not Applicable,3.4,Neutral,Quality could be improved.,Direct,Default_Campaign,No Coupon,22,10,3,217.89,31.77,35.36,7.98,229.46,103.3,118.18,51.5,9989.5,True,7,10.804185177075125,0.2321428571428571,0.329530723017243
ORD-132180,2022-05-14,11:48:31,Completed,Mobile App,CUST-010710,Jason Maldonado,45,Male,Premium,Loyal,Port Stephentown,Georgia,USA,South,82180,Bank Transfer,Paid,USD,Economy,WH-005,8.0,10.0,Early,Not Returned,Not Applicable,3.9,Positive,Good value for money.,Instagram,Insta_Influencer,No Coupon,179,21,6,1900.0,228.47,117.02,6.660000000000001,1795.21,1052.33,736.2199999999999,41.01,4320.72,True,6,20.770732798292705,0.4821428571428571,0.14210757230155902
ORD-532854,2021-08-14,21:12:43,Completed,Mobile App,CUST-016983,Andrea Hamilton,71,Female,Premium,Loyal,New Matthewfurt,California,USA,West,23097,Credit Card,Pending,USD,Economy,WH-002,9.0,9.0,On Time,Not Returned,Not Applicable,4.2,Positive,Good value for money.,Organic Search,Default_Campaign,No Coupon,28,10,6,334.19,67.17,18.69,4.28,289.99,146.44,139.26999999999998,48.03,7064.83,True,8,12.393437801212656,0.9464285714285714,0.2328342793020804
ORD-822265,2021-01-22,19:04:08,Completed,Social Media,CUST-022785,Nicholas Lopez,61,Male,Consumer,Loyal,Lake Crystalstad,California,USA,West,698,Buy Now Pay Later,Paid,USD,Standard,WH-008,6.0,5.0,Delayed,Not Returned,Not Applicable,3.5,Positive,Decent quality for the price.,Affiliate,Unknown Campaign,No Coupon,438,150,6,4288.46,222.05,284.64,31.62,4382.67,2498.82,1852.23,42.26,13317.78,True,9,26.034495549540296,0.7678571428571428,0.43957145913048024
ORD-564392,2024-01-21,16:39:47,Completed,Website,CUST-004642,Lisa Chapman,26,Female,Consumer,Loyal,Lake Caitlynshire,Northern Ireland,UK,West,50036,Credit Card,Paid,GBP,Standard,WH-011,5.0,5.0,On Time,Not Returned,Not Applicable,4.4,Positive,"Product is okay, nothing special but works.",Instagram,Unknown Campaign,No Coupon,25,6,4,224.9,16.89,41.6,9.92,259.53,90.23,159.38,61.41,11178.33,True,9,10.916459602511898,0.14285714285714285,0.3688362286578441
ORD-318844,2021-12-13,13:13:09,Completed,Website,CUST-008032,Jamie Pham,59,Female,Business,Loyal,North Joe,Wales,UK,West,69184,Credit Card,Paid,GBP,Express,WH-006,3.0,3.0,On Time,Not Returned,Not Applicable,4.1,Positive,Good product. Works as expected.,Direct,Unknown Campaign,No Coupon,208,168,8,2597.07,893.3,340.75,44.81,2089.33,1279.69,764.8299999999999,36.61,8142.32,True,7,22.67371389316182,0.7321428571428572,0.2684586236344839
ORD-426847,2023-05-15,17:04:14,Completed,Social Media,CUST-015170,Kathy Rose,20,Female,Premium,Loyal,New Kellyhaven,Florida,USA,South,57680,Credit Card,Paid,USD,Standard,WH-010,5.0,5.0,On Time,Not Returned,Not Applicable,4.3,Positive,"Product is okay, nothing special but works.",Google Ads,Unknown Campaign,No Coupon,92,15,7,912.88,71.37,58.91,28.92,929.34,352.77000000000004,547.65,58.93,11451.83,True,7,16.818253414570673,0.0357142857142857,0.3778787795631076
ORD-561570,2021-09-25,15:25:56,Completed,Mobile App,CUST-022489,Robert Miles,65,Female,Consumer,Loyal,New William,Uttar Pradesh,India,North,10745,Debit Card,Paid,INR,Standard,WH-017,5.0,5.0,On Time,Not Returned,Not Applicable,4.1,Positive,Good product. Works as expected.,Direct,Default_Campaign,No Coupon,57,1,2,567.3299999999999,82.91,87.19,8.379999999999999,579.99,284.99,286.62,49.42,17697.52,True,10,14.593749867027766,0.8392857142857142,0.5843759267788119
ORD-134261,2021-05-14,19:54:12,Completed,Website,CUST-013128,Veronica Smith,52,Male,Consumer,Loyal,Hartmouth,British Columbia,Canada,West,39401,Credit Card,Paid,CAD,Standard,WH-010,9.0,5.0,Delayed,Not Returned,Not Applicable,3.7,Positive,Good product. Works as expected.,Organic Search,Unknown Campaign,No Coupon,188,134,6,1774.7999999999995,142.35,212.22,41.26,1885.93,1064.09,780.5799999999999,41.39,10386.17,True,6,20.373868635647966,0.6071428571428571,0.34264556275249297
ORD-601993,2024-11-18,03:39:33,Returned,Website,CUST-013610,Judith Roberts,41,Male,Consumer,Loyal,Port Jenniferchester,Tamil Nadu,India,South,62142,Debit Card,Refunded,INR,Standard,WH-017,,,Cancelled,Returned,Size Issue,,,,Google Ads,Google_Display,No Coupon,0,0,16,1648.7700000000002,0.0,296.79,36.74,1982.3,648.51,1297.05,65.43,12120.96,True,9,19.952098147061275,0.4107142857142857,0.4000017853665407
ORD-209829,2023-05-09,05:08:23,Completed,Social Media,CUST-005480,Frederick Scott,41,Male,Consumer,Loyal,Stephaniehaven,England,UK,North,51011,Credit Card,Paid,GBP,Standard,WH-015,6.0,6.0,On Time,Not Returned,Not Applicable,3.2,Neutral,Quality could be improved.,Instagram,Unknown Campaign,No Coupon,57,47,2,497.96,21.78,95.24,4.89,576.31,238.12,333.3,57.83,2669.86,True,5,14.025911075501087,0.4107142857142857,0.08752627216458171
ORD-596944,2024-06-21,04:09:11,Completed,Mobile App,CUST-016030,Anne Valdez,37,Male,Business,Loyal,Jessicaview,England,UK,North,19973,PayPal,Paid,GBP,Economy,WH-012,5.0,5.0,On Time,Not Returned,Not Applicable,3.4,Neutral,Average product. Could be better.,Facebook Ads,FB_Prospecting,No Coupon,24,6,1,243.93,41.46,40.49,2.96,245.92,125.5,117.46,47.76,7212.019999999999,True,6,11.208295047795083,0.3392857142857143,0.2377007256192494
ORD-241272,2022-07-01,02:36:54,Completed,Social Media,CUST-020151,Chelsea Oliver,63,Male,Business,Loyal,Millertown,Texas,USA,South,74147,Bank Transfer,Paid,USD,Standard,WH-014,4.0,4.0,On Time,Not Returned,Not Applicable,3.1,Neutral,Mixed feelings about this purchase.,Referral,Friend_Invite,No Coupon,295,117,5,3193.87,441.41,192.68,9.78,2954.92,1525.57,1419.5700000000002,48.04,12085.92,True,8,24.012091267577464,0.8035714285714286,0.39884328085567994
ORD-407560,2025-06-05,11:28:06,Completed,Marketplace,CUST-001026,Taylor Moore,33,Female,Premium,Loyal,North Alexander,Michigan,USA,Central,66128,Debit Card,Paid,USD,Economy,WH-003,8.0,8.0,On Time,Not Returned,Not Applicable,3.7,Positive,Decent quality for the price.,Facebook Ads,FB_Dynamic,No Coupon,99,48,8,989.98,96.92,62.51,38.96,994.53,500.54,455.03,45.75,9873.06,True,9,17.22279972576198,0.2678571428571429,0.32568094375797835
ORD-675890,2023-01-07,09:11:21,Cancelled,Website,CUST-001037,Nancy Luna,54,Female,Consumer,Loyal,North Daisystad,Ohio,USA,Central,19206,Debit Card,Failed,USD,Express,WH-011,,,Cancelled,Not Returned,Not Applicable,,,,Google Ads,Unknown Campaign,SAVE43,0,0,3,560.37,0.0,39.22,36.93,636.52,317.93,281.66,44.25,5852.64,True,8,14.539259380462047,0.6428571428571428,0.19275643732090544
ORD-542994,2021-10-17,01:05:09,Completed,Mobile App,CUST-019987,Jacqueline Greer,25,Female,Consumer,Loyal,Taramouth,Pennsylvania,USA,East,53084,Bank Transfer,Paid,USD,Economy,WH-011,8.0,8.0,On Time,Not Returned,Not Applicable,4.3,Positive,Good value for money.,Facebook Ads,FB_Prospecting,No Coupon,78,15,5,829.21,114.96,50.0,16.299999999999997,780.55,454.28,309.97,39.71,10581.01,True,7,16.34846850486215,0.125,0.349087429730122
ORD-980516,2022-10-02,04:55:54,Completed,Website,CUST-013600,Tamara Gutierrez,32,Male,Premium,Loyal,New Evan,Ohio,USA,Central,51661,Cash on Delivery,Paid,USD,Standard,WH-015,5.0,5.0,On Time,Not Returned,Not Applicable,3.4,Neutral,Mixed feelings about this purchase.,Affiliate,Unknown Campaign,No Coupon,97,81,8,989.79,85.44999999999999,63.3,7.37,975.01,503.24,464.4,47.63,6331.74,True,7,17.221832935306704,0.25,0.20859660601820612
ORD-298994,2023-05-16,19:09:58,Completed,Mobile App,CUST-016454,Christopher Vargas,63,Male,Consumer,Loyal,East Jessica,Pennsylvania,USA,East,6735,Debit Card,Paid,USD,Standard,WH-013,3.0,3.0,On Time,Not Returned,Not Applicable,3.3,Neutral,Product has some issues but it works.,Organic Search,Unknown Campaign,No Coupon,98,59,10,1008.51,118.39,62.32,31.450000000000003,983.89,564.29,388.15,39.45,9002.98,True,5,17.31641212797964,0.8035714285714286,0.2969140600590692
ORD-733231,2022-09-11,21:53:00,Completed,Social Media,CUST-023494,Kimberly Mills,57,Female,Business,Loyal,Keithstad,Karnataka,India,South,66408,Credit Card,Pending,INR,Express,WH-017,2.0,2.0,On Time,Not Returned,Not Applicable,4.1,Positive,Decent quality for the price.,Direct,Default_Campaign,No Coupon,42,7,4,455.04,102.4,63.48,9.82,425.94,201.88,214.24,50.3,12473.32,True,8,13.643498671769876,0.6964285714285714,0.41165163266810795
ORD-241399,2023-10-16,21:45:32,Completed,Mobile App,CUST-011291,George Newman,36,Female,VIP,Loyal,Susanmouth,Florida,USA,South,46876,Cash on Delivery,Paid,USD,Standard,WH-015,6.0,6.0,On Time,Not Returned,Not Applicable,3.3,Neutral,Product has some issues but it works.,Facebook Ads,Unknown Campaign,No Coupon,67,64,7,816.25,198.18,43.26,17.950000000000003,679.28,463.5700000000001,197.76,29.11,5431.83,True,7,16.272490387084662,0.3214285714285714,0.17884347261727132
ORD-443814,2024-02-09,22:06:24,Completed,Website,CUST-024458,Morgan Phillips,31,Male,VIP,Loyal,Lake Michelle,England,UK,North,64428,Bank Transfer,Paid,GBP,Standard,WH-009,4.0,4.0,On Time,Not Returned,Not Applicable,4.1,Positive,Decent quality for the price.,Referral,Unknown Campaign,No Coupon,287,88,9,2782.25,404.34,475.58,18.43,2871.9200000000005,1151.0700000000002,1702.4199999999998,59.28,12910.11,True,9,23.11217590313477,0.2321428571428571,0.42609293361841893
ORD-195201,2023-12-11,03:58:59,Cancelled,Website,CUST-015350,Veronica Ward,45,Female,Consumer,Loyal,Millerchester,Northern Ireland,UK,West,65594,Digital Wallet,Failed,GBP,Standard,WH-010,,,Cancelled,Not Returned,Not Applicable,,,,Organic Search,Unknown Campaign,No Coupon,0,0,7,1063.58,0.0,212.72,22.46,1298.76,444.48,831.82,64.05,9362.11,True,10,17.58706258013308,0.4821428571428571,0.3087877394250922
ORD-253981,2021-02-25,11:11:24,Completed,Marketplace,CUST-008424,Kathryn Mccall,39,Female,Consumer,Loyal,Whitestad,Lower Saxony,Germany,North,26494,Credit Card,Paid,EUR,Standard,WH-011,8.0,7.0,Delayed,Not Returned,Not Applicable,3.3,Neutral,Mixed feelings about this purchase.,Google Ads,Unknown Campaign,No Coupon,10,2,1,86.22,5.22,15.39,5.44,101.83,40.58,55.81,54.81,5480.45,True,5,7.860652969034725,0.375,0.18045096375077738
ORD-579524,2023-12-20,06:52:19,Cancelled,Social Media,CUST-016372,Michael Duncan,68,Female,Premium,Loyal,New Marissa,Wales,UK,West,20957,Debit Card,Failed,GBP,Express,WH-012,,,Cancelled,Not Returned,Not Applicable,,,,Referral,Friend_Invite,No Coupon,0,0,4,558.28,0.0,111.65,11.34,681.27,216.4,453.53,66.57,11436.95,True,7,14.522795452630671,0.8928571428571428,0.37738681189411194
ORD-537783,2023-11-14,21:05:40,Completed,Mobile App,CUST-022564,James Sharp,38,Male,Consumer,Loyal,Johnsonmouth,Ohio,USA,Central,40734,Debit Card,Paid,USD,Economy,WH-009,8.0,8.0,On Time,Not Returned,Not Applicable,3.8,Positive,Good value for money.,Organic Search,Unknown Campaign,No Coupon,132,15,8,1662.64,456.14,84.44999999999999,31.36,1322.3100000000002,856.72,434.23,32.84,6429.85,True,6,19.999699921055633,0.3571428571428571,0.21184035252392971
ORD-356882,2023-05-16,20:11:10,Completed,Marketplace,CUST-006197,Nicholas English,42,Female,Premium,Loyal,Leahchester,Michigan,USA,Central,39864,Cash on Delivery,Paid,USD,Express,WH-008,2.0,2.0,On Time,Not Returned,Not Applicable,3.6,Positive,Good value for money.,Google Ads,Unknown Campaign,SAVE23,658,102,12,6953.32,826.58,428.88,27.14,6582.76,3805.84,2749.78,41.77,13379.3,True,8,29.669040883382145,0.4285714285714286,0.4416054544931559
ORD-628568,2023-02-13,07:45:03,Completed,Mobile App,CUST-009839,Pamela Young,31,Female,Premium,Loyal,Angelafurt,Scotland,UK,North,96264,Digital Wallet,Paid,GBP,Express,WH-012,1.0,1.0,On Time,Not Returned,Not Applicable,3.7,Positive,Satisfied with the purchase.,Organic Search,Unknown Campaign,No Coupon,131,75,7,1342.31,261.02,216.26,19.59,1317.14,441.03,856.52,65.03,11749.11,True,7,18.812430279657978,0.2321428571428571,0.3877075529931505
ORD-246587,2023-02-17,13:02:28,Completed,Marketplace,CUST-011768,James Mcdaniel,49,Male,Consumer,Loyal,West Kathleenburgh,Texas,USA,South,43500,Credit Card,Paid,USD,Standard,WH-009,5.0,5.0,On Time,Not Returned,Not Applicable,4.6,Positive,Perfect product for my needs. Will buy again.,Referral,Unknown Campaign,No Coupon,87,27,2,871.14,56.81,57.0,5.67,877.0,428.56,442.77,50.49,5732.21,True,9,16.58821444624773,0.5535714285714286,0.1887747393116883
ORD-303873,2021-02-03,08:29:18,Completed,Marketplace,CUST-004472,Craig Guerrero,57,Male,Consumer,Loyal,Roseland,New York,USA,East,3355,Debit Card,Paid,USD,Economy,WH-014,7.0,9.0,Early,Not Returned,Not Applicable,4.0,Positive,Satisfied with the purchase.,Facebook Ads,Unknown Campaign,No Coupon,26,23,3,262.13,23.96,16.669999999999998,9.2,264.04,117.73,137.11,51.93,5590.33,True,7,11.471520725766576,0.6964285714285714,0.1840838540376891
ORD-343480,2025-08-31,11:51:38,Completed,Mobile App,CUST-008019,April Woods,38,Male,Premium,Loyal,North Maryville,New York,USA,East,37412,PayPal,Paid,USD,Same Day,WH-005,3.0,0.0,Delayed,Not Returned,Not Applicable,2.9,Neutral,Product has some issues but it works.,Facebook Ads,FB_Dynamic,No Coupon,123,103,6,1384.3,248.55,79.5,24.47,1239.72,713.14,502.11,40.5,12777.34,True,12,18.979663679330145,0.3571428571428571,0.42170324629230616
ORD-463697,2024-01-11,05:10:48,Completed,Website,CUST-005306,Melissa Evans,61,Male,Business,Loyal,Randallland,Ohio,USA,Central,54507,Buy Now Pay Later,Paid,USD,Express,WH-008,3.0,3.0,On Time,Not Returned,Not Applicable,3.9,Positive,Good value for money.,Referral,Unknown Campaign,No Coupon,259,188,12,2852.3,476.24,166.32999999999998,56.64999999999999,2599.04,1392.85,1149.54,44.23,9360.92,True,6,23.272217247142617,0.7678571428571428,0.3087483952365098
ORD-111585,2024-03-14,14:38:29,Completed,Website,CUST-009938,Clifford Casey,42,Male,Premium,Loyal,Port Jessica,England,UK,North,24664,Digital Wallet,Paid,GBP,Express,WH-013,1.0,3.0,Early,Not Returned,Not Applicable,4.2,Positive,Good product. Works as expected.,Organic Search,Unknown Campaign,No Coupon,577,115,12,5342.789999999999,545.6600000000001,959.43,16.45,5773.01,2616.81,3139.75,54.39,11921.14,True,6,27.636685639373855,0.4285714285714286,0.39339526791904617
ORD-626953,2021-08-20,18:44:08,Completed,Website,CUST-006614,Karen Graham,29,Female,Consumer,Loyal,Hernandezshire,British Columbia,Canada,West,53699,Credit Card,Paid,CAD,Express,WH-008,1.0,1.0,On Time,Not Returned,Not Applicable,3.7,Positive,Met my expectations. Would recommend.,Direct,Unknown Campaign,No Coupon,182,19,7,1693.2600000000002,104.69,206.51,33.0,1828.08,827.4100000000001,967.67,52.93,5972.0,True,8,20.10372087439956,0.1964285714285714,0.1967027586227418
ORD-914489,2021-12-24,15:21:29,Completed,Marketplace,CUST-011975,Tommy Shelton,33,Male,Premium,Loyal,West Chloemouth,New York,USA,East,99843,Debit Card,Paid,USD,Standard,WH-018,5.0,3.0,Delayed,Not Returned,Not Applicable,3.2,Neutral,Average product. Could be better.,Google Ads,Unknown Campaign,No Coupon,61,6,3,963.14,391.26,40.04,5.62,617.54,579.11,32.809999999999995,5.31,6816.48,True,5,17.084797553396026,0.2678571428571429,0.22462324633198097
ORD-337280,2025-09-14,05:00:27,Completed,Mobile App,CUST-010182,John Anderson,59,Male,VIP,Loyal,Angelashire,Georgia,USA,South,92858,Digital Wallet,Paid,USD,Economy,WH-013,8.0,8.0,On Time,Not Returned,Not Applicable,3.6,Positive,Satisfied with the purchase.,Direct,Default_Campaign,No Coupon,94,81,8,1186.19,303.74,61.77,3.61,947.83,494.77,449.45,47.42,4803.78,True,4,18.15315439064073,0.7321428571428572,0.15807866787851177
ORD-763886,2022-01-16,20:51:37,Completed,Mobile App,CUST-012467,Sherry Hart,20,Male,VIP,Loyal,Santiagotown,Dubai,UAE,South,14378,Digital Wallet,Paid,AED,Same Day,WH-016,1.0,1.0,On Time,Not Returned,Not Applicable,4.6,Positive,Best purchase I've made this year!,Google Ads,Google_Search_Q1,No Coupon,167,140,9,1792.36,263.24,76.47,69.34,1674.93,774.6800000000001,830.9100000000001,49.61,8554.58,True,7,20.43079789985127,0.0357142857142857,0.2820889053025056
ORD-778539,2023-08-12,11:03:52,Completed,Website,CUST-002403,Kristina Ball,36,Non-Binary,VIP,Loyal,Dawnberg,Florida,USA,South,98398,Debit Card,Paid,USD,Standard,WH-019,8.0,6.0,Delayed,Not Returned,Not Applicable,3.6,Positive,"Product is okay, nothing special but works.",Organic Search,Default_Campaign,No Coupon,66,43,8,716.34,113.47,42.2,18.89,663.96,284.21,360.86,54.35,5232.83,True,7,15.653433714163233,0.3214285714285714,0.1722640662913209
ORD-586636,2024-07-18,00:07:18,Completed,Marketplace,CUST-001280,Cynthia Hayes,26,Female,VIP,Loyal,East Kent,Ohio,USA,Central,23920,Credit Card,Paid,USD,Standard,WH-019,5.0,5.0,On Time,Not Returned,Not Applicable,3.5,Positive,Decent quality for the price.,Instagram,Insta_Reels,No Coupon,160,114,7,2085.03,588.1600000000001,104.78,6.27,1607.92,1078.19,523.46,32.56,8386.76,True,8,21.322085716868013,0.14285714285714285,0.2765403828420986
ORD-798187,2022-06-03,04:48:24,Completed,Website,CUST-020893,Paul Campbell,68,Female,Consumer,Loyal,New Lisa,California,USA,West,22904,Bank Transfer,Pending,USD,Standard,WH-003,5.0,5.0,On Time,Not Returned,Not Applicable,3.8,Positive,"Product is okay, nothing special but works.",Google Ads,Unknown Campaign,SAVE25,131,35,7,1370.01,196.14,82.16,54.41,1310.44,804.4000000000001,451.63,34.46,10956.62,True,6,18.923192355377097,0.8928571428571428,0.36150597651449506
ORD-198700,2024-03-27,21:51:55,Completed,Marketplace,CUST-003958,Michelle Brown,44,Female,Consumer,Loyal,Louistown,California,USA,West,23776,Bank Transfer,Paid,USD,Standard,WH-014,3.0,3.0,On Time,Not Returned,Not Applicable,3.4,Neutral,Quality could be improved.,Facebook Ads,Unknown Campaign,No Coupon,150,142,5,1512.79,122.02,97.35,16.049999999999997,1504.17,805.45,682.6700000000001,45.39,7505.559999999999,True,6,19.468373152210468,0.4642857142857143,0.24740584588517642
ORD-801099,2021-07-19,09:24:58,Completed,Mobile App,CUST-003031,Kathryn Ramirez,73,Male,Consumer,Loyal,Hubbardmouth,Sharjah,UAE,North,99381,Credit Card,Paid,AED,Standard,WH-004,4.0,4.0,On Time,Not Returned,Not Applicable,4.9,Positive,Best purchase I've made this year!,Google Ads,Google_Shopping,SAVE44,660,226,9,8662.83,2396.65,313.31,28.31,6607.8,5166.85,1412.64,21.38,15379.91,True,8,31.463428410601715,0.9821428571428572,0.5077503092155661
ORD-521926,2025-12-16,23:19:06,Completed,Mobile App,CUST-000496,Marcus Merritt,67,Male,Consumer,Loyal,Port Ronaldside,Lower Saxony,Germany,North,9010,Credit Card,Paid,EUR,Economy,WH-012,9.0,9.0,On Time,Not Returned,Not Applicable,4.5,Positive,Very happy with the quality and price.,Direct,Default_Campaign,No Coupon,119,28,4,1324.82,329.78,189.06,15.16,1199.26,850.38,333.72,27.83,5403.8,True,6,18.74158979591936,0.875,0.17791673513326936
ORD-275988,2022-03-27,10:40:52,Completed,Mobile App,CUST-004533,William Wiggins,65,Female,Premium,Loyal,North Kylebury,Michigan,USA,Central,29439,Debit Card,Pending,USD,Standard,WH-012,6.0,6.0,On Time,Not Returned,Not Applicable,2.9,Neutral,Product has some issues but it works.,Organic Search,Unknown Campaign,No Coupon,396,289,11,4204.04,525.33,257.51,26.43,3962.65,2343.08,1593.14,40.2,21914.2,True,13,25.893614668000367,0.8392857142857142,0.7237892487210659
ORD-784906,2025-09-24,19:27:51,Completed,Mobile App,CUST-009474,Joseph Bautista,26,Male,Consumer,Loyal,Ramirezborough,Georgia,USA,South,48190,Credit Card,Pending,USD,Standard,WH-003,7.0,7.0,On Time,Not Returned,Not Applicable,3.8,Positive,Good product. Works as expected.,Organic Search,Unknown Campaign,No Coupon,255,88,14,2611.99,256.37,164.89,36.62,2557.13,1014.27,1506.2400000000002,58.9,23563.42,True,14,22.709911964903686,0.14285714285714285,0.7783163266149549
ORD-409793,2023-06-09,18:36:08,Completed,Mobile App,CUST-012539,Christopher Owens,39,Female,Consumer,Loyal,South Nicoleshire,Baden-Württemberg,Germany,South,75227,Credit Card,Paid,EUR,Same Day,WH-007,1.0,1.0,On Time,Not Returned,Not Applicable,2.8,Neutral,Product has some issues but it works.,Instagram,Unknown Campaign,SAVE29,232,106,9,2301.84,379.02,365.34,35.239999999999995,2323.4,1346.34,941.82,40.54,4484.780000000001,True,7,21.92236266246715,0.375,0.14753178035098324
ORD-193534,2022-06-09,06:36:13,Completed,Mobile App,CUST-024137,Valerie Nelson,19,Non-Binary,Premium,Loyal,Michaelburgh,Georgia,USA,South,93014,Debit Card,Paid,USD,Express,WH-002,4.0,3.0,Delayed,Not Returned,Not Applicable,2.8,Neutral,Average product. Could be better.,Organic Search,Unknown Campaign,No Coupon,114,11,5,1202.75,146.42,73.94,12.27,1142.54,506.15,624.12,54.63,8622.08,True,8,18.226130054478396,0.01785714285714285,0.28432061347839327
ORD-612765,2021-03-29,07:10:37,Completed,Website,CUST-010139,Guy Wood,69,Male,Premium,Loyal,Mccormickborough,California,USA,West,10748,Buy Now Pay Later,Pending,USD,Standard,WH-011,3.0,3.0,On Time,Not Returned,Not Applicable,3.4,Neutral,Not what I expected but it's okay.,Direct,Default_Campaign,No Coupon,173,20,11,1814.12,223.04,111.38,27.64,1730.1,938.69,763.77,44.15,4592.13,True,5,20.500754092315717,0.9107142857142856,0.15108102290922834
ORD-312894,2024-08-12,03:07:02,Completed,Website,CUST-009055,Bradley Barnes,24,Female,Consumer,Loyal,Michelleview,New York,USA,East,91157,Digital Wallet,Pending,USD,Standard,WH-017,7.0,7.0,On Time,Not Returned,Not Applicable,3.4,Neutral,Product has some issues but it works.,Organic Search,Unknown Campaign,SAVE41,58,46,4,558.4300000000001,27.12,37.19,17.990000000000002,586.49,240.35,328.15,55.95,5872.48,True,7,14.523978644599769,0.10714285714285715,0.19341239421289966
ORD-791647,2025-02-20,19:00:15,Completed,Website,CUST-009563,Sara Ochoa,58,Female,Consumer,Loyal,Jenniferville,Ohio,USA,Central,17972,Bank Transfer,Paid,USD,Express,WH-010,3.0,3.0,On Time,Not Returned,Not Applicable,3.7,Positive,Good product. Works as expected.,Direct,Unknown Campaign,No Coupon,90,48,3,962.35,138.29999999999998,57.69,19.25,900.99,454.21,427.53,47.45,21793.43,True,13,17.080691266244724,0.7142857142857142,0.719796309515111
ORD-878120,2023-07-26,19:01:05,Completed,Website,CUST-021964,Denise Thomas,27,Male,VIP,Loyal,Port Jonathan,Michigan,USA,Central,32662,Credit Card,Paid,USD,Express,WH-011,3.0,3.0,On Time,Not Returned,Not Applicable,4.6,Positive,Excellent customer service and amazing product.,Google Ads,Google_Display,SAVE47,97,64,13,1289.79,397.76,62.44,19.8,974.27,625.4999999999999,328.97,33.77,17618.38,True,13,18.597524990061185,0.1607142857142857,0.5817593729263711
ORD-144160,2024-07-09,18:07:00,Completed,Marketplace,CUST-024445,Jennifer Wright,73,Male,Consumer,Loyal,New Emily,Pennsylvania,USA,East,4229,Buy Now Pay Later,Paid,USD,Economy,WH-016,10.0,10.0,On Time,Not Returned,Not Applicable,3.1,Neutral,Not what I expected but it's okay.,Affiliate,Influencer_Program,No Coupon,133,79,11,1610.41,388.3299999999999,85.55,29.18,1336.81,810.22,497.41,37.21,14934.88,True,11,19.818830943030775,0.9821428571428572,0.4930365745560802
ORD-308712,2023-12-30,15:15:43,Completed,Social Media,CUST-001675,Tanya Gomez,60,Male,VIP,Loyal,South Katie,Pennsylvania,USA,East,3054,Credit Card,Paid,USD,Economy,WH-014,9.0,9.0,On Time,Not Returned,Not Applicable,3.7,Positive,Satisfied with the purchase.,Email Marketing,Promo_Email,No Coupon,49,30,8,748.75,296.22,31.68,12.47,496.68,389.47,94.74,19.07,12608.2,True,6,15.861120217564222,0.75,0.4161110815386818
ORD-352338,2021-06-14,16:06:49,Completed,Mobile App,CUST-008506,Angela Lopez,21,Male,Consumer,Loyal,North Jason,England,UK,North,92815,Buy Now Pay Later,Pending,GBP,Economy,WH-011,10.0,10.0,On Time,Not Returned,Not Applicable,3.8,Positive,Decent quality for the price.,Organic Search,Unknown Campaign,No Coupon,202,130,9,2007.28,353.25,330.8,38.23,2023.06,1158.29,826.54,40.86,7900.24,True,8,21.09516222948143,0.0535714285714286,0.26045489155716695
ORD-162009,2024-02-07,18:43:31,Completed,Website,CUST-019315,Timothy Sosa,55,Female,Consumer,Loyal,Meganberg,Pennsylvania,USA,East,5095,PayPal,Paid,USD,Standard,WH-012,4.0,4.0,On Time,Not Returned,Not Applicable,3.0,Neutral,Mixed feelings about this purchase.,Instagram,Unknown Campaign,No Coupon,168,155,6,1705.06,148.93,108.93,16.97,1682.0300000000002,808.44,856.62,50.93,9060.73,True,7,20.14342303432151,0.6607142857142857,0.2988234103873287
ORD-540327,2023-08-03,19:45:58,Completed,Marketplace,CUST-015016,April Walton,23,Female,Consumer,Loyal,West Omar,Pennsylvania,USA,East,43462,Debit Card,Paid,USD,Standard,WH-010,6.0,6.0,On Time,Not Returned,Not Applicable,3.7,Positive,Met my expectations. Would recommend.,YouTube,Unknown Campaign,No Coupon,144,139,6,1380.8200000000002,49.88,93.17,21.14,1445.25,611.3100000000001,812.8,56.24,14168.66,True,10,18.96595264893251,0.0892857142857143,0.4677035458371369
ORD-127103,2025-11-18,04:01:19,Completed,Mobile App,CUST-005850,Elizabeth Ramirez,21,Male,Consumer,Loyal,Port Jeffreystad,Pennsylvania,USA,East,29167,Cash on Delivery,Paid,USD,Standard,WH-003,7.0,7.0,On Time,Not Returned,Not Applicable,3.7,Positive,Satisfied with the purchase.,Referral,Friend_Invite,No Coupon,84,37,4,1080.04,299.7,54.63,9.96,844.93,572.78,262.19,31.03,13162.33,True,9,17.66587158113075,0.0535714285714286,0.4344319178572692
ORD-183883,2022-06-26,19:03:35,Completed,Social Media,CUST-000865,Drew Martinez,74,Male,Premium,Loyal,Andersonhaven,Victoria,Australia,South,69856,Buy Now Pay Later,Paid,AUD,Express,WH-016,1.0,1.0,On Time,Not Returned,Not Applicable,4.9,Positive,Great quality and fast shipping. Highly recommend!,Google Ads,Unknown Campaign,No Coupon,15,0,4,145.72,28.75,11.7,25.55,154.22,74.87,53.8,34.89,4287.509999999999,True,4,9.447999172897028,1.0,0.14100957187902222
ORD-836972,2022-05-27,00:13:51,Completed,Mobile App,CUST-000309,Adam Macias,32,Male,Consumer,Loyal,Martinland,Manitoba,Canada,Central,67942,Credit Card,Paid,CAD,Express,WH-015,1.0,1.0,On Time,Not Returned,Not Applicable,3.5,Positive,Good product. Works as expected.,Email Marketing,Unknown Campaign,No Coupon,81,60,9,742.0500000000001,77.49,86.38999999999999,60.39,811.3399999999999,291.93,459.02,56.58,9694.24,True,5,15.818758461071239,0.25,0.31976873552076
ORD-146305,2024-07-24,14:39:30,Completed,Social Media,CUST-014599,Christopher Griffith,58,Male,Business,Loyal,Linton,Florida,USA,South,63369,Credit Card,Paid,USD,Express,WH-005,2.0,2.0,On Time,Not Returned,Not Applicable,3.1,Neutral,Not what I expected but it's okay.,Organic Search,Default_Campaign,No Coupon,54,46,8,594.6800000000001,126.14,32.79,39.260000000000005,540.59,336.44000000000005,164.89,30.5,2525.95,True,5,14.803042523523219,0.7142857142857142,0.08276827033358912
ORD-695546,2023-12-03,05:09:15,Completed,Marketplace,CUST-011351,Rebecca Harris,38,Male,Premium,Loyal,West Robinbury,Michigan,USA,Central,42037,Bank Transfer,Paid,USD,Standard,WH-015,4.0,4.0,On Time,Not Returned,Not Applicable,4.1,Positive,Decent quality for the price.,Instagram,Insta_Reels,No Coupon,69,55,13,996.07,363.05,44.31,20.89,698.22,445.19999999999993,232.13,33.25,6452.46,True,7,17.253712923233362,0.3571428571428571,0.21258789210699372
ORD-174602,2024-03-05,12:00:03,Completed,Mobile App,CUST-019483,Jacqueline Obrien,74,Female,Consumer,Loyal,Calhounmouth,California,USA,West,89033,Digital Wallet,Paid,USD,Economy,WH-016,6.0,6.0,On Time,Not Returned,Not Applicable,3.8,Positive,Decent quality for the price.,Referral,Unknown Campaign,SAVE28,35,15,1,353.46,21.01,23.27,3.89,359.61,207.19,148.53,41.3,10655.76,True,12,12.613800099375295,1.0,0.35155883989527176
ORD-489522,2024-08-12,11:52:47,Completed,Mobile App,CUST-018564,Michael Reese,44,Male,Business,Loyal,Nicoleburgh,North Carolina,USA,South,88656,PayPal,Paid,USD,Standard,WH-018,7.0,7.0,On Time,Not Returned,Not Applicable,3.9,Positive,Good product. Works as expected.,Facebook Ads,Unknown Campaign,No Coupon,355,343,7,3594.63,299.17,230.68,26.94,3553.08,1799.85,1726.2900000000002,48.59,13045.57,True,11,24.806577777455544,0.4642857142857143,0.4305715586481337
ORD-258844,2025-10-20,04:55:17,Completed,Mobile App,CUST-020606,Heidi Maddox,54,Female,Business,Loyal,Cameronburgh,Illinois,USA,Central,5662,Debit Card,Paid,USD,Express,WH-019,2.0,2.0,On Time,Not Returned,Not Applicable,3.5,Positive,Decent quality for the price.,Instagram,Insta_Reels,SAVE22,64,42,6,637.56,56.7,40.67,23.84,645.37,382.02,239.51,37.11,2897.77,True,5,15.11680723408189,0.6428571428571428,0.09506151083667898
ORD-177943,2022-05-05,06:59:27,Cancelled,Mobile App,CUST-021587,Linda Gonzales,74,Female,Consumer,Loyal,Michelefurt,Northern Ireland,UK,West,18276,Cash on Delivery,Failed,GBP,Express,WH-016,,,Cancelled,Not Returned,Not Applicable,,,,Instagram,Unknown Campaign,SAVE29,0,0,7,1033.62,0.0,206.73,20.090000000000003,1260.44,434.18000000000006,806.1700000000001,63.96,7101.79,True,7,17.441187437571358,1.0,0.23405626351216646
ORD-613126,2021-03-20,16:38:48,Completed,Mobile App,CUST-022715,Lisa Wong,60,Male,Business,Returning,Nicholsonberg,Georgia,USA,South,56773,Credit Card,Paid,USD,Economy,WH-001,8.0,8.0,On Time,Not Returned,Not Applicable,3.7,Positive,Decent quality for the price.,Email Marketing,Unknown Campaign,No Coupon,232,209,11,2309.91,181.49,148.98,43.13,2320.53,1180.77,1096.63,47.26,4342.07,True,2,21.943855067448784,0.75,0.14281345333200643
ORD-560717,2021-10-04,08:16:53,Completed,Website,CUST-011758,Andrew Curry,70,Male,Consumer,Loyal,Hardintown,New York,USA,East,816,Buy Now Pay Later,Paid,USD,Standard,WH-014,6.0,6.0,On Time,Not Returned,Not Applicable,3.7,Positive,Good value for money.,Direct,Unknown Campaign,SAVE44,178,125,8,1872.8800000000003,220.93,115.64,21.44,1789.0300000000002,1123.75,643.8399999999999,35.99,7909.29,True,7,20.6865039722385,0.9285714285714286,0.2607541057644526
ORD-161531,2023-04-02,01:48:40,Completed,Mobile App,CUST-001047,Carrie Hatfield,45,Male,VIP,Loyal,Sarahfort,California,USA,West,99710,Bank Transfer,Paid,USD,Standard,WH-007,6.0,6.0,On Time,Not Returned,Not Applicable,3.2,Neutral,Average product. Could be better.,Referral,Unknown Campaign,No Coupon,102,8,7,1198.33,241.75,66.96,6.43,1029.97,505.68,517.86,50.28,9011.76,True,8,18.20672788752313,0.4821428571428571,0.2972043474336513
ORD-286711,2025-06-22,21:01:10,Completed,Mobile App,CUST-014579,Katherine Hernandez,47,Female,Consumer,Loyal,East Feliciaport,Baden-Württemberg,Germany,South,79986,Buy Now Pay Later,Pending,EUR,Economy,WH-015,4.0,5.0,Early,Not Returned,Not Applicable,3.6,Positive,Good product. Works as expected.,Email Marketing,Abandoned_Cart,No Coupon,5,1,1,43.68,3.11,7.71,2.69,50.97,17.91,30.37,59.58,9567.36,True,8,6.073879187408179,0.5178571428571428,0.3155737853969581
ORD-140691,2025-08-10,12:57:30,Completed,Mobile App,CUST-021858,Kimberly Pruitt,71,Male,Premium,Returning,Erinbury,Georgia,USA,South,18497,Credit Card,Paid,USD,Express,WH-010,1.0,2.0,Early,Not Returned,Not Applicable,4.1,Positive,Met my expectations. Would recommend.,Google Ads,Unknown Campaign,No Coupon,52,12,5,497.5,17.060000000000002,33.63,12.86,526.93,245.87,268.2,50.9,1063.96,True,3,14.02194886108689,0.9464285714285714,0.03443145498446235
ORD-147492,2021-08-12,04:44:38,Completed,Mobile App,CUST-013477,Travis Williams,33,Male,Consumer,Loyal,Albertfurt,Illinois,USA,Central,31460,Credit Card,Paid,USD,Economy,WH-009,10.0,10.0,On Time,Not Returned,Not Applicable,4.1,Positive,Met my expectations. Would recommend.,Organic Search,Unknown Campaign,SAVE36,71,22,6,749.01,88.95,46.2,7.43,713.6899999999999,260.69,445.5700000000001,62.43,6930.2,True,8,15.862758247525253,0.2678571428571429,0.2283830960173432
ORD-811580,2021-10-13,05:58:41,Completed,Mobile App,CUST-004075,Nicholas Rivas,39,Male,Premium,Loyal,Lake Robertbury,Alberta,Canada,Central,68304,PayPal,Paid,CAD,Same Day,WH-015,0.0,0.0,On Time,Not Returned,Not Applicable,2.7,Neutral,Mixed feelings about this purchase.,Organic Search,Unknown Campaign,SAVE49,294,112,10,2912.26,380.72,329.1,82.99,2943.63,1380.94,1479.7,50.27,15793.88,True,9,23.40683315632589,0.375,0.5214371274907103
ORD-497939,2025-08-21,13:20:27,Pending,Mobile App,CUST-018128,Jennifer Adams,64,Male,Premium,Loyal,Deniseview,Pennsylvania,USA,East,53497,Bank Transfer,Failed,USD,Express,WH-004,,,Cancelled,Not Returned,Not Applicable,,,,Instagram,Unknown Campaign,No Coupon,0,0,7,2297.96,85.84,154.85000000000002,27.31,2394.28,1089.78,1277.19,53.34,10175.03,True,9,21.912008722067743,0.8214285714285714,0.3356647795783163
ORD-703768,2025-12-20,00:41:38,Completed,Social Media,CUST-002292,Jasmine Pratt,50,Male,Premium,Loyal,Audreytown,Northern Ireland,UK,West,94171,Credit Card,Paid,GBP,Express,WH-016,3.0,3.0,On Time,Not Returned,Not Applicable,3.6,Positive,Good product. Works as expected.,Organic Search,Default_Campaign,No Coupon,48,20,4,918.44,523.49,78.99,9.52,483.46,459.2,14.74,3.05,3874.91,True,5,16.848284456941315,0.5714285714285714,0.12736804901426277
ORD-502590,2024-06-05,17:14:36,Completed,Website,CUST-022417,Kristine Reed,43,Female,Premium,Loyal,Robinsonburgh,North Rhine,Germany,West,91807,PayPal,Pending,EUR,Express,WH-012,3.0,3.0,On Time,Not Returned,Not Applicable,4.1,Positive,Good product. Works as expected.,Organic Search,Unknown Campaign,No Coupon,196,89,10,2043.27,405.57,311.17,13.12,1961.99,1000.57,948.3,48.33,4423.81,True,6,21.201025105510254,0.4464285714285714,0.14551596927714808
ORD-733591,2023-12-06,12:29:20,Completed,Website,CUST-009130,Jennifer Larson,62,Female,Consumer,Loyal,Patricktown,Michigan,USA,Central,87702,Credit Card,Pending,USD,Standard,WH-006,8.0,6.0,Delayed,Not Returned,Not Applicable,2.9,Neutral,Product has some issues but it works.,Google Ads,Unknown Campaign,No Coupon,102,20,5,1116.87,186.62,65.11,26.08,1021.44,540.44,454.92,44.54,11095.22,True,9,17.838934778268456,0.7857142857142856,0.3660884173023178
ORD-144311,2023-05-30,04:15:46,Completed,Marketplace,CUST-023645,Juan Johnson,54,Female,Consumer,Loyal,East Marymouth,Florida,USA,South,65317,Buy Now Pay Later,Paid,USD,Economy,WH-006,6.0,6.0,On Time,Not Returned,Not Applicable,2.9,Neutral,Not what I expected but it's okay.,Direct,Unknown Campaign,No Coupon,79,78,1,747.72,11.97,51.5,3.12,790.37,385.3,401.95,50.86,4377.84,True,6,15.854626816035108,0.6428571428571428,0.14399609335351019
ORD-240819,2024-03-21,08:59:04,Completed,Mobile App,CUST-013912,Jesse Curry,72,Male,Business,Loyal,Nguyenshire,Ohio,USA,Central,70534,Debit Card,Paid,USD,Standard,WH-017,7.0,5.0,Delayed,Not Returned,Not Applicable,3.7,Positive,Good product. Works as expected.,Google Ads,Unknown Campaign,No Coupon,58,49,5,601.55,86.08,36.09,32.099999999999994,583.6600000000001,255.23,296.33,50.77,5281.44,True,7,14.854453061523817,0.9642857142857142,0.1738712268013935
ORD-494791,2023-10-22,19:12:06,Cancelled,Mobile App,CUST-005054,Denise Baker,71,Male,Consumer,Loyal,Adrianaview,North Carolina,USA,South,76297,Digital Wallet,Failed,USD,Standard,WH-006,,,Cancelled,Not Returned,Not Applicable,,,,Referral,Unknown Campaign,No Coupon,0,0,8,1869.15,0.0,130.83999999999995,32.49,2032.48,1189.36,810.63,39.88,9359.43,True,7,20.674846487415962,0.9464285714285714,0.3086991323449236
ORD-905453,2023-12-02,18:00:48,Completed,Mobile App,CUST-021658,Tyler Mills,54,Female,Business,Loyal,Lake Alantown,Texas,USA,South,57111,Cash on Delivery,Paid,USD,Standard,WH-016,7.0,7.0,On Time,Not Returned,Not Applicable,3.5,Positive,Met my expectations. Would recommend.,Direct,Default_Campaign,SAVE29,178,39,5,2648.0600000000004,1006.26,114.93,30.62,1787.35,1189.34,567.39,31.74,4736.01,True,6,22.796773534183075,0.6428571428571428,0.1558380328699205
ORD-312184,2025-03-05,00:17:33,Completed,Mobile App,CUST-021845,Mark Wilson,44,Female,Premium,Loyal,Millsmouth,South Australia,Australia,South,52536,Credit Card,Paid,AUD,Standard,WH-012,6.0,6.0,On Time,Not Returned,Not Applicable,3.9,Positive,Good product. Works as expected.,Email Marketing,Unknown Campaign,No Coupon,179,80,4,1786.6,198.19,158.84,44.91,1792.16,913.23,834.02,46.54,9430.83,True,10,20.41217130970882,0.4642857142857143,0.31105978365986253
ORD-501659,2024-12-07,01:46:19,Completed,Marketplace,CUST-007283,Kevin Castillo,30,Female,Consumer,Loyal,Lake William,Illinois,USA,Central,11182,Credit Card,Paid,USD,Standard,WH-017,4.0,4.0,On Time,Not Returned,Not Applicable,3.7,Positive,Decent quality for the price.,Direct,Default_Campaign,SAVE27,44,44,5,520.23,128.89,27.4,29.65,448.39,286.62,132.12,29.47,17114.78,True,11,14.214467107627794,0.2142857142857143,0.5651091768170815
ORD-364062,2021-08-29,09:34:13,Completed,Marketplace,CUST-019331,Kathy Phillips,34,Male,Consumer,Loyal,Douglasville,Georgia,USA,South,32659,Digital Wallet,Paid,USD,Express,WH-009,2.0,2.0,On Time,Not Returned,Not Applicable,4.0,Positive,Good value for money.,Organic Search,Default_Campaign,SAVE37,39,2,2,379.26,21.69,25.03,14.66,397.26,224.82,157.78,39.72,4285.59,True,6,12.894868310928823,0.2857142857142857,0.140946092179797
ORD-636031,2023-04-05,20:02:36,Completed,Social Media,CUST-012578,Kylie Li,22,Male,VIP,Loyal,Kellyton,California,USA,West,3672,Credit Card,Paid,USD,Economy,WH-018,6.0,6.0,On Time,Not Returned,Not Applicable,4.1,Positive,Good value for money.,Organic Search,Default_Campaign,No Coupon,47,46,3,550.85,119.22,30.22,13.37,475.22,207.5,254.35,53.52,4681.73,True,6,14.463881010820332,0.07142857142857145,0.15404340887307333
ORD-843552,2024-03-08,21:29:21,Completed,Mobile App,CUST-017909,Meghan Preston,44,Female,Premium,Loyal,West Amy,California,USA,West,34812,PayPal,Paid,USD,Standard,WH-001,5.0,5.0,On Time,Not Returned,Not Applicable,4.0,Positive,Satisfied with the purchase.,Google Ads,Unknown Campaign,SAVE16,145,74,8,1580.96,244.58,93.55,21.15,1451.08,811.85,618.08,42.59,16028.18,True,10,19.71485913245428,0.4642857142857143,0.5291836345367916
ORD-449974,2025-11-30,00:42:10,Completed,Mobile App,CUST-002580,Dawn Martinez,45,Male,Consumer,Loyal,Hornehaven,Illinois,USA,Central,87148,Digital Wallet,Paid,USD,Standard,WH-004,3.0,3.0,On Time,Not Returned,Not Applicable,3.4,Neutral,Quality could be improved.,Google Ads,Unknown Campaign,No Coupon,16,7,8,226.96,78.43,10.39,9.61,168.53,107.36,51.56,30.59,5526.32,True,7,10.94894331081652,0.4821428571428571,0.18196753344008063
ORD-559436,2025-07-15,22:11:19,Completed,Mobile App,CUST-006733,William Riley,31,Male,Business,Returning,North Nicolas,Michigan,USA,Central,34536,Credit Card,Paid,USD,Standard,WH-007,4.0,4.0,On Time,Not Returned,Not Applicable,3.6,Positive,Satisfied with the purchase.,Facebook Ads,FB_Prospecting,No Coupon,100,96,5,1181.77,267.82,63.98,27.21,1005.14,560.69,417.24000000000007,41.51,1389.6999999999998,True,2,18.133544798788435,0.2321428571428571,0.04520118270614618
ORD-942354,2021-03-12,23:35:55,Completed,Mobile App,CUST-020881,Thomas Munoz,65,Male,Consumer,Loyal,North Maureenhaven,Ohio,USA,Central,18592,Credit Card,Paid,USD,Standard,WH-009,6.0,6.0,On Time,Not Returned,Not Applicable,3.9,Positive,"Product is okay, nothing special but works.",Organic Search,Unknown Campaign,No Coupon,476,383,9,4787.91,379.46,308.59,48.61,4765.650000000001,2489.31,2227.73,46.75,9993.85,True,7,26.827138735116204,0.8392857142857142,0.3296745442108002
ORD-207068,2023-10-22,13:48:13,Completed,Website,CUST-004102,Frances Sexton,74,Female,Consumer,Loyal,Port Susanview,California,USA,West,61634,Credit Card,Paid,USD,Express,WH-013,1.0,1.0,On Time,Not Returned,Not Applicable,3.9,Positive,"Product is okay, nothing special but works.",Facebook Ads,FB_Dynamic,No Coupon,135,2,5,1351.2199999999998,131.65,85.37,45.63,1350.5700000000002,537.97,766.97,56.79,9298.04,True,10,18.84824745376608,1.0,0.30666943508688294
ORD-108664,2024-06-19,02:52:33,Completed,Mobile App,CUST-023455,Jesse Bradley,41,Female,VIP,Loyal,North Adam,Pennsylvania,USA,East,24547,Digital Wallet,Paid,USD,Express,WH-008,1.0,1.0,On Time,Not Returned,Not Applicable,3.8,Positive,"Product is okay, nothing special but works.",Direct,Default_Campaign,No Coupon,6,1,1,50.61,1.93,3.41,12.15,64.24,20.58,31.51,49.05,4423.69,True,4,6.437023898210857,0.4107142857142857,0.14551200179594648
ORD-799704,2023-06-05,01:09:56,Completed,Website,CUST-007566,Pamela Benitez,61,Female,Consumer,Loyal,Summerstown,Ohio,USA,Central,14580,Digital Wallet,Paid,USD,Standard,WH-016,8.0,4.0,Delayed,Not Returned,Not Applicable,2.7,Neutral,Average product. Could be better.,Facebook Ads,FB_Dynamic,No Coupon,35,20,4,330.68,2.54,22.97,5.69,356.8,158.08,193.03,54.1,3617.46,True,7,12.352257469382822,0.7678571428571428,0.11885614871971036
ORD-616622,2023-01-07,06:15:45,Cancelled,Mobile App,CUST-005627,Phillip Anderson,44,Male,Consumer,Loyal,Anthonychester,Texas,USA,South,89219,Digital Wallet,Failed,USD,Express,WH-003,,,Cancelled,Not Returned,Not Applicable,,,,Organic Search,Unknown Campaign,No Coupon,0,0,6,1247.16,0.0,87.31,57.8,1392.27,468.26,866.21,62.22,7661.52,True,10,18.418105876671795,0.4642857142857143,0.2525622489534942
ORD-433253,2021-12-26,08:24:39,Completed,Website,CUST-003057,Cody Sanchez,50,Male,Consumer,Loyal,Stephanieshire,Hesse,Germany,Central,2116,Buy Now Pay Later,Paid,EUR,Standard,WH-007,6.0,6.0,On Time,Not Returned,Not Applicable,3.6,Positive,"Product is okay, nothing special but works.",Referral,Unknown Campaign,No Coupon,144,61,5,2013.37,809.74,228.69,10.19,1442.51,995.07,437.25,30.31,13361.34,True,9,21.113177265253352,0.5714285714285714,0.4410116548066531
ORD-634195,2021-10-19,19:01:55,Completed,Website,CUST-020321,Mark Drake,20,Male,Consumer,Loyal,New Ethan,Western Australia,Australia,West,24892,Credit Card,Pending,AUD,Economy,WH-005,7.0,7.0,On Time,Not Returned,Not Applicable,3.4,Neutral,Product has some issues but it works.,Facebook Ads,Unknown Campaign,No Coupon,5,0,1,51.65,1.94,4.97,5.22,59.9,24.88,29.8,49.75,6925.91,True,8,6.488177989991589,0.0357142857142857,0.22824125856438676
ORD-146962,2024-10-02,22:21:10,Completed,Website,CUST-021234,Chelsea Carpenter,56,Male,VIP,Loyal,Hurleyhaven,California,USA,West,95910,Credit Card,Paid,USD,Standard,WH-015,4.0,4.0,On Time,Not Returned,Not Applicable,4.2,Positive,Satisfied with the purchase.,Instagram,Insta_Reels,No Coupon,34,20,3,415.74,100.6,22.06,6.12,343.32000000000005,180.43,156.77,45.66,8494.56,True,8,13.268296547780638,0.6785714285714286,0.28010450345484955
ORD-452950,2021-08-19,01:54:28,Cancelled,Mobile App,CUST-008879,Theresa Leon,52,Female,Premium,Loyal,South Rachelfurt,New South Wales,Australia,East,97892,Credit Card,Failed,AUD,Express,WH-006,,,Cancelled,Not Returned,Not Applicable,,,,Organic Search,Unknown Campaign,SAVE45,0,0,7,906.89,0.0,90.7,54.68000000000001,1052.27,449.46,548.13,52.09,13226.4,True,6,16.78574271874184,0.6071428571428571,0.43655022219547845
ORD-969087,2024-10-01,18:48:36,Completed,Website,CUST-000131,Gregory Lang,23,Female,Consumer,Loyal,Brianberg,Michigan,USA,Central,77389,Cash on Delivery,Paid,USD,Standard,WH-008,3.0,5.0,Early,Not Returned,Not Applicable,4.2,Positive,Good value for money.,Direct,Default_Campaign,SAVE17,276,250,10,3059.24,505.07,178.79,35.099999999999994,2768.06,1622.62,1110.34,40.11,10010.44,True,8,23.728062196351523,0.0892857142857143,0.3302230484869184
ORD-608946,2024-11-24,07:18:23,Cancelled,Mobile App,CUST-015365,Allison Myers,51,Male,Consumer,Loyal,Robertborough,North Carolina,USA,South,32283,Debit Card,Failed,USD,Standard,WH-004,,,Cancelled,Not Returned,Not Applicable,,,,Direct,Default_Campaign,No Coupon,0,0,8,916.78,0.0,64.17,50.66,1031.61,424.04,556.91,53.98,8125.72,True,7,16.839332962490023,0.5892857142857143,0.26790978873493226
ORD-666870,2022-06-11,23:34:29,Completed,Website,CUST-003286,Christine Cunningham,57,Male,Consumer,Loyal,West Heidi,Florida,USA,South,5898,Debit Card,Paid,USD,Express,WH-011,1.0,2.0,Early,Not Returned,Not Applicable,3.8,Positive,Decent quality for the price.,TikTok,Default_Campaign,No Coupon,137,93,10,1505.8,256.65,87.43,36.52,1373.1,578.1999999999999,758.3800000000001,55.23,7460.31,True,6,19.442621413341744,0.6964285714285714,0.24590977484874807
ORD-710386,2023-05-06,10:37:16,Completed,Marketplace,CUST-007265,Max Cole,45,Female,VIP,Loyal,Michaelmouth,North Carolina,USA,South,67206,Debit Card,Pending,USD,Standard,WH-016,7.0,7.0,On Time,Not Returned,Not Applicable,3.5,Positive,Decent quality for the price.,Organic Search,Unknown Campaign,No Coupon,35,2,2,347.05,18.57,23.0,6.2,357.68,127.51,223.97,62.62,14974.3,True,12,12.541542382222877,0.4821428571428571,0.4943398921307986
ORD-242884,2021-12-11,20:28:57,Completed,Mobile App,CUST-010896,Amanda Cantrell,20,Male,Premium,Loyal,Lake Kristinafort,Bavaria,Germany,South,71390,Digital Wallet,Paid,EUR,Standard,WH-016,7.0,7.0,On Time,Not Returned,Not Applicable,3.7,Positive,"Product is okay, nothing special but works.",Email Marketing,Unknown Campaign,No Coupon,68,64,4,900.0999999999999,326.78000000000003,108.93,3.87,686.12,473.32,208.93,30.45,22311.31,True,9,16.748690616696912,0.0357142857142857,0.7369186358873884
ORD-374370,2022-04-11,13:31:38,Cancelled,Website,CUST-012444,Frank Holmes,63,Male,Consumer,Loyal,Colemanstad,Texas,USA,South,32446,Bank Transfer,Failed,USD,Economy,WH-009,,,Cancelled,Not Returned,Not Applicable,,,,Direct,Default_Campaign,No Coupon,0,0,6,1775.06,0.0,124.25,31.46,1930.77,891.39,1007.92,52.2,10459.73,True,8,20.374714690456017,0.8035714285714286,0.3450776287290604
ORD-308529,2024-06-15,14:31:33,Completed,Mobile App,CUST-011029,Jeremy Charles,66,Female,Consumer,Loyal,West Robert,Wales,UK,West,63469,Cash on Delivery,Paid,GBP,Express,WH-011,2.0,2.0,On Time,Not Returned,Not Applicable,3.3,Neutral,Product has some issues but it works.,Organic Search,Default_Campaign,No Coupon,116,54,2,1054.64,90.53,192.82,12.77,1169.7,632.2,524.73,44.86,11560.84,True,8,17.54386665339387,0.8571428571428572,0.3814829056113079
ORD-698900,2023-03-02,22:32:36,Pending,Mobile App,CUST-013984,David Grimes,31,Male,Premium,Loyal,Bradleyton,North Carolina,USA,South,48650,PayPal,Failed,USD,Express,WH-011,,,Cancelled,Not Returned,Not Applicable,,,,Direct,Default_Campaign,SAVE14,0,0,7,2805.13,166.95000000000002,184.67,24.31,2847.16,1450.44,1372.41,48.2,4994.57,True,4,23.164785117534173,0.2321428571428571,0.1643866323655875
ORD-659675,2024-10-17,20:04:06,Completed,Website,CUST-016896,Tracey Ayers,68,Male,Business,Loyal,South Josestad,North Carolina,USA,South,34097,Debit Card,Paid,USD,Standard,WH-006,7.0,7.0,On Time,Not Returned,Not Applicable,3.6,Positive,"Product is okay, nothing special but works.",Affiliate,Unknown Campaign,No Coupon,28,2,3,253.62,5.07,17.4,21.06,287.01,136.49,129.46,45.11,6351.8,True,8,11.350243284890844,0.8928571428571428,0.2092598366257366
ORD-582033,2025-11-28,02:38:49,Completed,Website,CUST-001549,Jessica Miller,23,Female,Business,Loyal,Williamsborough,California,USA,West,90772,Credit Card,Paid,USD,Economy,WH-014,8.0,6.0,Delayed,Not Returned,Not Applicable,3.7,Positive,Met my expectations. Would recommend.,Direct,Default_Campaign,No Coupon,25,11,4,312.45000000000005,92.17,15.419999999999998,18.68,254.38,113.36,122.34,48.09,19821.59,True,12,12.13282594305078,0.0892857142857143,0.6546026584107791
ORD-226501,2021-08-21,13:11:40,Cancelled,Mobile App,CUST-011343,Melanie May,28,Male,Consumer,Loyal,Brianstad,California,USA,West,4496,Bank Transfer,Failed,USD,Standard,WH-002,,,Cancelled,Not Returned,Not Applicable,,,,Instagram,Unknown Campaign,No Coupon,0,0,9,1502.75,0.0,105.18,18.17,1626.1,715.0,892.9300000000001,54.91,4868.73,True,5,19.43135627464341,0.1785714285714286,0.1602260670788659
ORD-702245,2021-10-04,13:56:08,Returned,Mobile App,CUST-008345,Rhonda Green,36,Female,VIP,Loyal,North Tammy,Queensland,Australia,North,45586,PayPal,Refunded,AUD,Express,WH-009,,,Cancelled,Returned,Wrong Product,,,,Direct,Default_Campaign,No Coupon,0,0,6,2055.94,0.0,205.59,38.85,2300.38,941.5,1320.03,57.38,11020.26,True,10,21.237953560013672,0.3214285714285714,0.3636100640450653
ORD-400874,2024-01-13,16:52:21,Returned,Website,CUST-021251,Cheryl Morgan,56,Female,VIP,Loyal,East Lauraport,Georgia,USA,South,45871,Cash on Delivery,Refunded,USD,Standard,WH-009,,,Cancelled,Returned,Size Issue,,,,Referral,Referral_Program,No Coupon,0,0,6,729.94,0.0,51.09,23.99,805.02,350.67,430.36,53.46,4866.91,True,4,15.741442373570624,0.6785714285714286,0.16016589361397532
ORD-227437,2021-08-15,02:11:40,Completed,Mobile App,CUST-022037,Malik Smith,28,Female,Consumer,Loyal,Daniellemouth,Florida,USA,South,90716,PayPal,Pending,USD,Standard,WH-016,7.0,7.0,On Time,Not Returned,Not Applicable,4.3,Positive,Good value for money.,TikTok,Unknown Campaign,SAVE11,144,66,4,1563.42,233.18,93.11,20.55,1443.9,866.34,557.01,38.58,10786.42,True,8,19.652228512660795,0.1785714285714286,0.3558787656769234
ORD-779607,2021-10-03,00:41:09,Completed,Website,CUST-006406,Angela Miranda,47,Female,Premium,Loyal,North Joshua,Georgia,USA,South,91661,Credit Card,Paid,USD,Standard,WH-002,4.0,4.0,On Time,Not Returned,Not Applicable,4.4,Positive,Met my expectations. Would recommend.,Direct,Unknown Campaign,No Coupon,78,26,6,845.95,132.88,49.900000000000006,20.610000000000003,783.58,396.11,366.86,46.82,5241.01,True,7,16.44527282970397,0.5178571428571428,0.17253451625989516
